{
	"name" : "Upshot",
	"displayname" : "",
	"version" : "1.1.2",
	"author" : "Benjamin Van Esser",
	"authors" : [  ],
	"description" : "Upshot is a  package of audio effects, event generators, trackers, instruments and many other tools/utilities for building generative patchers.",
	"tags" : [ "live electronics", "generative electronics", "audio effects", "samplers", "generators", "instruments", "trackers", "midi utilities" ],
	"website" : "http://github.com/benjaminvanesser/upshot",
	"extends" : "",
	"extensible" : 0,
	"max_version_min" : "8.1.0",
	"max_version_max" : "none",
	"os" : 	{
		"macintosh" : 		{
			"min_version" : "none",
			"platform" : [ "x64" ]
		}
,
		"windows" : 		{
			"min_version" : "none",
			"platform" : [ "x64" ]
		}

	}
,
	"homepatcher" : "upshot_overview.maxpat",
	"filelist" : 	{
		"examples" : [ "Example01_LoopGranular.maxpat", "Example01_presets.json", "Example02_PeacefulRainMeditation.maxpat", "Example02_presets.json", "Example03_FrozenCello.maxpat", "Example03_presets.json", "Example04_Draw.maxpat", "Example04_presets.json", "Example05_GenerativeLoops.maxpat", "Example05_presets.json", "Example06_CollatzSequence.maxpat", "Example06_presets.json", "Example07_GlitchWaves.maxpat", "Example07_presets.json", "Example08_presets.json", "Example08_VibeSlices.maxpat", "Example09_MezzoDiCorde.maxpat", "Example09_presets.json", "Example10_BlackBeat.maxpat", "Example10_presets.json", "Example11_IdeaK.maxpat", "Example11_presets.json", "Example12_ConvergingChords.maxpat", "Example12_presets.json", "Example13_MicroPercussion.maxpat", "Example13_presets.json" ],
		"patchers" : [ "upshot_16chanpanner.maxpat", "upshot_1bitprobability.maxpat", "upshot_247.maxpat", "upshot_2chanpanner/pan2mod.maxpat", "upshot_2chanpanner/upshot_2chanpanner.maxpat", "upshot_4chanpanner.maxpat", "upshot_7bitprobability.maxpat", "upshot_8chanmonomixer.maxpat", "upshot_8chanpanner.maxpat", "upshot_8chanstereomixer.maxpat", "upshot_alpha/Headphones1.png", "upshot_alpha/upshot_alpha.maxpat", "upshot_amplitudefollower.maxpat", "upshot_artefacts.maxpat", "upshot_attackdetection.maxpat", "upshot_audiofileplayer.maxpat", "upshot_audiofootswitch.maxpat", "upshot_autocontrol.maxpat", "upshot_autotune/upshot_autotune.maxpat", "upshot_autotune/us.retune", "upshot_beams.maxpat", "upshot_bitcrusher.maxpat", "upshot_blobtracking.maxpat", "upshot_bursts.maxpat", "upshot_cameraad.maxpat", "upshot_chordmorpher/sinespoly.maxpat", "upshot_chordmorpher/upshot_chordmorpher.maxpat", "upshot_chords/upshot_chords.maxpat", "upshot_chords/us.chords", "upshot_clicker.maxpat", "upshot_collatz/upshot_collatz.maxpat", "upshot_collatz/us.collatz.txt", "upshot_collide/upshot_collide.maxpat", "upshot_colortracking.maxpat", "upshot_compare.maxpat", "upshot_compressor.maxpat", "upshot_cues/autobp.maxpat", "upshot_cues/upshot_cues.maxpat", "upshot_delay.maxpat", "upshot_density.maxpat", "upshot_distortion.maxpat", "upshot_divisions.maxpat", "upshot_draw/drawsynth.maxpat", "upshot_draw/upshot_draw.maxpat", "upshot_dynamicstutter.maxpat", "upshot_easyarp/upshot_easyarp.maxpat", "upshot_easyarp/us.chords", "upshot_easyverb/upshot_easyverb.maxpat", "upshot_easyverb/us.yafr2.maxpat", "upshot_echo.maxpat", "upshot_echternach/upshot_echternach.maxpat", "upshot_echternach/usechternach_notecell.maxpat", "upshot_endlessreverb/upshot_endlessreverb.maxpat", "upshot_endlessreverb/yafr3.maxpat", "upshot_envelope.maxpat", "upshot_fauxstereo.maxpat", "upshot_filter.maxpat", "upshot_freeze/2-stochastic-freeze-8frames", "upshot_freeze/freeze8.pfft.maxpat", "upshot_freeze/upshot_freeze.maxpat", "upshot_gate.maxpat", "upshot_getIP.maxpat", "upshot_glitch.maxpat", "upshot_glitchchorus.maxpat", "upshot_glitchlooper.maxpat", "upshot_gol/randvaluecalc.maxpat", "upshot_gol/Ulto-Conway.txt", "upshot_gol/upshot_gameoflife.maxpat", "upshot_granular/rgrano_li_u.maxpat", "upshot_granular/ulto_rgrano_li.maxpat", "upshot_granular/upshot_granular.maxpat", "upshot_hold.maxpat", "upshot_input.maxpat", "upshot_kitt.maxpat", "upshot_limiter.maxpat", "upshot_looper.maxpat", "upshot_lpcontrol.maxpat", "upshot_manualarp.maxpat", "upshot_many2one.maxpat", "upshot_mapping.maxpat", "upshot_metronome.maxpat", "upshot_microlooper.maxpat", "upshot_midifileplayer.maxpat", "upshot_midifootswitch.maxpat", "upshot_midiin.maxpat", "upshot_midiout.maxpat", "upshot_monosynth.maxpat", "upshot_morse/morse.txt", "upshot_morse/upshot_morse.maxpat", "upshot_musicaltyping/drawsynth.maxpat", "upshot_musicaltyping/upshot_musicaltyping.maxpat", "upshot_nodes.maxpat", "upshot_noisegenerator.maxpat", "upshot_output.maxpat", "upshot_patterns/patterns_bpatcher.maxpat", "upshot_patterns/patterns_pattern.maxpat", "upshot_patterns/patterns_step.maxpat", "upshot_patterns/upshot_patterns.maxpat", "upshot_peacefulpiano.maxpat", "upshot_phaselope/upshot_phaselooper.maxpat", "upshot_phaselope/upshot_phaselope.maxpat", "upshot_phaselope/us.noise.aif", "upshot_phaselope/us.sawdown.aif", "upshot_phaselope/us.sawup.aif", "upshot_phaselope/us.sine.aif", "upshot_phaselope/us.square.aif", "upshot_phaselope/us.triangle.aif", "upshot_phaselope/uslfo.maxpat", "upshot_phaser.maxpat", "upshot_pi.maxpat", "upshot_pingpongdelay/mtsdelay.maxpat", "upshot_pingpongdelay/upshot_pingpong.maxpat", "upshot_pitchdetection.maxpat", "upshot_pitchshifter.maxpat", "upshot_playlist.maxpat", "upshot_polysynth/fmsynthpoly.maxpat", "upshot_polysynth/upshot_polysynth.maxpat", "upshot_quantizer.maxpat", "upshot_rain.maxpat", "upshot_recnplay.maxpat", "upshot_record.maxpat", "upshot_repeat.maxpat", "upshot_reverb/upshot_reverb.maxpat", "upshot_reverb/us.yafr2.maxpat", "upshot_reversedelay/revdel.maxpat", "upshot_reversedelay/upshot_reversedelay.maxpat", "upshot_reversestretch.maxpat", "upshot_ringmodulator.maxpat", "upshot_sampler.maxpat", "upshot_scale.maxpat", "upshot_scalequantizer.maxpat", "upshot_shortstretch.maxpat", "upshot_slicer/newslicrpoly.maxpat", "upshot_slicer/upshot_slicer.maxpat", "upshot_smooth.maxpat", "upshot_snake.maxpat", "upshot_speakertest.maxpat", "upshot_stepsequencer.maxpat", "upshot_stutter.maxpat", "upshot_texttospeech.maxpat", "upshot_touchoscaccelerometer.maxpat", "upshot_trackpadxy.maxpat", "upshot_transport.maxpat", "upshot_truerandom.maxpat", "upshot_udp.maxpat", "upshot_uselessbutton.maxpat", "upshot_velocityreplacer.maxpat", "upshot_wavelope.maxpat", "upshot_waveshapedistortion/upshot_waveshapedistortion.maxpat", "upshot_waveshapedistortion/wsL", "us.scales.txt", "upshot_zerogravity/gravity.js", "upshot_zerogravity/upshot_zerogravity.maxpat", "upshot_zerogravity/zgcgravity.maxpat" ],
		"help" : [ "upshot_16chanpanner.maxhelp", "upshot_1bitprobability.maxhelp", "upshot_247.maxhelp", "upshot_2chanpanner.maxhelp", "upshot_4chanpanner.maxhelp", "upshot_7bitprobability.maxhelp", "upshot_8chanmonomixer.maxhelp", "upshot_8chanpanner.maxhelp", "upshot_8chanstereomixer.maxhelp", "upshot_alpha.maxhelp", "upshot_amplitudefollower.maxhelp", "upshot_artefacts.maxhelp", "upshot_attackdetection.maxhelp", "upshot_audiofileplayer.maxhelp", "upshot_audiofootswitch.maxhelp", "upshot_autocontrol.maxhelp", "upshot_autotune.maxhelp", "upshot_beams.maxhelp", "upshot_bitcrusher.maxhelp", "upshot_blobtracking.maxhelp", "upshot_bursts.maxhelp", "upshot_cameraad.maxhelp", "upshot_chordmorpher.maxhelp", "upshot_chords.maxhelp", "upshot_clicker.maxhelp", "upshot_collatz.maxhelp", "upshot_collide.maxhelp", "upshot_colortracking.maxhelp", "upshot_compare.maxhelp", "upshot_compressor.maxhelp", "upshot_cues.maxhelp", "upshot_delay.maxhelp", "upshot_density.maxhelp", "upshot_distortion.maxhelp", "upshot_divisions.maxhelp", "upshot_draw.maxhelp", "upshot_dynamicstutter.maxhelp", "upshot_easyarp.maxhelp", "upshot_easyverb.maxhelp", "upshot_echo.maxhelp", "upshot_echternach.maxhelp", "upshot_endlessreverb.maxhelp", "upshot_envelope.maxhelp", "upshot_fauxstereo.maxhelp", "upshot_filter.maxhelp", "upshot_freeze.maxhelp", "upshot_gameoflife.maxhelp", "upshot_gate.maxhelp", "upshot_getIP.maxhelp", "upshot_glitch.maxhelp", "upshot_glitchchorus.maxhelp", "upshot_glitchlooper.maxhelp", "upshot_granulator.maxhelp", "upshot_hold.maxhelp", "upshot_input.maxhelp", "upshot_kitt.maxhelp", "upshot_launchpadcontrol.maxhelp", "upshot_limiter.maxhelp", "upshot_looper.maxhelp", "upshot_manualarp.maxhelp", "upshot_many2one.maxhelp", "upshot_mapping.maxhelp", "upshot_metronome.maxhelp", "upshot_microlooper.maxhelp", "upshot_midi-in.maxhelp", "upshot_midi-out.maxhelp", "upshot_midifileplayer.maxhelp", "upshot_midifootswitch.maxhelp", "upshot_monosynth.maxhelp", "upshot_morse.maxhelp", "upshot_musicaltyping.maxhelp", "upshot_nodes.maxhelp", "upshot_noise.maxhelp", "upshot_output.maxhelp", "upshot_patterns.maxhelp", "upshot_peacefulpiano.maxhelp", , "upshot_phaselope/upshot_phaselooper.maxhelp", "upshot_phaselope.maxhelp", "upshot_phaser.maxhelp", "upshot_pi.maxhelp", "upshot_pingpong.maxhelp", "upshot_pitchdetection.maxhelp", "upshot_pitchshifter.maxhelp", "upshot_playlist.maxhelp", "upshot_polysynth.maxhelp", "upshot_quantizer.maxhelp", "upshot_rain.maxhelp", "upshot_recnplay.maxhelp", "upshot_record.maxhelp", "upshot_repeat.maxhelp", "upshot_reverb.maxhelp", "upshot_reversedelay.maxhelp", "upshot_reversestretch.maxhelp", "upshot_ringmodulator.maxhelp", "upshot_sampler.maxhelp", "upshot_scale.maxhelp", "upshot_scalequantizer.maxhelp", "upshot_shortstretch.maxhelp", "upshot_slicer.maxhelp", "upshot_smooth.maxhelp", "upshot_snake.maxhelp", "upshot_speakertest.maxhelp", "upshot_stepsequencer.maxhelp", "upshot_stutter.maxhelp", "upshot_texttospeech.maxhelp", "upshot_touchoscaccelerometer.maxhelp", "upshot_trackpadxy.maxhelp", "upshot_transport.maxhelp", "upshot_truerandom.maxhelp", "upshot_udp.maxhelp", "upshot_uselessbutton.maxhelp", "upshot_velocityreplacer.maxhelp", "upshot_wavelope.maxhelp", "upshot_waveshapedistortion.maxhelp", "upshot_zerogravity.maxhelp" ],
		"media" : [ "cello.mp3", "choices.mid", "glitch_samples/hit_ache.wav", "glitch_samples/hit_gon.wav", "glitch_samples/hit_harr.wav", "glitch_samples/krill.wav", "glitch_samples/krill2.wav", "glitch_samples/tlikl.wav", "glitch_samples/tlikl2.wav", "glitch_samples/tlikl3.wav", "glitch_samples/tlikl4.wav", "glitch_samples/tone.wav", "micropercussion.mp3", "noise2.svg", "quartet.mp3", "upshot_pno.mp3", "us.icon.png", "vibra.mp3", "viola.mp3", "wherever_pno.mp3" ],
		"misc" : [ "playdemo.maxpat", "presets/cuesexample_preset.json", "presets/launchpadcontrolexample_lpmini_preset.json", "presets/patterns_preset.json", "presets/upshot_echternach_preset.json", "presets/usplaylisthelp.json" ],
		"docs" : [ "refpages/upshot_16chanpanner.maxref.xml", "refpages/upshot_1bitprobability.maxref.xml", "refpages/upshot_2chanpanner.maxref.xml", "refpages/upshot_4chanpanner.maxref.xml", "refpages/upshot_7bitprobability.maxref.xml", "refpages/upshot_8chanmonomixer.maxref.xml", "refpages/upshot_8chanpanner.maxref.xml", "refpages/upshot_8chanstereomixer.maxref.xml", "refpages/upshot_alpha.maxref.xml", "refpages/upshot_amplitudefollower.maxref.xml", "refpages/upshot_artefacts.maxref.xml", "refpages/upshot_attackdetection.maxref.xml", "refpages/upshot_audiofileplayer.maxref.xml", "refpages/upshot_audiofootswitch.maxref.xml", "refpages/upshot_autocontrol.maxref.xml", "refpages/upshot_autotune.maxref.xml", "refpages/upshot_beams.maxref.xml", "refpages/upshot_bitcrusher.maxref.xml", "refpages/upshot_blobtracking.maxref.xml", "refpages/upshot_bursts.maxref.xml", "refpages/upshot_chordmorpher.maxref.xml", "refpages/upshot_chords.maxref.xml", "refpages/upshot_clicker.maxref.xml", "refpages/upshot_collatz.maxref.xml", "refpages/upshot_collide.maxref.xml", "refpages/upshot_colortracking.maxref.xml", "refpages/upshot_compare.maxref.xml", "refpages/upshot_compressor.maxref.xml", "refpages/upshot_cues.maxref.xml", "refpages/upshot_delay.maxref.xml", "refpages/upshot_density.maxref.xml", "refpages/upshot_distortion.maxref.xml", "refpages/upshot_divisions.maxref.xml", "refpages/upshot_draw.maxref.xml", "refpages/upshot_dynamicstutter.maxref.xml", "refpages/upshot_easyarp.maxref.xml", "refpages/upshot_easyverb.maxref.xml", "refpages/upshot_echo.maxref.xml", "refpages/upshot_echternach.maxref.xml", "refpages/upshot_endlessreverb.maxref.xml", "refpages/upshot_envelope.maxref.xml", "refpages/upshot_fauxstereo.maxref.xml", "refpages/upshot_filter.maxref.xml", "refpages/upshot_freeze.maxref.xml", "refpages/upshot_gameoflife.maxref.xml", "refpages/upshot_gate.maxref.xml", "refpages/upshot_glitch.maxref.xml", "refpages/upshot_glitchchorus.maxref.xml", "refpages/upshot_glitchlooper.maxref.xml", "refpages/upshot_granulator.maxref.xml", "refpages/upshot_hold.maxref.xml", "refpages/upshot_input.maxref.xml", "refpages/upshot_kitt.maxref.xml", "refpages/upshot_launchpadcontrol.maxref.xml", "refpages/upshot_limiter.maxref.xml", "refpages/upshot_looper.maxref.xml", "refpages/upshot_manualarp.maxref.xml", "refpages/upshot_many2one.maxref.xml", "refpages/upshot_mapping.maxref.xml", "refpages/upshot_microlooper.maxref.xml", "refpages/upshot_midifileplayer.maxref.xml", "refpages/upshot_midifootswitch.maxref.xml", "refpages/upshot_monosynth.maxref.xml", "refpages/upshot_morse.maxref.xml", "refpages/upshot_musicaltyping.maxref.xml", "refpages/upshot_nodes.maxref.xml", "refpages/upshot_noise.maxref.xml", "refpages/upshot_output.maxref.xml", "refpages/upshot_patterns.maxref.xml", "refpages/upshot_peacefulpiano.maxref.xml", "refpages/upshot_phaselope.maxref.xml", "refpages/upshot_phaser.maxref.xml", "refpages/upshot_pi.maxref.xml", "refpages/upshot_pingpong.maxref.xml", "refpages/upshot_pitchdetection.maxref.xml", "refpages/upshot_pitchshifter.maxref.xml", "refpages/upshot_playlist.maxref.xml", "refpages/upshot_polysynth.maxref.xml", "refpages/upshot_quantizer.maxref.xml", "refpages/upshot_rain.maxref.xml", "refpages/upshot_recnplay.maxref.xml", "refpages/upshot_repeat.maxref.xml", "refpages/upshot_reverb.maxref.xml", "refpages/upshot_reversedelay.maxref.xml", "refpages/upshot_reversestretch.maxref.xml", "refpages/upshot_ringmodulator.maxref.xml", "refpages/upshot_sampler.maxref.xml", "refpages/upshot_scale.maxref.xml", "refpages/upshot_scalequantizer.maxref.xml", "refpages/upshot_shortstretch.maxref.xml", "refpages/upshot_slicer.maxref.xml", "refpages/upshot_smooth.maxref.xml", "refpages/upshot_snake.maxref.xml", "refpages/upshot_stepsequencer.maxref.xml", "refpages/upshot_stutter.maxref.xml", "refpages/upshot_texttospeech.maxref.xml", "refpages/upshot_touchoscaccelerometer.maxref.xml", "refpages/upshot_trackpadxy.maxref.xml", "refpages/upshot_transport.maxref.xml", "refpages/upshot_truerandom.maxref.xml", "refpages/upshot_udp.maxref.xml", "refpages/upshot_velocityreplacer.maxref.xml", "refpages/upshot_wavelope.maxref.xml", "refpages/upshot_waveshapedistortion.maxref.xml", "refpages/upshot_zerogravity.maxref.xml" ],
		"clippings" : [ "AUDIO EFFECTS/us.autotune.maxpat", "AUDIO EFFECTS/us.bitcrusher.maxpat", "AUDIO EFFECTS/us.compressor.maxpat", "AUDIO EFFECTS/us.delay.maxpat", "AUDIO EFFECTS/us.distortion.maxpat", "AUDIO EFFECTS/us.dynamicstutter.maxpat", "AUDIO EFFECTS/us.easyverb.maxpat", "AUDIO EFFECTS/us.echo.maxpat", "AUDIO EFFECTS/us.endlessreverb.maxpat", "AUDIO EFFECTS/us.fauxstereo.maxpat", "AUDIO EFFECTS/us.filter.maxpat", "AUDIO EFFECTS/us.freeze.maxpat", "AUDIO EFFECTS/us.gate.maxpat", "AUDIO EFFECTS/us.glitch.maxpat", "AUDIO EFFECTS/us.glitchchorus.maxpat", "AUDIO EFFECTS/us.glitchlooper.maxpat", "AUDIO EFFECTS/us.granulator.maxpat", "AUDIO EFFECTS/us.kitt.maxpat", "AUDIO EFFECTS/us.limiter.maxpat", "AUDIO EFFECTS/us.looper.maxpat", "AUDIO EFFECTS/us.microlooper.maxpat", "AUDIO EFFECTS/us.phaselooper.maxpat", "AUDIO EFFECTS/us.phaser.maxpat", "AUDIO EFFECTS/us.pingpong.maxpat", "AUDIO EFFECTS/us.pitchshifter.maxpat", "AUDIO EFFECTS/us.recnplay.maxpat", "AUDIO EFFECTS/us.reverb.maxpat", "AUDIO EFFECTS/us.reversedelay.maxpat", "AUDIO EFFECTS/us.reversestretch.maxpat", "AUDIO EFFECTS/us.ringmodulator.maxpat", "AUDIO EFFECTS/us.shortstretch.maxpat", "AUDIO EFFECTS/us.stutter.maxpat", "AUDIO EFFECTS/us.waveshapedistortion.maxpat", "GENERATORS/us.autocontrol.maxpat", "GENERATORS/us.bursts.maxpat", "GENERATORS/us.cues.maxpat", "GENERATORS/us.envelope.maxpat", "GENERATORS/us.gameoflife.maxpat", "GENERATORS/us.nodes.maxpat", "GENERATORS/us.phaselope.maxpat", "GENERATORS/us.repeat.maxpat", "GENERATORS/us.snake.maxpat", "GENERATORS/us.wavelope.maxpat", "INSTRUMENTS/us.artefacts.maxpat", "INSTRUMENTS/us.chordmorpher.maxpat", "INSTRUMENTS/us.clicker.maxpat", "INSTRUMENTS/us.monosynth.maxpat", "INSTRUMENTS/us.peacefulpiano.maxpat", "INSTRUMENTS/us.polysynth.maxpat", "INSTRUMENTS/us.sampler.maxpat", "INSTRUMENTS/us.slicer.maxpat", "MIDI/us.chords.maxpat", "MIDI/us.hold.maxpat", "MIDI/us.launchpadcontrol.maxpat", "MIDI/us.manualarp.maxpat", "MIDI/us.many2one.maxpat", "MIDI/us.mapping.maxpat", "MIDI/us.midi-in.maxpat", "MIDI/us.midi-out.maxpat", "MIDI/us.midifileplayer.maxpat", "MIDI/us.midifootswitch.maxpat", "MIDI/us.quantizer.maxpat", "MIDI/us.scalequantizer.maxpat", "MIDI/us.transport.maxpat", "MIDI/us.velocityreplacer.maxpat", "MISC/us.1bitprobability.maxpat", "MISC/us.247.maxpat", "MISC/us.7bitprobability.maxpat", "MISC/us.alpha.maxpat", "MISC/us.audiofileplayer.maxpat", "MISC/us.audiofootswitch.maxpat", "MISC/us.cameraad.maxpat", "MISC/us.compare.maxpat", "MISC/us.getIP.maxpat", "MISC/us.metronome.maxpat", "MISC/us.musicaltyping.maxpat", "MISC/us.noise.maxpat", "MISC/us.playlist.maxpat", "MISC/us.rain.maxpat", "MISC/us.record.maxpat", "MISC/us.scale.maxpat", "MISC/us.smooth.maxpat", "MISC/us.speakertest.maxpat", "MISC/us.texttospeech.maxpat", "MISC/us.touchoscaccelerometer.maxpat", "MISC/us.truerandom.maxpat", "MISC/us.udp.maxpat", "MISC/us.uselessbutton.maxpat", "ROUTING/us.16chanpanner.maxpat", "ROUTING/us.2chanpanner.maxpat", "ROUTING/us.4chanpanner.maxpat", "ROUTING/us.8chanmonomixer.maxpat", "ROUTING/us.8chanpanner.maxpat", "ROUTING/us.8chanstereomixer.maxpat", "ROUTING/us.input.maxpat", "ROUTING/us.output.maxpat", "SEQUENCERS/us.beams.maxpat", "SEQUENCERS/us.collatz.maxpat", "SEQUENCERS/us.collide.maxpat", "SEQUENCERS/us.divisions.maxpat", "SEQUENCERS/us.easyarp.maxpat", "SEQUENCERS/us.echternach.maxpat", "SEQUENCERS/us.morse.maxpat", "SEQUENCERS/us.patterns.maxpat", "SEQUENCERS/us.pi.maxpat", "SEQUENCERS/us.stepsequencer.maxpat", "SEQUENCERS/us.zerogravity.maxpat", "SNIPPETS/us.audiotemplate.maxsnip", "SNIPPETS/us.MIDItemplate.maxsnip", "SNIPPETS/us.preset.maxsnip", "SNIPPETS/us.zoom.maxsnip", "TRACKING/us.amplitudefollower.maxpat", "TRACKING/us.attackdetection.maxpat", "TRACKING/us.blobtracking.maxpat", "TRACKING/us.colortracking.maxpat", "TRACKING/us.density.maxpat", "TRACKING/us.draw.maxpat", "TRACKING/us.pitchdetection.maxpat", "TRACKING/us.trackpadxy.maxpat" ],
		"extras" : [ "upshot_overview.maxpat" ]
	}
,
	"c74install" : 1,
	"installdate" : 3688043891
}
