{
	"pattrstorage" : 	{
		"name" : "preset",
		"slots" : 		{
			"1" : 			{
				"id" : 1,
				"data" : 				{
					"faderspeed[1]" : [ 68 ],
					"fadrmode" : [ 1 ],
					"u506000245" : [ 127 ],
					"midiout" : [ 1 ],
					"kbintervalptr" : [ 4 ],
					"kbrootptr" : [ 36 ],
					"controlselect" : [ 2 ],
					"pages-controls::u017000339" : [ 5 ],
					"pages-controls::u846000336" : [ 3 ],
					"pages-controls::faderspeedb" : [ 3 ],
					"fader01::recall01" : [ 1 ],
					"fader11::recall11" : [ 1 ],
					"fader21::recall21" : [ 1 ],
					"fader31::recall31" : [ 1 ],
					"fader41::recall41" : [ 2 ],
					"fader51::recall51" : [ 2 ],
					"fader61::recall61" : [ 1 ],
					"fader71::recall71" : [ 1 ],
					"fader81::recall81" : [ 7 ],
					"fader121::recall121" : [ 3 ],
					"togglebut421::recallt421" : [ 0 ],
					"togglebut431::recallt431" : [ 0 ],
					"togglebut581::recallt581" : [ 0 ],
					"togglebut741::recallt741" : [ 0 ],
					"togglebut901::recallt901" : [ 0 ],
					"togglebut1051::recallt1051" : [ 0 ],
					"togglebut1211::recallt1211" : [ 0 ],
					"togglebut1221::recallt1221" : [ 0 ],
					"togglebut1231::recallt1231" : [ 0 ]
				}

			}

		}

	}

}
