{
	"pattrstorage" : 	{
		"name" : "preset",
		"slots" : 		{
			"1" : 			{
				"id" : 1,
				"data" : 				{
					"faderspeed[1]" : [ 68 ],
					"fadrmode" : [ 1 ],
					"u422000245" : [ 127 ],
					"midiout" : [ 1 ],
					"kbintervalptr" : [ 4 ],
					"kbrootptr" : [ 36 ],
					"controlselect" : [ 0 ],
					"pages-controls::u618000339" : [ 5 ],
					"pages-controls::u243000336" : [ 3 ],
					"pages-controls::faderspeedbase" : [ 3 ],
					"fader01::recall01" : [ 1 ],
					"fader11::recall11" : [ 7 ],
					"fader21::recall21" : [ 7 ],
					"fader31::recall31" : [ 1 ],
					"fader41::recall41" : [ 1 ],
					"togglebut541::recallt541" : [ 0 ],
					"togglebut701::recallt701" : [ 0 ],
					"togglebut851::recallt851" : [ 0 ],
					"togglebut1011::recallt1011" : [ 0 ],
					"togglebut1021::recallt1021" : [ 0 ],
					"togglebut1031::recallt1031" : [ 0 ],
					"togglebut381::recallt381" : [ 0 ],
					"togglebut221::recallt221" : [ 0 ],
					"togglebut231::recallt231" : [ 0 ]
				}

			}

		}

	}

}
