{
	"pattrstorage" : 	{
		"name" : "upshot",
		"slots" : 		{
			"1" : 			{
				"id" : 1,
				"data" : 				{
					"upshot_output::DSP state" : [ 1.0 ],
					"upshot_output::output volumes" : [ 0.0 ],
					"upshot_looper::buffer_size" : [ 1000.0 ],
					"upshot_looper::loop playback speed" : [ 1.0 ],
					"upshot_looper::loop recording" : [ 0.0 ],
					"upshot_looper::loop-end" : [ 997.680981184572829 ],
					"upshot_looper::loop-start" : [ 381.0 ],
					"upshot_looper::mode" : [ 0.0 ],
					"upshot_looper::pitchshift" : [ 0.0 ],
					"upshot_looper::play" : [ 1.0 ],
					"upshot_looper::random" : [ 1.0 ],
					"upshot_looper::random_speed" : [ 140.472440944881953 ],
					"upshot_looper::randompitch" : [ 0.0 ],
					"upshot_looper::record" : [ 1.0 ],
					"upshot_looper::reset-pitch" : [ 0.0 ],
					"upshot_looper::volume" : [ 0.0 ],
					"upshot_granular::fade-time" : [ 2000.0 ],
					"upshot_granular::play" : [ 1.0 ],
					"upshot_granular::range max" : [ 63.779527559055168 ],
					"upshot_granular::range min" : [ 7.874015748031496 ],
					"upshot_granular::record" : [ 1.0 ],
					"upshot_granular::volume" : [ -7.0 ],
					"upshot_collatzsequencer::collatz_freetempo" : [ 250.0 ],
					"upshot_collatzsequencer::collatz_input" : [ 3.0 ],
					"upshot_collatzsequencer::collatz_onoff" : [ 1.0 ],
					"upshot_collatzsequencer::duration" : [ 250.0 ],
					"upshot_collatzsequencer::maxduration" : [ 0.0 ],
					"upshot_collatzsequencer::note_number" : [ 60.0 ],
					"upshot_collatzsequencer::random_N" : [ 0.0 ],
					"upshot_collatzsequencer::random_pitch" : [ 0.0 ],
					"upshot_collatzsequencer::root" : [ 0.0 ],
					"upshot_collatzsequencer::rslider" : [ 0, 127 ],
					"upshot_collatzsequencer::scales" : [ 0.0 ],
					"upshot_collatzsequencer::velocity" : [ 100.0 ],
					"upshot_waveslope::output" : [ 126.705484610440749 ],
					"upshot_waveslope::output_range" : [ 0, 127 ],
					"upshot_waveslope::speed" : [ 0.803149606299212 ],
					"upshot_waveslope::waveshape" : [ 0.0 ],
					"upshot_compare::compare" : [ 2 ],
					"upshot_audiofileplayer[1]::AFP-vol" : [ 0.0 ],
					"upshot_audiofileplayer[1]::loop state" : [ 1.0 ],
					"upshot_audiofileplayer[1]::open file" : [ 0.0 ],
					"upshot_audiofileplayer[1]::pause" : [ 0.0 ],
					"upshot_audiofileplayer[1]::state" : [ 0.0 ],
					"upshot_1bitprobability::probability-one" : [ 30.0 ],
					"upshot_1bitprobability::probability-zero" : [ 70.0 ],
					"upshot_1bitprobability[1]::probability-one" : [ 70.0 ],
					"upshot_1bitprobability[1]::probability-zero" : [ 30.0 ],
					"upshot_1bitprobability[2]::probability-one" : [ 50.0 ],
					"upshot_1bitprobability[2]::probability-zero" : [ 50.0 ],
					"upshot_mixer::audio to 1" : [ 0.0 ],
					"upshot_mixer::audio to 2" : [ 0.0 ],
					"upshot_mixer::audio to 3" : [ 0.0 ],
					"upshot_mixer::audio to 4" : [ 0.0 ],
					"upshot_mixer::audio to 5" : [ 4.0 ],
					"upshot_mixer::audio to 6" : [ 5.0 ],
					"upshot_mixer::audio to 7" : [ 6.0 ],
					"upshot_mixer::audio to 8" : [ 7.0 ],
					"upshot_mixer::channel 1" : [ -7.0 ],
					"upshot_mixer::channel 2" : [ -13.0 ],
					"upshot_mixer::channel 3" : [ -13.55452440583904 ],
					"upshot_mixer::channel 4" : [ -4.835364300852149 ],
					"upshot_mixer::channel 5" : [ 0.0 ],
					"upshot_mixer::channel 6" : [ 0.0 ],
					"upshot_mixer::channel 7" : [ 0.0 ],
					"upshot_mixer::channel 8" : [ 0.0 ],
					"upshot_mixer::channel_01_mute" : [ 1.0 ],
					"upshot_mixer::channel_02_mute" : [ 1.0 ],
					"upshot_mixer::channel_03_mute" : [ 1.0 ],
					"upshot_mixer::channel_04_mute" : [ 1.0 ],
					"upshot_mixer::channel_05_mute" : [ 1.0 ],
					"upshot_mixer::channel_06_mute" : [ 1.0 ],
					"upshot_mixer::channel_07_mute" : [ 1.0 ],
					"upshot_mixer::channel_08_mute" : [ 1.0 ],
					"upshot_attack_detection::sensitivity" : [ 112.000000000000199 ],
					"upshot_attack_detection::state" : [ 1.0 ],
					"upshot_1bitprobability[3]::probability-one" : [ 70.0 ],
					"upshot_1bitprobability[3]::probability-zero" : [ 30.0 ],
					"upshot_1bitprobability[5]::probability-one" : [ 30.0 ],
					"upshot_1bitprobability[5]::probability-zero" : [ 70.0 ],
					"upshot_1bitprobability[6]::probability-one" : [ 95.0 ],
					"upshot_1bitprobability[6]::probability-zero" : [ 5.0 ],
					"upshot_reversestretch::buffsize" : [ 0.0 ],
					"upshot_reversestretch::live.numbox" : [ -0.1 ],
					"upshot_reversestretch::play/stop" : [ 1.0 ],
					"upshot_reversestretch::record" : [ 0.0 ],
					"upshot_reversestretch::stretch" : [ 100.0 ],
					"upshot_reversestretch::transpose" : [ -24.0 ],
					"upshot_reversestretch::volume" : [ 0.0 ],
					"upshot_yafrverb::damping" : [ 50.0 ],
					"upshot_yafrverb::decay time" : [ 99.551181102362222 ],
					"upshot_yafrverb::diffiusion" : [ 85.314960629921245 ],
					"upshot_yafrverb::dry/wet" : [ 80.0 ],
					"upshot_yafrverb::room size" : [ 64.000000000000043 ],
					"upshot_yafrverb::volume" : [ 0.0 ]
				}

			}

		}

	}

}
