{
	"pattrstorage" : 	{
		"name" : "upshot",
		"slots" : 		{
			"1" : 			{
				"id" : 1,
				"data" : 				{
					"upshot_looper::autoplay" : [ 1.0 ],
					"upshot_looper::buffer_size" : [ 150.0 ],
					"upshot_looper::loop playback speed" : [ 1.0 ],
					"upshot_looper::loop recording" : [ 0.0 ],
					"upshot_looper::loop-end" : [ 150.0 ],
					"upshot_looper::loop-start" : [ 0.0 ],
					"upshot_looper::mode" : [ 1.0 ],
					"upshot_looper::number" : [ 0.99 ],
					"upshot_looper::number[1]" : [ 0.01 ],
					"upshot_looper::pitchshift" : [ 0.0 ],
					"upshot_looper::play" : [ 1.0 ],
					"upshot_looper::random" : [ 0.0 ],
					"upshot_looper::random_speed" : [ 82.362204724409395 ],
					"upshot_looper::randompitch" : [ 0.0 ],
					"upshot_looper::record" : [ 0.0 ],
					"upshot_looper::reset-pitch" : [ 0.0 ],
					"upshot_looper::reset-speed" : [ 0.0 ],
					"upshot_looper::volume" : [ 2.458474499304444 ],
					"upshot_output::DSP state" : [ 1.0 ],
					"upshot_output::output volumes" : [ -2.0 ],
					"upshot_looper[1]::autoplay" : [ 1.0 ],
					"upshot_looper[1]::buffer_size" : [ 200.0 ],
					"upshot_looper[1]::loop playback speed" : [ 1.0 ],
					"upshot_looper[1]::loop recording" : [ 0.0 ],
					"upshot_looper[1]::loop-end" : [ 200.0 ],
					"upshot_looper[1]::loop-start" : [ 0.0 ],
					"upshot_looper[1]::mode" : [ 1.0 ],
					"upshot_looper[1]::number" : [ 0.99 ],
					"upshot_looper[1]::number[1]" : [ 0.01 ],
					"upshot_looper[1]::pitchshift" : [ 0.0 ],
					"upshot_looper[1]::play" : [ 1.0 ],
					"upshot_looper[1]::random" : [ 0.0 ],
					"upshot_looper[1]::random_speed" : [ 82.362204724409395 ],
					"upshot_looper[1]::randompitch" : [ 0.0 ],
					"upshot_looper[1]::record" : [ 0.0 ],
					"upshot_looper[1]::reset-pitch" : [ 0.0 ],
					"upshot_looper[1]::reset-speed" : [ 0.0 ],
					"upshot_looper[1]::volume" : [ 2.394410808832944 ],
					"upshot_looper[2]::autoplay" : [ 1.0 ],
					"upshot_looper[2]::buffer_size" : [ 300.0 ],
					"upshot_looper[2]::loop playback speed" : [ 1.0 ],
					"upshot_looper[2]::loop recording" : [ 0.0 ],
					"upshot_looper[2]::loop-end" : [ 300.0 ],
					"upshot_looper[2]::loop-start" : [ 0.0 ],
					"upshot_looper[2]::mode" : [ 1.0 ],
					"upshot_looper[2]::number" : [ 0.99 ],
					"upshot_looper[2]::number[1]" : [ 0.01 ],
					"upshot_looper[2]::pitchshift" : [ 0.0 ],
					"upshot_looper[2]::play" : [ 1.0 ],
					"upshot_looper[2]::random" : [ 0.0 ],
					"upshot_looper[2]::random_speed" : [ 82.362204724409395 ],
					"upshot_looper[2]::randompitch" : [ 0.0 ],
					"upshot_looper[2]::record" : [ 0.0 ],
					"upshot_looper[2]::reset-pitch" : [ 0.0 ],
					"upshot_looper[2]::reset-speed" : [ 0.0 ],
					"upshot_looper[2]::volume" : [ -3.581898905889929 ],
					"upshot_granular::fade-time" : [ 2000.0 ],
					"upshot_granular::play" : [ 1.0 ],
					"upshot_granular::range max" : [ 0.0 ],
					"upshot_granular::range min" : [ 36.140251009754294 ],
					"upshot_granular::record" : [ 0.0 ],
					"upshot_granular::volume" : [ -0.880783506055622 ],
					"upshot_nodes::circle width" : [ 127.0 ],
					"upshot_nodes::direction" : [ 0.0 ],
					"upshot_nodes::mode" : [ 1.0 ],
					"upshot_nodes::node size" : [ 0.716535433070871 ],
					"upshot_nodes::nodes" : [ 0.535584627846141, 0.439349963394951, 0.870788809399446, 1, 0.702614409688078, 0.250616412718353, 0.716535433070871, 1 ],
					"upshot_nodes::number of nodes" : [ 2.0 ],
					"upshot_nodes::random speed" : [ 0.03748031496063 ],
					"upshot_nodes::reset" : [ 0.0 ],
					"upshot_nodes::rotation speed" : [ 117.0 ],
					"upshot_nodes::x-axis" : [ 3.879201352482998 ],
					"upshot_nodes::y-axis" : [ 41.645701369473443 ],
					"upshot_easyverb::bypass" : [ 0.0 ],
					"upshot_easyverb::decay" : [ 86.999999999999957 ],
					"upshot_easyverb::volume" : [ 0.0 ],
					"upshot_gameoflife::GoL-globalchance-%" : [ 85.0 ],
					"upshot_gameoflife::GoL-globalramp-t" : [ 500.0 ],
					"upshot_gameoflife::GoL-speed" : [ 120.0 ],
					"upshot_gameoflife::gol-out[0]" : [ 34.773809523809504 ],
					"upshot_gameoflife::gol-out[1]" : [ 26.736842105263189 ],
					"upshot_gameoflife::gol-out[2]" : [ 79.809473684210602 ],
					"upshot_gameoflife::gol-out[3]" : [ 10.16 ],
					"upshot_gameoflife::gol-out[4]" : [ 107.950000000000003 ],
					"upshot_gameoflife::gol-out[5]" : [ 53.317719298245713 ],
					"upshot_gameoflife::gol-out[6]" : [ 74.180646126185309 ],
					"upshot_gameoflife::gol-out[7]" : [ 56.583433583959767 ],
					"upshot_gameoflife::probability" : [ 85.0 ],
					"upshot_gameoflife::ramp" : [ 1.0 ],
					"upshot_gameoflife::ramptime" : [ 1596.062992125985602 ],
					"upshot_gameoflife::rslider" : [ 0, 90 ],
					"upshot_gameoflife::spawnlife" : [ 1.0 ],
					"upshot_gameoflife::triggerlife" : [ 0.0 ],
					"upshot_attack_detection::sensitivity" : [ 117.000000000000128 ],
					"upshot_attack_detection::state" : [ 1.0 ],
					"upshot_binaryprobabilitycalculator::probability-one" : [ 54.724409448818903 ],
					"upshot_binaryprobabilitycalculator::probability-zero" : [ 45.275590551181097 ],
					"upshot_binaryprobabilitycalculator[1]::probability-one" : [ 54.724409448818889 ],
					"upshot_binaryprobabilitycalculator[1]::probability-zero" : [ 45.275590551181111 ],
					"upshot_binaryprobabilitycalculator[2]::probability-one" : [ 57.086614173228298 ],
					"upshot_binaryprobabilitycalculator[2]::probability-zero" : [ 42.913385826771702 ],
					"upshot_binaryprobabilitycalculator[3]::probability-one" : [ 34.251968503937036 ],
					"upshot_binaryprobabilitycalculator[3]::probability-zero" : [ 65.748031496062964 ],
					"upshot_binaryprobabilitycalculator[6]::probability-one" : [ 89.370078740157425 ],
					"upshot_binaryprobabilitycalculator[6]::probability-zero" : [ 10.629921259842575 ],
					"upshot_binaryprobabilitycalculator[12]::probability-one" : [ 29.212598425196859 ],
					"upshot_binaryprobabilitycalculator[12]::probability-zero" : [ 70.787401574803141 ],
					"upshot_easyverb[1]::bypass" : [ 0.0 ],
					"upshot_easyverb[1]::decay" : [ 27.000000000000014 ],
					"upshot_easyverb[1]::volume" : [ 2.522611683122136 ],
					"upshot_binaryprobabilitycalculator[14]::probability-one" : [ 50.0 ],
					"upshot_binaryprobabilitycalculator[14]::probability-zero" : [ 50.0 ],
					"upshot_mixer::audio to 1" : [ 0.0 ],
					"upshot_mixer::audio to 2" : [ 0.0 ],
					"upshot_mixer::audio to 3" : [ 0.0 ],
					"upshot_mixer::audio to 4" : [ 0.0 ],
					"upshot_mixer::audio to 5" : [ 0.0 ],
					"upshot_mixer::audio to 6" : [ 0.0 ],
					"upshot_mixer::audio to 7" : [ 0.0 ],
					"upshot_mixer::audio to 8" : [ 0.0 ],
					"upshot_mixer::channel 1" : [ -0.747937740616294 ],
					"upshot_mixer::channel 2" : [ -4.921103583441848 ],
					"upshot_mixer::channel 3" : [ -8.767122831035898 ],
					"upshot_mixer::channel 4" : [ -10.989345053258113 ],
					"upshot_mixer::channel 5" : [ -8.767122831035898 ],
					"upshot_mixer::channel 6" : [ -8.082958351595828 ],
					"upshot_mixer::channel 7" : [ 0.0 ],
					"upshot_mixer::channel 8" : [ 0.0 ],
					"upshot_mixer::channel_01_mute" : [ 1.0 ],
					"upshot_mixer::channel_02_mute" : [ 1.0 ],
					"upshot_mixer::channel_03_mute" : [ 1.0 ],
					"upshot_mixer::channel_04_mute" : [ 1.0 ],
					"upshot_mixer::channel_05_mute" : [ 1.0 ],
					"upshot_mixer::channel_06_mute" : [ 1.0 ],
					"upshot_mixer::channel_07_mute" : [ 1.0 ],
					"upshot_mixer::channel_08_mute" : [ 1.0 ],
					"upshot_waveslope::output" : [ 121.233670018098252 ],
					"upshot_waveslope::output_range" : [ 109, 123 ],
					"upshot_waveslope::speed" : [ 1.228346456692913 ],
					"upshot_waveslope::waveshape" : [ 0.0 ],
					"upshot_waveslope[1]::output" : [ 121.129361188740816 ],
					"upshot_waveslope[1]::output_range" : [ 110, 122 ],
					"upshot_waveslope[1]::speed" : [ 0.921259842519685 ],
					"upshot_waveslope[1]::waveshape" : [ 0.0 ],
					"upshot_audiofileplayer::AFP-vol" : [ 0.0 ],
					"upshot_audiofileplayer::loop state" : [ 0.0 ],
					"upshot_audiofileplayer::open file" : [ 0.0 ],
					"upshot_audiofileplayer::pause" : [ 0.0 ],
					"upshot_audiofileplayer::state" : [ 0.0 ],
					"upshot_waveslope[2]::output" : [ 111.39870306348692 ],
					"upshot_waveslope[2]::output_range" : [ 111, 123 ],
					"upshot_waveslope[2]::speed" : [ 1.015748031496063 ],
					"upshot_waveslope[2]::waveshape" : [ 0.0 ],
					"upshot_reversestretch::buffsize" : [ 0.0 ],
					"upshot_reversestretch::live.numbox" : [ -0.1 ],
					"upshot_reversestretch::play/stop" : [ 1.0 ],
					"upshot_reversestretch::record" : [ 0.0 ],
					"upshot_reversestretch::stretch" : [ 100.0 ],
					"upshot_reversestretch::transpose" : [ -24.0 ],
					"upshot_reversestretch::volume" : [ 2.153637062533321 ],
					"upshot_panner::panLR" : [ 92.0 ],
					"upshot_panner::pan_fadetime" : [ 20.0 ],
					"upshot_autocontrol::autoonoff" : [ 1.0 ],
					"upshot_autocontrol::custom_value" : [ 92.0 ],
					"upshot_autocontrol::destination_value" : [ 127.0 ],
					"upshot_autocontrol::initial_value" : [ 0.0 ],
					"upshot_autocontrol::interval" : [ 1462.99212598425197 ],
					"upshot_autocontrol::live.toggle" : [ 1.0 ],
					"upshot_autocontrol::probability" : [ 50.0 ],
					"upshot_autocontrol::probability-zero" : [ 50.0 ],
					"upshot_autocontrol::ramp" : [ 1.0 ],
					"upshot_autocontrol::ramp_time" : [ 250.0 ],
					"upshot_autocontrol::rslider" : [ 0, 127 ],
					"upshot_panner[1]::panLR" : [ 8.0 ],
					"upshot_panner[1]::pan_fadetime" : [ 20.0 ],
					"upshot_autocontrol[1]::autoonoff" : [ 1.0 ],
					"upshot_autocontrol[1]::custom_value" : [ 8.0 ],
					"upshot_autocontrol[1]::destination_value" : [ 64.000000000000085 ],
					"upshot_autocontrol[1]::initial_value" : [ 0.0 ],
					"upshot_autocontrol[1]::interval" : [ 1115.748031496063277 ],
					"upshot_autocontrol[1]::live.toggle" : [ 1.0 ],
					"upshot_autocontrol[1]::probability" : [ 47.165354330708688 ],
					"upshot_autocontrol[1]::probability-zero" : [ 52.834645669291312 ],
					"upshot_autocontrol[1]::ramp" : [ 1.0 ],
					"upshot_autocontrol[1]::ramp_time" : [ 200.0 ],
					"upshot_autocontrol[1]::rslider" : [ 0, 64 ],
					"upshot_panner[2]::panLR" : [ 97.0 ],
					"upshot_panner[2]::pan_fadetime" : [ 20.0 ],
					"upshot_autocontrol[2]::autoonoff" : [ 1.0 ],
					"upshot_autocontrol[2]::custom_value" : [ 97.0 ],
					"upshot_autocontrol[2]::destination_value" : [ 127.0 ],
					"upshot_autocontrol[2]::initial_value" : [ 63.999999999999929 ],
					"upshot_autocontrol[2]::interval" : [ 1231.496062992126099 ],
					"upshot_autocontrol[2]::live.toggle" : [ 0.0 ],
					"upshot_autocontrol[2]::probability" : [ 38.58267716535439 ],
					"upshot_autocontrol[2]::probability-zero" : [ 61.41732283464561 ],
					"upshot_autocontrol[2]::ramp" : [ 1.0 ],
					"upshot_autocontrol[2]::ramp_time" : [ 300.0 ],
					"upshot_autocontrol[2]::rslider" : [ 64, 127 ]
				}

			}

		}

	}

}
