{
	"pattrstorage" : 	{
		"name" : "upshot",
		"slots" : 		{
			"1" : 			{
				"id" : 1,
				"data" : 				{
					"upshot_output::DSP state" : [ 1.0 ],
					"upshot_output::output volumes" : [ 0.093898700490172 ],
					"upshot_audiofileplayer::AFP-loop" : [ 1 ],
					"upshot_audiofileplayer::AFP-mode" : [ 0 ],
					"upshot_audiofileplayer::AFP-play" : [ 0 ],
					"upshot_audiofileplayer::AFP-vol" : [ 0.0 ],
					"upshot_audiofileplayer::afp-open-file" : [ -1 ],
					"upshot_mixer::audio to 1" : [ 0.0 ],
					"upshot_mixer::audio to 2" : [ 1.0 ],
					"upshot_mixer::audio to 3" : [ 0.0 ],
					"upshot_mixer::audio to 4" : [ 1.0 ],
					"upshot_mixer::audio to 5" : [ 0.0 ],
					"upshot_mixer::audio to 6" : [ 1.0 ],
					"upshot_mixer::audio to 7" : [ 0.0 ],
					"upshot_mixer::audio to 8" : [ 0.0 ],
					"upshot_mixer::channel 1" : [ -0.206694663457498 ],
					"upshot_mixer::channel 2" : [ -0.232191362823201 ],
					"upshot_mixer::channel 3" : [ -0.217754967256468 ],
					"upshot_mixer::channel 4" : [ 0.015748031496059 ],
					"upshot_mixer::channel 5" : [ 0.164633381189418 ],
					"upshot_mixer::channel 6" : [ 0.0 ],
					"upshot_mixer::channel 7" : [ -0.232191362823201 ],
					"upshot_mixer::channel 8" : [ -1.013093825713241 ],
					"upshot_mixer::channel_01_mute" : [ 1.0 ],
					"upshot_mixer::channel_02_mute" : [ 1.0 ],
					"upshot_mixer::channel_03_mute" : [ 1.0 ],
					"upshot_mixer::channel_04_mute" : [ 1.0 ],
					"upshot_mixer::channel_05_mute" : [ 1.0 ],
					"upshot_mixer::channel_06_mute" : [ 1.0 ],
					"upshot_mixer::channel_07_mute" : [ 1.0 ],
					"upshot_mixer::channel_08_mute" : [ 1.0 ],
					"upshot_reverb::bandwidth" : [ 0.196850393700787 ],
					"upshot_reverb::bypass" : [ 0.0 ],
					"upshot_reverb::damping" : [ 0.062992125984252 ],
					"upshot_reverb::decay time" : [ 8.589763779527656 ],
					"upshot_reverb::dry" : [ 0.566929133858267 ],
					"upshot_reverb::early reflections" : [ 0.31496062992126 ],
					"upshot_reverb::room size" : [ 33.159842519685569 ],
					"upshot_reverb::spread" : [ 67.816535433070825 ],
					"upshot_reverb::tail" : [ 0.086614173228347 ],
					"upshot_reverb::volume" : [ -0.788117394416631 ],
					"upshot_easyverb::bypass" : [ 0.0 ],
					"upshot_easyverb::decay" : [ 78.999999999999972 ],
					"upshot_easyverb::volume" : [ 0.0 ],
					"upshot_easyverb[1]::bypass" : [ 0.0 ],
					"upshot_easyverb[1]::decay" : [ 78.999999999999972 ],
					"upshot_easyverb[1]::volume" : [ 3.022250840044393 ],
					"upshot_freeze::state" : [ 0 ],
					"upshot_freeze::volume" : [ -4.771653543307082 ],
					"upshot_freeze[1]::state" : [ 0 ],
					"upshot_freeze[1]::volume" : [ -4.771653543307082 ],
					"upshot_stutter::grab" : [ 0 ],
					"upshot_stutter::random" : [ 1.0 ],
					"upshot_stutter::speed" : [ 82.0 ],
					"upshot_stutter::volume" : [ -15.543307086614178 ],
					"upshot_granular::fade-time" : [ 2000.0 ],
					"upshot_granular::play" : [ 0 ],
					"upshot_granular::range max" : [ 49.606299212598429 ],
					"upshot_granular::range min" : [ 33.070866141732289 ],
					"upshot_granular::record" : [ 0 ],
					"upshot_granular::volume" : [ -15.543307086614178 ],
					"upshot_easyverb[2]::bypass" : [ 0.0 ],
					"upshot_easyverb[2]::decay" : [ 18.000000000000068 ],
					"upshot_easyverb[2]::volume" : [ 0.0 ],
					"upshot_granular[1]::fade-time" : [ 2000.0 ],
					"upshot_granular[1]::play" : [ 0 ],
					"upshot_granular[1]::range max" : [ 73.228346456692918 ],
					"upshot_granular[1]::range min" : [ 0.0 ],
					"upshot_granular[1]::record" : [ 0 ],
					"upshot_granular[1]::volume" : [ -15.543307086614178 ],
					"upshot_looper::buffer_size" : [ 1000.0 ],
					"upshot_looper::loop playback speed" : [ -0.070866141732281 ],
					"upshot_looper::loop recording" : [ 0.0 ],
					"upshot_looper::loop-end" : [ 999.977358862683786 ],
					"upshot_looper::loop-start" : [ 0.0 ],
					"upshot_looper::mode" : [ 1.0 ],
					"upshot_looper::pitchshift" : [ -12.0 ],
					"upshot_looper::play" : [ 0.0 ],
					"upshot_looper::random" : [ 0.0 ],
					"upshot_looper::random_range" : [ 140.472440944881811 ],
					"upshot_looper::random_speed" : [ 140.472440944881953 ],
					"upshot_looper::record" : [ 0.0 ],
					"upshot_looper::volume" : [ -4.771653543307082 ],
					"upshot_easyverb[3]::bypass" : [ 0.0 ],
					"upshot_easyverb[3]::decay" : [ 78.999999999999972 ],
					"upshot_easyverb[3]::volume" : [ 0.0 ],
					"upshot_endlessreverb::fade" : [ 1000.0 ],
					"upshot_endlessreverb::grab" : [ 0.0 ],
					"upshot_endlessreverb::volume" : [ -4.771653543307082 ],
					"upshot_mapping::keymapping" : [ -1 ],
					"upshot_mapping::midimapping" : [ -1 ],
					"upshot_mapping::show mapped params" : [ -1 ],
					"upshot_8chanmixer::audio to 1" : [ 0.0 ],
					"upshot_8chanmixer::audio to 2" : [ 1.0 ],
					"upshot_8chanmixer::audio to 3" : [ 2.0 ],
					"upshot_8chanmixer::audio to 4" : [ 3.0 ],
					"upshot_8chanmixer::audio to 5" : [ 0.0 ],
					"upshot_8chanmixer::audio to 6" : [ 1.0 ],
					"upshot_8chanmixer::audio to 7" : [ 2.0 ],
					"upshot_8chanmixer::audio to 8" : [ 3.0 ],
					"upshot_8chanmixer::channel 1" : [ -55.480353600085039 ],
					"upshot_8chanmixer::channel 2" : [ -46.904267040585879 ],
					"upshot_8chanmixer::channel 3" : [ -30.482834563842523 ],
					"upshot_8chanmixer::channel 4" : [ -9.365639613360898 ],
					"upshot_8chanmixer::channel 5" : [ -6.471983393806767 ],
					"upshot_8chanmixer::channel 6" : [ -27.712409544073992 ],
					"upshot_8chanmixer::channel 7" : [ -45.033195380596922 ],
					"upshot_8chanmixer::channel 8" : [ -54.821748968944547 ],
					"upshot_8chanmixer::channel_01_mute" : [ 1.0 ],
					"upshot_8chanmixer::channel_02_mute" : [ 1.0 ],
					"upshot_8chanmixer::channel_03_mute" : [ 1.0 ],
					"upshot_8chanmixer::channel_04_mute" : [ 1.0 ],
					"upshot_8chanmixer::channel_05_mute" : [ 1.0 ],
					"upshot_8chanmixer::channel_06_mute" : [ 1.0 ],
					"upshot_8chanmixer::channel_07_mute" : [ 1.0 ],
					"upshot_8chanmixer::channel_08_mute" : [ 1.0 ],
					"upshot_nodes::circle width" : [ 108.0 ],
					"upshot_nodes::direction" : [ 0.0 ],
					"upshot_nodes::mode" : [ 1.0 ],
					"upshot_nodes::node size" : [ 0.99212598425197 ],
					"upshot_nodes::nodes" : [ 0.5, 0.147, 0.99212598425197, 1, 0.749609, 0.250391, 0.99212598425197, 1, 0.853, 0.5, 0.99212598425197, 1, 0.749609, 0.749609, 0.99212598425197, 1, 0.5, 0.853, 0.99212598425197, 1, 0.250391, 0.749609, 0.99212598425197, 1, 0.147, 0.5, 0.99212598425197, 1, 0.250391, 0.250391, 0.99212598425197, 1 ],
					"upshot_nodes::number of nodes" : [ 8.0 ],
					"upshot_nodes::random speed" : [ 0.02 ],
					"upshot_nodes::rotation speed" : [ 105.0 ],
					"upshot_nodes::x-axis" : [ 82.029975213526853 ],
					"upshot_nodes::y-axis" : [ 10.760545901705814 ],
					"upshot_ringmodulator::frequency" : [ 0.0 ],
					"upshot_ringmodulator::state" : [ 1.0 ],
					"upshot_ringmodulator::volume" : [ -70.0 ],
					"upshot_8chanmixer[1]::audio to 1" : [ 0.0 ],
					"upshot_8chanmixer[1]::audio to 2" : [ 1.0 ],
					"upshot_8chanmixer[1]::audio to 3" : [ 2.0 ],
					"upshot_8chanmixer[1]::audio to 4" : [ 3.0 ],
					"upshot_8chanmixer[1]::audio to 5" : [ 0.0 ],
					"upshot_8chanmixer[1]::audio to 6" : [ 1.0 ],
					"upshot_8chanmixer[1]::audio to 7" : [ 2.0 ],
					"upshot_8chanmixer[1]::audio to 8" : [ 3.0 ],
					"upshot_8chanmixer[1]::channel 1" : [ -27.687883303470826 ],
					"upshot_8chanmixer[1]::channel 2" : [ -25.387357424496614 ],
					"upshot_8chanmixer[1]::channel 3" : [ -18.509216763677706 ],
					"upshot_8chanmixer[1]::channel 4" : [ -8.376940710280024 ],
					"upshot_8chanmixer[1]::channel 5" : [ 0.173139035251026 ],
					"upshot_8chanmixer[1]::channel 6" : [ -7.552141457807721 ],
					"upshot_8chanmixer[1]::channel 7" : [ -17.835353653802663 ],
					"upshot_8chanmixer[1]::channel 8" : [ -25.018225610092955 ],
					"upshot_8chanmixer[1]::channel_01_mute" : [ 1.0 ],
					"upshot_8chanmixer[1]::channel_02_mute" : [ 1.0 ],
					"upshot_8chanmixer[1]::channel_03_mute" : [ 1.0 ],
					"upshot_8chanmixer[1]::channel_04_mute" : [ 1.0 ],
					"upshot_8chanmixer[1]::channel_05_mute" : [ 1.0 ],
					"upshot_8chanmixer[1]::channel_06_mute" : [ 1.0 ],
					"upshot_8chanmixer[1]::channel_07_mute" : [ 1.0 ],
					"upshot_8chanmixer[1]::channel_08_mute" : [ 1.0 ],
					"upshot_nodes[1]::circle width" : [ 127.0 ],
					"upshot_nodes[1]::direction" : [ 1.0 ],
					"upshot_nodes[1]::mode" : [ 1.0 ],
					"upshot_nodes[1]::node size" : [ 1.974803149606299 ],
					"upshot_nodes[1]::nodes" : [ 0.5, 0.147, 1.974803149606299, 1, 0.749609, 0.250391, 1.974803149606299, 1, 0.853, 0.5, 1.974803149606299, 1, 0.749609, 0.749609, 1.974803149606299, 1, 0.5, 0.853, 1.974803149606299, 1, 0.250391, 0.749609, 1.974803149606299, 1, 0.147, 0.5, 1.974803149606299, 1, 0.250391, 0.250391, 1.974803149606299, 1 ],
					"upshot_nodes[1]::number of nodes" : [ 8.0 ],
					"upshot_nodes[1]::random speed" : [ 0.02 ],
					"upshot_nodes[1]::rotation speed" : [ 110.0 ],
					"upshot_nodes[1]::x-axis" : [ 61.621778408889305 ],
					"upshot_nodes[1]::y-axis" : [ 0.027783372134495 ],
					"upshot_input::input channel" : [ 1 ],
					"upshot_input::input volume" : [ -3.0 ],
					"upshot_looper[1]::buffer_size" : [ 1000.0 ],
					"upshot_looper[1]::loop playback speed" : [ 1.0 ],
					"upshot_looper[1]::loop recording" : [ 0.0 ],
					"upshot_looper[1]::loop-end" : [ 999.977358862683786 ],
					"upshot_looper[1]::loop-start" : [ 0.0 ],
					"upshot_looper[1]::mode" : [ 0.0 ],
					"upshot_looper[1]::pitchshift" : [ 0.0 ],
					"upshot_looper[1]::play" : [ 0.0 ],
					"upshot_looper[1]::random" : [ 0.0 ],
					"upshot_looper[1]::random_range" : [ 140.472440944881811 ],
					"upshot_looper[1]::random_speed" : [ 140.472440944881953 ],
					"upshot_looper[1]::record" : [ 0.0 ],
					"upshot_looper[1]::volume" : [ -4.771653543307082 ]
				}

			}

		}

	}

}
