{
	"pattrstorage" : 	{
		"name" : "upshot",
		"slots" : 		{
			"1" : 			{
				"id" : 1,
				"data" : 				{
					"upshot_looper::buffer_size" : [ 250.0 ],
					"upshot_looper::loop playback speed" : [ 1.0 ],
					"upshot_looper::loop recording" : [ 0.0 ],
					"upshot_looper::loop-end" : [ 250.0 ],
					"upshot_looper::loop-start" : [ 0.0 ],
					"upshot_looper::mode" : [ 0.0 ],
					"upshot_looper::pitchshift" : [ 0.0 ],
					"upshot_looper::play" : [ 1.0 ],
					"upshot_looper::random" : [ 0.0 ],
					"upshot_looper::random_speed" : [ 110.0 ],
					"upshot_looper::randompitch" : [ 0.0 ],
					"upshot_looper::record" : [ 0.0 ],
					"upshot_looper::reset-pitch" : [ 0.0 ],
					"upshot_looper::volume" : [ -8.630535421128698 ],
					"upshot_output::DSP state" : [ 1.0 ],
					"upshot_output::output volumes" : [ -3.96291788766105 ],
					"upshot_looper[1]::buffer_size" : [ 300.0 ],
					"upshot_looper[1]::loop playback speed" : [ 1.0 ],
					"upshot_looper[1]::loop recording" : [ 0.0 ],
					"upshot_looper[1]::loop-end" : [ 125.213110565837511 ],
					"upshot_looper[1]::loop-start" : [ 0.0 ],
					"upshot_looper[1]::mode" : [ 0.0 ],
					"upshot_looper[1]::pitchshift" : [ 0.0 ],
					"upshot_looper[1]::play" : [ 1.0 ],
					"upshot_looper[1]::random" : [ 0.0 ],
					"upshot_looper[1]::random_speed" : [ 110.0 ],
					"upshot_looper[1]::randompitch" : [ 0.0 ],
					"upshot_looper[1]::record" : [ 0.0 ],
					"upshot_looper[1]::reset-pitch" : [ 0.0 ],
					"upshot_looper[1]::volume" : [ 2.414368597755342 ],
					"upshot_envelope[1]::envelope output" : [ 53.006883472871216 ],
					"upshot_envelope[1]::functions" : [ "data", 0, 16, 1000.0, 0.0, 1.0, 0.0, 0.0, 0, 0.0, 499.047619047619037, 1.0, 0, 0.0, 1000.0, 0.0, 2, 0.0, "curve", "data", 1, 20, 1000.0, 0.0, 1.0, 0.0, 0.138315886259079, 0, 0.0, 424.761904761904759, 0.890243902439024, 2, 0.0, 580.952380952380963, 0.384146341463415, 0, -0.0, 1000.0, 0.138315886259079, 0, -0.005, "curve", "data", 2, 24, 1000.0, 0.0, 1.0, 0.0, 0.0, 0, 0.0, 193.442622999999998, 1.0, 0, 0.0, 301.639343999999994, 0.430233, 0, 0.0, 675.409836000000041, 0.436047, 0, 0.0, 1000.0, 0.0, 0, 0.0, "curve", "data", 3, 36, 1000.0, 0.0, 1.0, 0.0, 0.0, 0, 0.0, 377.049179999999978, 1.0, 0, 0.0, 439.344262000000015, 0.0, 0, 0.0, 603.278688999999986, 0.824675, 0, 0.0, 708.196721000000025, 0.0, 0, 0.0, 757.377049000000056, 0.0, 0, 0.0, 832.786884999999984, 0.590909, 0, 0.0, 1000.0, 0.0, 0, 0.0, "curve", "data", 4, 20, 1000.0, 0.0, 1.0, 0.0, 0.0, 0, 0.0, 481.904761904761926, 0.774390243902439, 0, 0.318, 897.14285714285711, 1.0, 0, 0.56, 1000.0, 0.0, 0, 0.0, "curve", "data", 5, 20, 1000.0, 0.0, 1.0, 0.0, 0.0, 0, 0.0, 118.095238095238102, 0.75, 0, 0.0, 706.666666666666629, 1.0, 0, 0.0, 1000.0, 0.0, 0, 0.0, "curve", "data", 6, 28, 1000.0, 0.0, 1.0, 1.904761904761905, 0.0, 0, 0.0, 358.095238095238074, 0.195121951219512, 0, 0.0, 420.952380952380963, 0.75, 0, 0.0, 577.14285714285711, 1.0, 0, 0.0, 800.0, 1.0, 0, 0.0, 1000.0, 0.0, 0, 0.0, "curve", "data", 7, 28, 1000.0, 0.0, 1.0, 0.0, 0.0, 0, 0.0, 314.285714285714278, 0.018292682926829, 0, 0.0, 472.380952380952408, 0.518292682926829, 0, 0.0, 729.523809523809518, 0.0, 0, 0.0, 859.047619047619037, 1.0, 0, 0.0, 1000.0, 0.0, 0, 0.0, "curve" ],
					"upshot_envelope[1]::selected function" : [ 2.0 ],
					"upshot_envelope[1]::speed" : [ 0.290629921259843 ],
					"upshot_envelope[1]::state" : [ 1.0 ],
					"upshot_looper[2]::buffer_size" : [ 350.0 ],
					"upshot_looper[2]::loop playback speed" : [ -1.0 ],
					"upshot_looper[2]::loop recording" : [ 0.0 ],
					"upshot_looper[2]::loop-end" : [ 350.0 ],
					"upshot_looper[2]::loop-start" : [ 0.0 ],
					"upshot_looper[2]::mode" : [ 0.0 ],
					"upshot_looper[2]::pitchshift" : [ 0.0 ],
					"upshot_looper[2]::play" : [ 1.0 ],
					"upshot_looper[2]::random" : [ 0.0 ],
					"upshot_looper[2]::random_speed" : [ 110.0 ],
					"upshot_looper[2]::randompitch" : [ 0.0 ],
					"upshot_looper[2]::record" : [ 0.0 ],
					"upshot_looper[2]::reset-pitch" : [ 0.0 ],
					"upshot_looper[2]::volume" : [ -7.089941731690288 ],
					"upshot_granular::fade-time" : [ 2000.0 ],
					"upshot_granular::play" : [ 1.0 ],
					"upshot_granular::range max" : [ 51.329556823850261 ],
					"upshot_granular::range min" : [ 37.9823343958194 ],
					"upshot_granular::record" : [ 1.0 ],
					"upshot_granular::volume" : [ -3.0 ],
					"upshot_looper[3]::buffer_size" : [ 1000.0 ],
					"upshot_looper[3]::loop playback speed" : [ -0.00787401574803 ],
					"upshot_looper[3]::loop recording" : [ 1.0 ],
					"upshot_looper[3]::loop-end" : [ 1000.0 ],
					"upshot_looper[3]::loop-start" : [ 0.0 ],
					"upshot_looper[3]::mode" : [ 1.0 ],
					"upshot_looper[3]::pitchshift" : [ -24.0 ],
					"upshot_looper[3]::play" : [ 0.0 ],
					"upshot_looper[3]::random" : [ 0.0 ],
					"upshot_looper[3]::random_speed" : [ 110.0 ],
					"upshot_looper[3]::randompitch" : [ 0.0 ],
					"upshot_looper[3]::record" : [ 0.0 ],
					"upshot_looper[3]::reset-pitch" : [ 0.0 ],
					"upshot_looper[3]::volume" : [ 0.0 ],
					"upshot_nodes::circle width" : [ 127.0 ],
					"upshot_nodes::direction" : [ 0.0 ],
					"upshot_nodes::mode" : [ 1.0 ],
					"upshot_nodes::node size" : [ 0.716535433070871 ],
					"upshot_nodes::nodes" : [ 0.535584627846141, 0.439349963394951, 0.716535433070871, 1, 0.702614409688078, 0.250616412718353, 0.716535433070871, 1 ],
					"upshot_nodes::number of nodes" : [ 2.0 ],
					"upshot_nodes::random speed" : [ 0.03748031496063 ],
					"upshot_nodes::reset" : [ 0.0 ],
					"upshot_nodes::rotation speed" : [ 117.0 ],
					"upshot_nodes::x-axis" : [ 58.206309774143151 ],
					"upshot_nodes::y-axis" : [ 126.778960514476438 ],
					"upshot_easyverb::bypass" : [ 0.0 ],
					"upshot_easyverb::decay" : [ 86.999999999999957 ],
					"upshot_easyverb::volume" : [ 0.0 ],
					"upshot_gameoflife::GoL-globalchance-%" : [ 85.0 ],
					"upshot_gameoflife::GoL-globalramp-t" : [ 500.0 ],
					"upshot_gameoflife::GoL-speed" : [ 120.0 ],
					"upshot_gameoflife::gol-out[0]" : [ 89.093286573491213 ],
					"upshot_gameoflife::gol-out[1]" : [ 66.520865886520795 ],
					"upshot_gameoflife::gol-out[2]" : [ 95.25 ],
					"upshot_gameoflife::gol-out[3]" : [ 124.460000000000008 ],
					"upshot_gameoflife::gol-out[4]" : [ 88.591612112988727 ],
					"upshot_gameoflife::gol-out[5]" : [ 116.840000000000003 ],
					"upshot_gameoflife::gol-out[6]" : [ 67.310000000000002 ],
					"upshot_gameoflife::gol-out[7]" : [ 110.490000000000009 ],
					"upshot_gameoflife::probability" : [ 85.0 ],
					"upshot_gameoflife::ramp" : [ 1.0 ],
					"upshot_gameoflife::ramptime" : [ 1596.062992125985602 ],
					"upshot_gameoflife::rslider" : [ 0, 90 ],
					"upshot_gameoflife::spawnlife" : [ 1.0 ],
					"upshot_gameoflife::triggerlife" : [ 0.0 ],
					"upshot_binaryprobabilitycalculator::probability-one" : [ 65.748031496062978 ],
					"upshot_binaryprobabilitycalculator::probability-zero" : [ 34.251968503937022 ],
					"upshot_binaryprobabilitycalculator[1]::probability-one" : [ 61.023622047244075 ],
					"upshot_binaryprobabilitycalculator[1]::probability-zero" : [ 38.976377952755925 ],
					"upshot_binaryprobabilitycalculator[2]::probability-one" : [ 69.685039370078698 ],
					"upshot_binaryprobabilitycalculator[2]::probability-zero" : [ 30.314960629921302 ],
					"upshot_binaryprobabilitycalculator[3]::probability-one" : [ 50.0 ],
					"upshot_binaryprobabilitycalculator[3]::probability-zero" : [ 50.0 ],
					"upshot_binaryprobabilitycalculator[4]::probability-one" : [ 79.133858267716491 ],
					"upshot_binaryprobabilitycalculator[4]::probability-zero" : [ 20.866141732283509 ],
					"upshot_binaryprobabilitycalculator[8]::probability-one" : [ 80.708661417322787 ],
					"upshot_binaryprobabilitycalculator[8]::probability-zero" : [ 19.291338582677213 ],
					"upshot_binaryprobabilitycalculator[7]::probability-one" : [ 50.0 ],
					"upshot_binaryprobabilitycalculator[7]::probability-zero" : [ 50.0 ],
					"upshot_binaryprobabilitycalculator[6]::probability-one" : [ 50.0 ],
					"upshot_binaryprobabilitycalculator[6]::probability-zero" : [ 50.0 ],
					"upshot_binaryprobabilitycalculator[5]::probability-one" : [ 50.0 ],
					"upshot_binaryprobabilitycalculator[5]::probability-zero" : [ 50.0 ],
					"upshot_binaryprobabilitycalculator[12]::probability-one" : [ 30.0 ],
					"upshot_binaryprobabilitycalculator[12]::probability-zero" : [ 70.0 ],
					"upshot_binaryprobabilitycalculator[11]::probability-one" : [ 60.0 ],
					"upshot_binaryprobabilitycalculator[11]::probability-zero" : [ 40.0 ],
					"upshot_binaryprobabilitycalculator[10]::probability-one" : [ 50.0 ],
					"upshot_binaryprobabilitycalculator[10]::probability-zero" : [ 50.0 ],
					"upshot_binaryprobabilitycalculator[9]::probability-one" : [ 50.0 ],
					"upshot_binaryprobabilitycalculator[9]::probability-zero" : [ 50.0 ],
					"upshot_easyverb[1]::bypass" : [ 0.0 ],
					"upshot_easyverb[1]::decay" : [ 78.999999999999972 ],
					"upshot_easyverb[1]::volume" : [ 0.0 ],
					"upshot_binaryprobabilitycalculator[13]::probability-one" : [ 50.0 ],
					"upshot_binaryprobabilitycalculator[13]::probability-zero" : [ 50.0 ],
					"upshot_binaryprobabilitycalculator[14]::probability-one" : [ 50.0 ],
					"upshot_binaryprobabilitycalculator[14]::probability-zero" : [ 50.0 ],
					"upshot_mixer::audio to 1" : [ 0.0 ],
					"upshot_mixer::audio to 2" : [ 0.0 ],
					"upshot_mixer::audio to 3" : [ 0.0 ],
					"upshot_mixer::audio to 4" : [ 0.0 ],
					"upshot_mixer::audio to 5" : [ 0.0 ],
					"upshot_mixer::audio to 6" : [ 0.0 ],
					"upshot_mixer::audio to 7" : [ 0.0 ],
					"upshot_mixer::audio to 8" : [ 0.0 ],
					"upshot_mixer::channel 1" : [ 0.0 ],
					"upshot_mixer::channel 2" : [ 0.380669514338166 ],
					"upshot_mixer::channel 3" : [ -2.613142078629963 ],
					"upshot_mixer::channel 4" : [ -2.527402796040263 ],
					"upshot_mixer::channel 5" : [ -4.79038768344455 ],
					"upshot_mixer::channel 6" : [ -6.963410064199977 ],
					"upshot_mixer::channel 7" : [ 0.0 ],
					"upshot_mixer::channel 8" : [ 0.0 ],
					"upshot_mixer::channel_01_mute" : [ 1.0 ],
					"upshot_mixer::channel_02_mute" : [ 1.0 ],
					"upshot_mixer::channel_03_mute" : [ 1.0 ],
					"upshot_mixer::channel_04_mute" : [ 1.0 ],
					"upshot_mixer::channel_05_mute" : [ 1.0 ],
					"upshot_mixer::channel_06_mute" : [ 1.0 ],
					"upshot_mixer::channel_07_mute" : [ 1.0 ],
					"upshot_mixer::channel_08_mute" : [ 1.0 ],
					"upshot_binaryprobabilitycalculator[15]::probability-one" : [ 50.0 ],
					"upshot_binaryprobabilitycalculator[15]::probability-zero" : [ 50.0 ],
					"upshot_waveslope::output" : [ 103.178487198931478 ],
					"upshot_waveslope::output_range" : [ 102, 121 ],
					"upshot_waveslope::speed" : [ 1.228346456692913 ],
					"upshot_waveslope::waveshape" : [ 0.0 ],
					"upshot_waveslope[1]::output" : [ 121.161856563011895 ],
					"upshot_waveslope[1]::output_range" : [ 103, 122 ],
					"upshot_waveslope[1]::speed" : [ 0.921259842519685 ],
					"upshot_waveslope[1]::waveshape" : [ 0.0 ],
					"upshot_audiofileplayer::AFP-vol" : [ 0.0 ],
					"upshot_audiofileplayer::loop state" : [ 0.0 ],
					"upshot_audiofileplayer::open file" : [ 0.0 ],
					"upshot_audiofileplayer::pause" : [ 0.0 ],
					"upshot_audiofileplayer::state" : [ 0.0 ],
					"upshot_waveslope[2]::output" : [ 105.686889744555558 ],
					"upshot_waveslope[2]::output_range" : [ 102, 123 ],
					"upshot_waveslope[2]::speed" : [ 1.015748031496063 ],
					"upshot_waveslope[2]::waveshape" : [ 0.0 ],
					"upshot_attack_detection::sensitivity" : [ 117.000000000000128 ],
					"upshot_attack_detection::state" : [ 1.0 ]
				}

			}

		}

	}

}
