{
	"pattrstorage" : 	{
		"name" : "upshot",
		"slots" : 		{
			"1" : 			{
				"id" : 1,
				"data" : 				{
					"upshot_output::DSP state" : [ 1.0 ],
					"upshot_output::output volumes" : [ 0.0 ],
					"upshot_mixer::audio to 1" : [ 0.0 ],
					"upshot_mixer::audio to 2" : [ 0.0 ],
					"upshot_mixer::audio to 3" : [ 0.0 ],
					"upshot_mixer::audio to 4" : [ 0.0 ],
					"upshot_mixer::audio to 5" : [ 0.0 ],
					"upshot_mixer::audio to 6" : [ 0.0 ],
					"upshot_mixer::audio to 7" : [ 0.0 ],
					"upshot_mixer::audio to 8" : [ 0.0 ],
					"upshot_mixer::channel 1" : [ -0.217754013582152 ],
					"upshot_mixer::channel 2" : [ -2.784620643809291 ],
					"upshot_mixer::channel 3" : [ -0.730377424211767 ],
					"upshot_mixer::channel 4" : [ -0.476659138997405 ],
					"upshot_mixer::channel 5" : [ 0.0 ],
					"upshot_mixer::channel 6" : [ -10.562398421587076 ],
					"upshot_mixer::channel 7" : [ 0.0 ],
					"upshot_mixer::channel 8" : [ 0.0 ],
					"upshot_mixer::channel_01_mute" : [ 1.0 ],
					"upshot_mixer::channel_02_mute" : [ 1.0 ],
					"upshot_mixer::channel_03_mute" : [ 1.0 ],
					"upshot_mixer::channel_04_mute" : [ 1.0 ],
					"upshot_mixer::channel_05_mute" : [ 1.0 ],
					"upshot_mixer::channel_06_mute" : [ 1.0 ],
					"upshot_mixer::channel_07_mute" : [ 1.0 ],
					"upshot_mixer::channel_08_mute" : [ 1.0 ],
					"upshot_collatzsequencer::collatz_freetempo" : [ 200.0 ],
					"upshot_collatzsequencer::collatz_global_quantize" : [ 10.0 ],
					"upshot_collatzsequencer::collatz_input" : [ 3.0 ],
					"upshot_collatzsequencer::collatz_onoff" : [ 0.0 ],
					"upshot_collatzsequencer::duration" : [ 250.0 ],
					"upshot_collatzsequencer::maxduration" : [ 0.0 ],
					"upshot_collatzsequencer::note_number" : [ 94.0 ],
					"upshot_collatzsequencer::random_N" : [ 0.0 ],
					"upshot_collatzsequencer::random_pitch" : [ 1.0 ],
					"upshot_collatzsequencer::root" : [ 0.0 ],
					"upshot_collatzsequencer::rslider" : [ 69, 98 ],
					"upshot_collatzsequencer::scales" : [ 6.0 ],
					"upshot_collatzsequencer::velocity" : [ 100.0 ],
					"upshot_transport::bars" : [ 73 ],
					"upshot_transport::beats" : [ 3 ],
					"upshot_transport::bpm" : [ 120.0 ],
					"upshot_transport::click-state" : [ 0.0 ],
					"upshot_transport::live.text" : [ 0.0 ],
					"upshot_transport::location" : [ 0.0 ],
					"upshot_transport::pulse[1]" : [ 1.0 ],
					"upshot_transport::taptotempo" : [ 0.0 ],
					"upshot_transport::timesig-beats" : [ 4 ],
					"upshot_transport::timesig-unit" : [ "4" ],
					"upshot_transport::transport[1]" : [ 0.0 ],
					"upshot_transport::units" : [ 120.0 ],
					"upshot_transport::volume" : [ 0.0 ],
					"upshot_polysynth::carrier-attack" : [ 0.0 ],
					"upshot_polysynth::carrier-brightness" : [ 0.0 ],
					"upshot_polysynth::carrier-decay" : [ 0.0 ],
					"upshot_polysynth::carrier-ratio" : [ 0.0 ],
					"upshot_polysynth::carrier-release" : [ 0.0 ],
					"upshot_polysynth::carrier-sustain" : [ 0.0 ],
					"upshot_polysynth::midiout" : [ 1 ],
					"upshot_polysynth::modulator-attack" : [ 1.437485346916837 ],
					"upshot_polysynth::modulator-decay" : [ 388.26843314081168 ],
					"upshot_polysynth::modulator-release" : [ 40.740892538783186 ],
					"upshot_polysynth::modulator-sustain" : [ 33.858267716535487 ],
					"upshot_polysynth::refresh" : [ 0.0 ],
					"upshot_polysynth::volume" : [ -8.113883689466931 ],
					"upshot_polysynth::wave-type" : [ 1 ],
					"upshot_yafrverb::damping" : [ 50.0 ],
					"upshot_yafrverb::decay time" : [ 79.55118110236225 ],
					"upshot_yafrverb::diffiusion" : [ 85.314960629921245 ],
					"upshot_yafrverb::dry/wet" : [ 50.0 ],
					"upshot_yafrverb::room size" : [ 64.000000000000043 ],
					"upshot_yafrverb::volume" : [ 0.0 ],
					"upshot_collatzsequencer[1]::collatz_freetempo" : [ 200.0 ],
					"upshot_collatzsequencer[1]::collatz_global_quantize" : [ 5.0 ],
					"upshot_collatzsequencer[1]::collatz_input" : [ 3.0 ],
					"upshot_collatzsequencer[1]::collatz_onoff" : [ 0.0 ],
					"upshot_collatzsequencer[1]::duration" : [ 2000.0 ],
					"upshot_collatzsequencer[1]::maxduration" : [ 0.0 ],
					"upshot_collatzsequencer[1]::note_number" : [ 36.0 ],
					"upshot_collatzsequencer[1]::random_N" : [ 0.0 ],
					"upshot_collatzsequencer[1]::random_pitch" : [ 1.0 ],
					"upshot_collatzsequencer[1]::root" : [ 0.0 ],
					"upshot_collatzsequencer[1]::rslider" : [ 36, 47 ],
					"upshot_collatzsequencer[1]::scales" : [ 6.0 ],
					"upshot_collatzsequencer[1]::velocity" : [ 100.0 ],
					"upshot_polysynth[1]::carrier-attack" : [ 0.0 ],
					"upshot_polysynth[1]::carrier-brightness" : [ 0.0 ],
					"upshot_polysynth[1]::carrier-decay" : [ 0.0 ],
					"upshot_polysynth[1]::carrier-ratio" : [ 0.0 ],
					"upshot_polysynth[1]::carrier-release" : [ 0.0 ],
					"upshot_polysynth[1]::carrier-sustain" : [ 0.0 ],
					"upshot_polysynth[1]::midiout" : [ 1 ],
					"upshot_polysynth[1]::modulator-attack" : [ 36.387570970551586 ],
					"upshot_polysynth[1]::modulator-decay" : [ 195.177522495957589 ],
					"upshot_polysynth[1]::modulator-release" : [ 74.811396547473905 ],
					"upshot_polysynth[1]::modulator-sustain" : [ 78.740157480314934 ],
					"upshot_polysynth[1]::refresh" : [ 0.0 ],
					"upshot_polysynth[1]::volume" : [ -2.0 ],
					"upshot_polysynth[1]::wave-type" : [ 1 ],
					"upshot_collatzsequencer[2]::collatz_freetempo" : [ 200.0 ],
					"upshot_collatzsequencer[2]::collatz_global_quantize" : [ 10.0 ],
					"upshot_collatzsequencer[2]::collatz_input" : [ 1.0 ],
					"upshot_collatzsequencer[2]::collatz_onoff" : [ 0.0 ],
					"upshot_collatzsequencer[2]::duration" : [ 50.0 ],
					"upshot_collatzsequencer[2]::maxduration" : [ 0.0 ],
					"upshot_collatzsequencer[2]::note_number" : [ 60.0 ],
					"upshot_collatzsequencer[2]::random_N" : [ 0.0 ],
					"upshot_collatzsequencer[2]::random_pitch" : [ 0.0 ],
					"upshot_collatzsequencer[2]::root" : [ 0.0 ],
					"upshot_collatzsequencer[2]::rslider" : [ 0, 127 ],
					"upshot_collatzsequencer[2]::scales" : [ 6.0 ],
					"upshot_collatzsequencer[2]::velocity" : [ 100.0 ],
					"upshot_polysynth[2]::carrier-attack" : [ 0.0 ],
					"upshot_polysynth[2]::carrier-brightness" : [ 32.0 ],
					"upshot_polysynth[2]::carrier-decay" : [ 0.0 ],
					"upshot_polysynth[2]::carrier-ratio" : [ 1.889763779527559 ],
					"upshot_polysynth[2]::carrier-release" : [ 0.0 ],
					"upshot_polysynth[2]::carrier-sustain" : [ 35.433070866141712 ],
					"upshot_polysynth[2]::midiout" : [ 1 ],
					"upshot_polysynth[2]::modulator-attack" : [ 0.0 ],
					"upshot_polysynth[2]::modulator-decay" : [ 2.50864230440897 ],
					"upshot_polysynth[2]::modulator-release" : [ 0.0 ],
					"upshot_polysynth[2]::modulator-sustain" : [ 0.0 ],
					"upshot_polysynth[2]::refresh" : [ 0.0 ],
					"upshot_polysynth[2]::volume" : [ -8.85496752457577 ],
					"upshot_polysynth[2]::wave-type" : [ 2 ],
					"upshot_collatzsequencer[3]::collatz_freetempo" : [ 200.0 ],
					"upshot_collatzsequencer[3]::collatz_global_quantize" : [ 8.0 ],
					"upshot_collatzsequencer[3]::collatz_input" : [ 6.0 ],
					"upshot_collatzsequencer[3]::collatz_onoff" : [ 0.0 ],
					"upshot_collatzsequencer[3]::duration" : [ 65.354330708661422 ],
					"upshot_collatzsequencer[3]::maxduration" : [ 0.0 ],
					"upshot_collatzsequencer[3]::note_number" : [ 36.0 ],
					"upshot_collatzsequencer[3]::random_N" : [ 0.0 ],
					"upshot_collatzsequencer[3]::random_pitch" : [ 0.0 ],
					"upshot_collatzsequencer[3]::root" : [ 0.0 ],
					"upshot_collatzsequencer[3]::rslider" : [ 0, 127 ],
					"upshot_collatzsequencer[3]::scales" : [ 6.0 ],
					"upshot_collatzsequencer[3]::velocity" : [ 100.0 ],
					"upshot_polysynth[3]::carrier-attack" : [ 0.0 ],
					"upshot_polysynth[3]::carrier-brightness" : [ 0.0 ],
					"upshot_polysynth[3]::carrier-decay" : [ 0.0 ],
					"upshot_polysynth[3]::carrier-ratio" : [ 0.0 ],
					"upshot_polysynth[3]::carrier-release" : [ 0.0 ],
					"upshot_polysynth[3]::carrier-sustain" : [ 0.0 ],
					"upshot_polysynth[3]::midiout" : [ 1 ],
					"upshot_polysynth[3]::modulator-attack" : [ 0.103799588476958 ],
					"upshot_polysynth[3]::modulator-decay" : [ 55.976535856933246 ],
					"upshot_polysynth[3]::modulator-release" : [ 6.134656501710436 ],
					"upshot_polysynth[3]::modulator-sustain" : [ 20.472440944881892 ],
					"upshot_polysynth[3]::refresh" : [ 0.0 ],
					"upshot_polysynth[3]::volume" : [ -3.0 ],
					"upshot_polysynth[3]::wave-type" : [ 1 ],
					"upshot_collatzsequencer[4]::collatz_freetempo" : [ 200.0 ],
					"upshot_collatzsequencer[4]::collatz_global_quantize" : [ 8.0 ],
					"upshot_collatzsequencer[4]::collatz_input" : [ 3.0 ],
					"upshot_collatzsequencer[4]::collatz_onoff" : [ 0.0 ],
					"upshot_collatzsequencer[4]::duration" : [ 2000.0 ],
					"upshot_collatzsequencer[4]::maxduration" : [ 0.0 ],
					"upshot_collatzsequencer[4]::note_number" : [ 48.0 ],
					"upshot_collatzsequencer[4]::random_N" : [ 0.0 ],
					"upshot_collatzsequencer[4]::random_pitch" : [ 0.0 ],
					"upshot_collatzsequencer[4]::root" : [ 0.0 ],
					"upshot_collatzsequencer[4]::rslider" : [ 0, 127 ],
					"upshot_collatzsequencer[4]::scales" : [ 6.0 ],
					"upshot_collatzsequencer[4]::velocity" : [ 100.0 ],
					"upshot_polysynth[4]::carrier-attack" : [ 0.0 ],
					"upshot_polysynth[4]::carrier-brightness" : [ 0.0 ],
					"upshot_polysynth[4]::carrier-decay" : [ 0.0 ],
					"upshot_polysynth[4]::carrier-ratio" : [ 0.0 ],
					"upshot_polysynth[4]::carrier-release" : [ 0.0 ],
					"upshot_polysynth[4]::carrier-sustain" : [ 0.0 ],
					"upshot_polysynth[4]::midiout" : [ 1 ],
					"upshot_polysynth[4]::modulator-attack" : [ 1.437485346916837 ],
					"upshot_polysynth[4]::modulator-decay" : [ 81.965633541668893 ],
					"upshot_polysynth[4]::modulator-release" : [ 81.965633541668623 ],
					"upshot_polysynth[4]::modulator-sustain" : [ 17.32283464566936 ],
					"upshot_polysynth[4]::refresh" : [ 0.0 ],
					"upshot_polysynth[4]::volume" : [ -6.38993741804498 ],
					"upshot_polysynth[4]::wave-type" : [ 4 ],
					"upshot_easyarp::chords" : [ 16.0 ],
					"upshot_easyarp::collatz_global_quantize" : [ 7.0 ],
					"upshot_easyarp::direction" : [ 2.0 ],
					"upshot_easyarp::freetempo" : [ 200.0 ],
					"upshot_easyarp::midiout" : [ 0 ],
					"upshot_easyarp::octaves" : [ 2.0 ],
					"upshot_easyarp::refresh" : [ 0.0 ],
					"upshot_easyarp::transport[1]" : [ 0.0 ],
					"upshot_yafrverb[1]::damping" : [ 50.0 ],
					"upshot_yafrverb[1]::decay time" : [ 79.55118110236225 ],
					"upshot_yafrverb[1]::diffiusion" : [ 85.314960629921245 ],
					"upshot_yafrverb[1]::dry/wet" : [ 50.0 ],
					"upshot_yafrverb[1]::room size" : [ 64.000000000000043 ],
					"upshot_yafrverb[1]::volume" : [ 0.0 ],
					"upshot_polysynth[5]::carrier-attack" : [ 0.0 ],
					"upshot_polysynth[5]::carrier-brightness" : [ 21.41732283464567 ],
					"upshot_polysynth[5]::carrier-decay" : [ 0.0 ],
					"upshot_polysynth[5]::carrier-ratio" : [ 2.677165354330709 ],
					"upshot_polysynth[5]::carrier-release" : [ 0.0 ],
					"upshot_polysynth[5]::carrier-sustain" : [ 66.929133858267718 ],
					"upshot_polysynth[5]::midiout" : [ 1 ],
					"upshot_polysynth[5]::modulator-attack" : [ 209.063995740867369 ],
					"upshot_polysynth[5]::modulator-decay" : [ 157.398582076990266 ],
					"upshot_polysynth[5]::modulator-release" : [ 826.159907700031567 ],
					"upshot_polysynth[5]::modulator-sustain" : [ 26.771653543307167 ],
					"upshot_polysynth[5]::refresh" : [ 0.0 ],
					"upshot_polysynth[5]::volume" : [ -7.059691934024592 ],
					"upshot_polysynth[5]::wave-type" : [ 2 ],
					"upshot_easyverb::bypass" : [ 0.0 ],
					"upshot_easyverb::decay" : [ 78.999999999999972 ],
					"upshot_easyverb::volume" : [ 0.0 ],
					"upshot_autocontrol::autoonoff" : [ 0.0 ],
					"upshot_autocontrol::custom_value" : [ 85.0 ],
					"upshot_autocontrol::destination_value" : [ 127.0 ],
					"upshot_autocontrol::initial_value" : [ 0.0 ],
					"upshot_autocontrol::interval" : [ 1000.0 ],
					"upshot_autocontrol::live.toggle" : [ 0.0 ],
					"upshot_autocontrol::probability" : [ 70.0 ],
					"upshot_autocontrol::probability-zero" : [ 30.0 ],
					"upshot_autocontrol::ramp" : [ 1.0 ],
					"upshot_autocontrol::ramp_time" : [ 1219.291338582678009 ],
					"upshot_autocontrol::rslider" : [ 0, 127 ],
					"upshot_attack_detection::sensitivity" : [ 89.000000000000171 ],
					"upshot_attack_detection::state" : [ 1.0 ],
					"upshot_collatzsequencer[5]::collatz_freetempo" : [ 200.0 ],
					"upshot_collatzsequencer[5]::collatz_global_quantize" : [ 11.0 ],
					"upshot_collatzsequencer[5]::collatz_input" : [ 1.0 ],
					"upshot_collatzsequencer[5]::collatz_onoff" : [ 0.0 ],
					"upshot_collatzsequencer[5]::duration" : [ 250.0 ],
					"upshot_collatzsequencer[5]::maxduration" : [ 0.0 ],
					"upshot_collatzsequencer[5]::note_number" : [ 60.0 ],
					"upshot_collatzsequencer[5]::random_N" : [ 0.0 ],
					"upshot_collatzsequencer[5]::random_pitch" : [ 0.0 ],
					"upshot_collatzsequencer[5]::root" : [ 0.0 ],
					"upshot_collatzsequencer[5]::rslider" : [ 0, 127 ],
					"upshot_collatzsequencer[5]::scales" : [ 0.0 ],
					"upshot_collatzsequencer[5]::velocity" : [ 100.0 ],
					"upshot_polysynth[6]::carrier-attack" : [ 0.0 ],
					"upshot_polysynth[6]::carrier-brightness" : [ 0.0 ],
					"upshot_polysynth[6]::carrier-decay" : [ 0.0 ],
					"upshot_polysynth[6]::carrier-ratio" : [ 0.0 ],
					"upshot_polysynth[6]::carrier-release" : [ 0.0 ],
					"upshot_polysynth[6]::carrier-sustain" : [ 0.0 ],
					"upshot_polysynth[6]::midiout" : [ 1 ],
					"upshot_polysynth[6]::modulator-attack" : [ 1.437485346916837 ],
					"upshot_polysynth[6]::modulator-decay" : [ 81.965633541668893 ],
					"upshot_polysynth[6]::modulator-release" : [ 81.965633541668623 ],
					"upshot_polysynth[6]::modulator-sustain" : [ 17.32283464566936 ],
					"upshot_polysynth[6]::refresh" : [ 0.0 ],
					"upshot_polysynth[6]::volume" : [ -22.132518799041826 ],
					"upshot_polysynth[6]::wave-type" : [ 1 ],
					"upshot_chords::chords" : [ 16.0 ],
					"upshot_chords::midiout" : [ 1 ],
					"upshot_chords::refresh" : [ 0.0 ],
					"upshot_yafrverb[2]::damping" : [ 50.0 ],
					"upshot_yafrverb[2]::decay time" : [ 79.55118110236225 ],
					"upshot_yafrverb[2]::diffiusion" : [ 85.314960629921245 ],
					"upshot_yafrverb[2]::dry/wet" : [ 50.0 ],
					"upshot_yafrverb[2]::room size" : [ 64.000000000000043 ],
					"upshot_yafrverb[2]::volume" : [ 0.0 ],
					"upshot_waveslope::output" : [ 81.194488622072924 ],
					"upshot_waveslope::output_range" : [ 79, 93 ],
					"upshot_waveslope::speed" : [ 0.401574803149606 ],
					"upshot_waveslope::waveshape" : [ 0.0 ]
				}

			}

		}

	}

}
