{
	"pattrstorage" : 	{
		"name" : "upshot",
		"slots" : 		{
			"1" : 			{
				"id" : 1,
				"data" : 				{
					"upshot_output::DSP state" : [ 1.0 ],
					"upshot_output::output volumes" : [ 0.0 ],
					"upshot_looper::buffer_size" : [ 1000.0 ],
					"upshot_looper::loop playback speed" : [ 1.0 ],
					"upshot_looper::loop recording" : [ 0.0 ],
					"upshot_looper::loop-end" : [ 907.981890826993549 ],
					"upshot_looper::loop-start" : [ 882.993227830855744 ],
					"upshot_looper::mode" : [ 0.0 ],
					"upshot_looper::pitchshift" : [ 0.0 ],
					"upshot_looper::play" : [ 1.0 ],
					"upshot_looper::random" : [ 1.0 ],
					"upshot_looper::random_range" : [ 31.719936178326513 ],
					"upshot_looper::random_speed" : [ 140.472440944881953 ],
					"upshot_looper::record" : [ 0.0 ],
					"upshot_looper::volume" : [ 1.019242552745027 ],
					"upshot_granular::fade-time" : [ 2000.0 ],
					"upshot_granular::play" : [ 1 ],
					"upshot_granular::range max" : [ 25.0 ],
					"upshot_granular::range min" : [ 62.0 ],
					"upshot_granular::record" : [ 1 ],
					"upshot_granular::volume" : [ -9.979620032086899 ],
					"upshot_collatzsequencer::collatz_freetempo" : [ 200.0 ],
					"upshot_collatzsequencer::collatz_input" : [ 3.0 ],
					"upshot_collatzsequencer::collatz_onoff" : [ 1.0 ],
					"upshot_collatzsequencer::duration" : [ 50.0 ],
					"upshot_collatzsequencer::maxduration" : [ 0.0 ],
					"upshot_collatzsequencer::note_number" : [ 60.0 ],
					"upshot_collatzsequencer::random_N" : [ 0.0 ],
					"upshot_collatzsequencer::random_pitch" : [ 0.0 ],
					"upshot_collatzsequencer::root" : [ 0.0 ],
					"upshot_collatzsequencer::rslider" : [ 0, 127 ],
					"upshot_collatzsequencer::scales" : [ 0.0 ],
					"upshot_collatzsequencer::velocity" : [ 100.0 ],
					"upshot_waveslope::output" : [ 8.269066081374818 ],
					"upshot_waveslope::output_range" : [ 0, 127 ],
					"upshot_waveslope::speed" : [ 0.803149606299212 ],
					"upshot_waveslope::waveshape" : [ 0.0 ],
					"upshot_compare::compare" : [ 2 ],
					"upshot_binaryprobabilitycalculator::probability-one" : [ 69.055118110236094 ],
					"upshot_binaryprobabilitycalculator::probability-zero" : [ 30.944881889763906 ],
					"upshot_binaryprobabilitycalculator[1]::probability-one" : [ 69.842519685039321 ],
					"upshot_binaryprobabilitycalculator[1]::probability-zero" : [ 30.157480314960679 ],
					"upshot_audiofileplayer[1]::AFP-loop" : [ 0 ],
					"upshot_audiofileplayer[1]::AFP-mode" : [ 0 ],
					"upshot_audiofileplayer[1]::AFP-play" : [ 0 ],
					"upshot_audiofileplayer[1]::AFP-vol" : [ 0.0 ],
					"upshot_audiofileplayer[1]::afp-open-file" : [ -1 ]
				}

			}

		}

	}

}
