{
	"pattrstorage" : 	{
		"name" : "upshot[1]",
		"slots" : 		{
			"1" : 			{
				"id" : 1,
				"data" : 				{
					"upshot_draw::clear" : [ 0.0 ],
					"upshot_draw::clear[1]" : [ 0.0 ],
					"upshot_draw::pensize" : [ 9.0 ],
					"upshot_draw::root" : [ 0 ],
					"upshot_draw::scales" : [ 7 ],
					"upshot_draw::swatch" : [ 23, 56, 69 ],
					"upshot_draw::swatch[1]" : [ 255, 255, 255 ],
					"upshot_draw::volume" : [ -10.13848526666127 ],
					"upshot_output::DSP state" : [ 1.0 ],
					"upshot_output::output volumes" : [ -5.984251968503941 ],
					"upshot_waveslope::output" : [ 38.497779756061711 ],
					"upshot_waveslope::output_range" : [ 0, 45 ],
					"upshot_waveslope::speed" : [ 0.01 ],
					"upshot_waveslope::waveshape" : [ 0.0 ],
					"upshot_waveslope[1]::output" : [ 6.827300864054815 ],
					"upshot_waveslope[1]::output_range" : [ 0, 95 ],
					"upshot_waveslope[1]::speed" : [ 0.047244094488189 ],
					"upshot_waveslope[1]::waveshape" : [ 0.0 ],
					"upshot_compare::compare" : [ 1 ],
					"upshot_compare::compare value" : [ 50.0 ],
					"upshot_waveslope[2]::output" : [ 121.355902948727703 ],
					"upshot_waveslope[2]::output_range" : [ 2, 127 ],
					"upshot_waveslope[2]::speed" : [ 0.236220472440944 ],
					"upshot_waveslope[2]::waveshape" : [ 0.0 ],
					"upshot_draw[1]::clear" : [ 0.0 ],
					"upshot_draw[1]::clear[1]" : [ 0.0 ],
					"upshot_draw[1]::pensize" : [ 3.0 ],
					"upshot_draw[1]::root" : [ 0 ],
					"upshot_draw[1]::scales" : [ 7 ],
					"upshot_draw[1]::swatch" : [ 211, 131, 134 ],
					"upshot_draw[1]::swatch[1]" : [ 255, 255, 255 ],
					"upshot_draw[1]::volume" : [ -10.13848526666127 ],
					"upshot_waveslope[5]::output" : [ 30.942502782678282 ],
					"upshot_waveslope[5]::output_range" : [ 25, 64 ],
					"upshot_waveslope[5]::speed" : [ 0.03 ],
					"upshot_waveslope[5]::waveshape" : [ 0.0 ],
					"upshot_waveslope[4]::output" : [ 32.204912557992479 ],
					"upshot_waveslope[4]::output_range" : [ 0, 88 ],
					"upshot_waveslope[4]::speed" : [ 0.023622047244094 ],
					"upshot_waveslope[4]::waveshape" : [ 0.0 ],
					"upshot_compare[1]::compare" : [ 1 ],
					"upshot_compare[1]::compare value" : [ 50.0 ],
					"upshot_waveslope[3]::output" : [ 28.416474809128633 ],
					"upshot_waveslope[3]::output_range" : [ 1, 127 ],
					"upshot_waveslope[3]::speed" : [ 0.188976377952756 ],
					"upshot_waveslope[3]::waveshape" : [ 0.0 ],
					"upshot_draw[2]::clear" : [ 0.0 ],
					"upshot_draw[2]::clear[1]" : [ 0.0 ],
					"upshot_draw[2]::pensize" : [ 9.0 ],
					"upshot_draw[2]::root" : [ 0 ],
					"upshot_draw[2]::scales" : [ 7 ],
					"upshot_draw[2]::swatch" : [ 52, 177, 158 ],
					"upshot_draw[2]::swatch[1]" : [ 255, 255, 255 ],
					"upshot_draw[2]::volume" : [ -10.13848526666127 ],
					"upshot_waveslope[8]::output" : [ 45.006065595878709 ],
					"upshot_waveslope[8]::output_range" : [ 45, 93 ],
					"upshot_waveslope[8]::speed" : [ 0.04 ],
					"upshot_waveslope[8]::waveshape" : [ 0.0 ],
					"upshot_waveslope[7]::output" : [ 68.92072624942287 ],
					"upshot_waveslope[7]::output_range" : [ 0, 94 ],
					"upshot_waveslope[7]::speed" : [ 0.094488188976378 ],
					"upshot_waveslope[7]::waveshape" : [ 0.0 ],
					"upshot_compare[2]::compare" : [ 1 ],
					"upshot_compare[2]::compare value" : [ 50.0 ],
					"upshot_waveslope[6]::output" : [ 121.265597395907406 ],
					"upshot_waveslope[6]::output_range" : [ 0, 127 ],
					"upshot_waveslope[6]::speed" : [ 0.236220472440945 ],
					"upshot_waveslope[6]::waveshape" : [ 0.0 ],
					"upshot_draw[3]::clear" : [ 0.0 ],
					"upshot_draw[3]::clear[1]" : [ 0.0 ],
					"upshot_draw[3]::pensize" : [ 3.0 ],
					"upshot_draw[3]::root" : [ 0 ],
					"upshot_draw[3]::scales" : [ 7 ],
					"upshot_draw[3]::swatch" : [ 2, 247, 125 ],
					"upshot_draw[3]::swatch[1]" : [ 255, 255, 255 ],
					"upshot_draw[3]::volume" : [ -10.13848526666127 ],
					"upshot_waveslope[11]::output" : [ 70.783192749463808 ],
					"upshot_waveslope[11]::output_range" : [ 58, 106 ],
					"upshot_waveslope[11]::speed" : [ 0.026377952755906 ],
					"upshot_waveslope[11]::waveshape" : [ 0.0 ],
					"upshot_waveslope[10]::output" : [ 0.970701177907394 ],
					"upshot_waveslope[10]::output_range" : [ 0, 85 ],
					"upshot_waveslope[10]::speed" : [ 0.118110236220472 ],
					"upshot_waveslope[10]::waveshape" : [ 0.0 ],
					"upshot_compare[3]::compare" : [ 1 ],
					"upshot_compare[3]::compare value" : [ 50.0 ],
					"upshot_waveslope[9]::output" : [ 40.543341606655197 ],
					"upshot_waveslope[9]::output_range" : [ 0, 127 ],
					"upshot_waveslope[9]::speed" : [ 0.377952755905511 ],
					"upshot_waveslope[9]::waveshape" : [ 0.0 ],
					"upshot_nodes::circle width" : [ 46.999999999999964 ],
					"upshot_nodes::direction" : [ 0.0 ],
					"upshot_nodes::mode" : [ 1.0 ],
					"upshot_nodes::node size" : [ 1.0 ],
					"upshot_nodes::nodes" : [ 0.5, 0.147, 1.0, 1, 0.749609, 0.250391, 1.0, 1, 0.853, 0.5, 1.0, 1, 0.749609, 0.749609, 1.0, 1, 0.5, 0.853, 1.0, 1, 0.250391, 0.749609, 1.0, 1, 0.147, 0.5, 1.0, 1, 0.250391, 0.250391, 1.0, 1 ],
					"upshot_nodes::number of nodes" : [ 8.0 ],
					"upshot_nodes::random speed" : [ 0.03748031496063 ],
					"upshot_nodes::reset" : [ 0.0 ],
					"upshot_nodes::rotation speed" : [ 103.0 ],
					"upshot_nodes::x-axis" : [ 87.038801619125422 ],
					"upshot_nodes::y-axis" : [ 84.432625691380863 ],
					"upshot_8chanmixer::audio to 1" : [ 0.0 ],
					"upshot_8chanmixer::audio to 2" : [ 1.0 ],
					"upshot_8chanmixer::audio to 3" : [ 0.0 ],
					"upshot_8chanmixer::audio to 4" : [ 1.0 ],
					"upshot_8chanmixer::audio to 5" : [ 0.0 ],
					"upshot_8chanmixer::audio to 6" : [ 1.0 ],
					"upshot_8chanmixer::audio to 7" : [ 0.0 ],
					"upshot_8chanmixer::audio to 8" : [ 1.0 ],
					"upshot_8chanmixer::channel 1" : [ -14.601895800655839 ],
					"upshot_8chanmixer::channel 2" : [ -2.298262059056754 ],
					"upshot_8chanmixer::channel 3" : [ -12.338317132420578 ],
					"upshot_8chanmixer::channel 4" : [ -26.712091645637621 ],
					"upshot_8chanmixer::channel 5" : [ -36.899591776151745 ],
					"upshot_8chanmixer::channel 6" : [ -40.86102487625277 ],
					"upshot_8chanmixer::channel 7" : [ -37.914908742843991 ],
					"upshot_8chanmixer::channel 8" : [ -28.56495140776228 ],
					"upshot_8chanmixer::channel_01_mute" : [ 1.0 ],
					"upshot_8chanmixer::channel_02_mute" : [ 1.0 ],
					"upshot_8chanmixer::channel_03_mute" : [ 1.0 ],
					"upshot_8chanmixer::channel_04_mute" : [ 1.0 ],
					"upshot_8chanmixer::channel_05_mute" : [ 1.0 ],
					"upshot_8chanmixer::channel_06_mute" : [ 1.0 ],
					"upshot_8chanmixer::channel_07_mute" : [ 1.0 ],
					"upshot_8chanmixer::channel_08_mute" : [ 1.0 ],
					"upshot_nodes[4]::circle width" : [ 51.000000000000064 ],
					"upshot_nodes[4]::direction" : [ 0.0 ],
					"upshot_nodes[4]::mode" : [ 1.0 ],
					"upshot_nodes[4]::node size" : [ 1.0 ],
					"upshot_nodes[4]::nodes" : [ 0.5, 0.147, 1.0, 1, 0.749609, 0.250391, 1.0, 1, 0.853, 0.5, 1.0, 1, 0.749609, 0.749609, 1.0, 1, 0.5, 0.853, 1.0, 1, 0.250391, 0.749609, 1.0, 1, 0.147, 0.5, 1.0, 1, 0.250391, 0.250391, 1.0, 1 ],
					"upshot_nodes[4]::number of nodes" : [ 8.0 ],
					"upshot_nodes[4]::random speed" : [ 0.03748031496063 ],
					"upshot_nodes[4]::reset" : [ 0.0 ],
					"upshot_nodes[4]::rotation speed" : [ 101.0 ],
					"upshot_nodes[4]::x-axis" : [ 31.68877962977307 ],
					"upshot_nodes[4]::y-axis" : [ 72.646379532736375 ],
					"upshot_8chanmixer[1]::audio to 1" : [ 0.0 ],
					"upshot_8chanmixer[1]::audio to 2" : [ 1.0 ],
					"upshot_8chanmixer[1]::audio to 3" : [ 0.0 ],
					"upshot_8chanmixer[1]::audio to 4" : [ 1.0 ],
					"upshot_8chanmixer[1]::audio to 5" : [ 0.0 ],
					"upshot_8chanmixer[1]::audio to 6" : [ 1.0 ],
					"upshot_8chanmixer[1]::audio to 7" : [ 0.0 ],
					"upshot_8chanmixer[1]::audio to 8" : [ 1.0 ],
					"upshot_8chanmixer[1]::channel 1" : [ -23.360730109407022 ],
					"upshot_8chanmixer[1]::channel 2" : [ -35.393635104145197 ],
					"upshot_8chanmixer[1]::channel 3" : [ -41.405605063163861 ],
					"upshot_8chanmixer[1]::channel 4" : [ -40.377901359506268 ],
					"upshot_8chanmixer[1]::channel 5" : [ -32.480348313097345 ],
					"upshot_8chanmixer[1]::channel 6" : [ -19.087055870142031 ],
					"upshot_8chanmixer[1]::channel 7" : [ -3.772322520776001 ],
					"upshot_8chanmixer[1]::channel 8" : [ -7.852207941503636 ],
					"upshot_8chanmixer[1]::channel_01_mute" : [ 1.0 ],
					"upshot_8chanmixer[1]::channel_02_mute" : [ 1.0 ],
					"upshot_8chanmixer[1]::channel_03_mute" : [ 1.0 ],
					"upshot_8chanmixer[1]::channel_04_mute" : [ 1.0 ],
					"upshot_8chanmixer[1]::channel_05_mute" : [ 1.0 ],
					"upshot_8chanmixer[1]::channel_06_mute" : [ 1.0 ],
					"upshot_8chanmixer[1]::channel_07_mute" : [ 1.0 ],
					"upshot_8chanmixer[1]::channel_08_mute" : [ 1.0 ],
					"upshot_nodes[1]::circle width" : [ 127.0 ],
					"upshot_nodes[1]::direction" : [ 0.0 ],
					"upshot_nodes[1]::mode" : [ 1.0 ],
					"upshot_nodes[1]::node size" : [ 1.0 ],
					"upshot_nodes[1]::nodes" : [ 0.5, 0.147, 1.0, 1, 0.749609, 0.250391, 1.0, 1, 0.853, 0.5, 1.0, 1, 0.749609, 0.749609, 1.0, 1, 0.5, 0.853, 1.0, 1, 0.250391, 0.749609, 1.0, 1, 0.147, 0.5, 1.0, 1, 0.250391, 0.250391, 1.0, 1 ],
					"upshot_nodes[1]::number of nodes" : [ 8.0 ],
					"upshot_nodes[1]::random speed" : [ 0.03748031496063 ],
					"upshot_nodes[1]::reset" : [ 0.0 ],
					"upshot_nodes[1]::rotation speed" : [ 100.0 ],
					"upshot_nodes[1]::x-axis" : [ 12.903105021322741 ],
					"upshot_nodes[1]::y-axis" : [ 25.1306864992778 ],
					"upshot_8chanmixer[2]::audio to 1" : [ 0.0 ],
					"upshot_8chanmixer[2]::audio to 2" : [ 1.0 ],
					"upshot_8chanmixer[2]::audio to 3" : [ 0.0 ],
					"upshot_8chanmixer[2]::audio to 4" : [ 1.0 ],
					"upshot_8chanmixer[2]::audio to 5" : [ 0.0 ],
					"upshot_8chanmixer[2]::audio to 6" : [ 1.0 ],
					"upshot_8chanmixer[2]::audio to 7" : [ 0.0 ],
					"upshot_8chanmixer[2]::audio to 8" : [ 1.0 ],
					"upshot_8chanmixer[2]::channel 1" : [ -53.806528793847747 ],
					"upshot_8chanmixer[2]::channel 2" : [ -60.383552404888547 ],
					"upshot_8chanmixer[2]::channel 3" : [ -57.16940305164767 ],
					"upshot_8chanmixer[2]::channel 4" : [ -44.710444877825445 ],
					"upshot_8chanmixer[2]::channel 5" : [ -25.327646346807811 ],
					"upshot_8chanmixer[2]::channel 6" : [ -6.307315004477246 ],
					"upshot_8chanmixer[2]::channel 7" : [ -17.829998533329473 ],
					"upshot_8chanmixer[2]::channel 8" : [ -38.57237723977758 ],
					"upshot_8chanmixer[2]::channel_01_mute" : [ 1.0 ],
					"upshot_8chanmixer[2]::channel_02_mute" : [ 1.0 ],
					"upshot_8chanmixer[2]::channel_03_mute" : [ 1.0 ],
					"upshot_8chanmixer[2]::channel_04_mute" : [ 1.0 ],
					"upshot_8chanmixer[2]::channel_05_mute" : [ 1.0 ],
					"upshot_8chanmixer[2]::channel_06_mute" : [ 1.0 ],
					"upshot_8chanmixer[2]::channel_07_mute" : [ 1.0 ],
					"upshot_8chanmixer[2]::channel_08_mute" : [ 1.0 ],
					"upshot_nodes[2]::circle width" : [ 127.0 ],
					"upshot_nodes[2]::direction" : [ 0.0 ],
					"upshot_nodes[2]::mode" : [ 1.0 ],
					"upshot_nodes[2]::node size" : [ 1.0 ],
					"upshot_nodes[2]::nodes" : [ 0.5, 0.147, 1.0, 1, 0.749609, 0.250391, 1.0, 1, 0.853, 0.5, 1.0, 1, 0.749609, 0.749609, 1.0, 1, 0.5, 0.853, 1.0, 1, 0.250391, 0.749609, 1.0, 1, 0.147, 0.5, 1.0, 1, 0.250391, 0.250391, 1.0, 1 ],
					"upshot_nodes[2]::number of nodes" : [ 8.0 ],
					"upshot_nodes[2]::random speed" : [ 0.03748031496063 ],
					"upshot_nodes[2]::reset" : [ 0.0 ],
					"upshot_nodes[2]::rotation speed" : [ 103.0 ],
					"upshot_nodes[2]::x-axis" : [ 0.087471348175556 ],
					"upshot_nodes[2]::y-axis" : [ 66.83184783289154 ],
					"upshot_8chanmixer[3]::audio to 1" : [ 0.0 ],
					"upshot_8chanmixer[3]::audio to 2" : [ 1.0 ],
					"upshot_8chanmixer[3]::audio to 3" : [ 0.0 ],
					"upshot_8chanmixer[3]::audio to 4" : [ 1.0 ],
					"upshot_8chanmixer[3]::audio to 5" : [ 0.0 ],
					"upshot_8chanmixer[3]::audio to 6" : [ 1.0 ],
					"upshot_8chanmixer[3]::audio to 7" : [ 0.0 ],
					"upshot_8chanmixer[3]::audio to 8" : [ 1.0 ],
					"upshot_8chanmixer[3]::channel 1" : [ -40.544964923694486 ],
					"upshot_8chanmixer[3]::channel 2" : [ -54.958757774916691 ],
					"upshot_8chanmixer[3]::channel 3" : [ -60.511764087637729 ],
					"upshot_8chanmixer[3]::channel 4" : [ -56.252183809650205 ],
					"upshot_8chanmixer[3]::channel 5" : [ -42.906119783234189 ],
					"upshot_8chanmixer[3]::channel 6" : [ -23.021989646663592 ],
					"upshot_8chanmixer[3]::channel 7" : [ -5.594289540563679 ],
					"upshot_8chanmixer[3]::channel 8" : [ -20.13257820119442 ],
					"upshot_8chanmixer[3]::channel_01_mute" : [ 1.0 ],
					"upshot_8chanmixer[3]::channel_02_mute" : [ 1.0 ],
					"upshot_8chanmixer[3]::channel_03_mute" : [ 1.0 ],
					"upshot_8chanmixer[3]::channel_04_mute" : [ 1.0 ],
					"upshot_8chanmixer[3]::channel_05_mute" : [ 1.0 ],
					"upshot_8chanmixer[3]::channel_06_mute" : [ 1.0 ],
					"upshot_8chanmixer[3]::channel_07_mute" : [ 1.0 ],
					"upshot_8chanmixer[3]::channel_08_mute" : [ 1.0 ]
				}

			}

		}

	}

}
