{
	"pattrstorage" : 	{
		"name" : "upshot",
		"slots" : 		{
			"1" : 			{
				"id" : 1,
				"data" : 				{
					"upshot_output::DSP state" : [ 1.0 ],
					"upshot_output::output volumes" : [ 0.0 ],
					"upshot_mixer::audio to 1" : [ 0.0 ],
					"upshot_mixer::audio to 2" : [ 0.0 ],
					"upshot_mixer::audio to 3" : [ 0.0 ],
					"upshot_mixer::audio to 4" : [ 0.0 ],
					"upshot_mixer::audio to 5" : [ 0.0 ],
					"upshot_mixer::audio to 6" : [ 0.0 ],
					"upshot_mixer::audio to 7" : [ 0.0 ],
					"upshot_mixer::audio to 8" : [ 0.0 ],
					"upshot_mixer::channel 1" : [ -0.217754013582152 ],
					"upshot_mixer::channel 2" : [ -2.784620643809291 ],
					"upshot_mixer::channel 3" : [ -0.730377424211767 ],
					"upshot_mixer::channel 4" : [ -0.476659138997405 ],
					"upshot_mixer::channel 5" : [ 0.0 ],
					"upshot_mixer::channel 6" : [ -10.562398421587076 ],
					"upshot_mixer::channel 7" : [ 0.0 ],
					"upshot_mixer::channel 8" : [ 0.0 ],
					"upshot_mixer::channel_01_mute" : [ 1.0 ],
					"upshot_mixer::channel_02_mute" : [ 1.0 ],
					"upshot_mixer::channel_03_mute" : [ 1.0 ],
					"upshot_mixer::channel_04_mute" : [ 1.0 ],
					"upshot_mixer::channel_05_mute" : [ 1.0 ],
					"upshot_mixer::channel_06_mute" : [ 1.0 ],
					"upshot_mixer::channel_07_mute" : [ 1.0 ],
					"upshot_mixer::channel_08_mute" : [ 1.0 ],
					"upshot_glitch::Bit Depth" : [ 17.0 ],
					"upshot_glitch::Bit Depth L" : [ 6.0 ],
					"upshot_glitch::Grain Size L" : [ 9622.0 ],
					"upshot_glitch::Grain Size R" : [ 7547.0 ],
					"upshot_glitch::Sample Rate L" : [ 0.5446 ],
					"upshot_glitch::Sample Rate R" : [ 0.6172 ],
					"upshot_glitch::Speed L" : [ 185.0 ],
					"upshot_glitch::Speed R" : [ 182.0 ],
					"upshot_glitch::continuous" : [ 1.0 ],
					"upshot_glitch::dry/wet[1]" : [ 100.0 ],
					"upshot_glitch::engageglitchr" : [ 1.0 ],
					"upshot_glitch::number" : [ 294.354881128046031 ],
					"upshot_glitch::number[1]" : [ 216.0 ],
					"upshot_glitch::number[6]" : [ 10000.00034600429899 ],
					"upshot_glitch::number[7]" : [ 0.0 ],
					"upshot_glitch::random zone" : [ 0.0 ],
					"upshot_glitch::randomize degrader distortion" : [ 0.0 ],
					"upshot_glitch::randomize stutter distortion" : [ 0.0 ],
					"upshot_glitch::refresh" : [ 0.0 ],
					"upshot_glitch::refresh buffer" : [ 1.0 ],
					"upshot_glitch::reset degrade" : [ 0.0 ],
					"upshot_glitch::reset stutter" : [ 0.0 ],
					"upshot_glitch::reset zone" : [ 0.0 ],
					"upshot_glitch::volume" : [ 0.0 ],
					"upshot_audiofileplayer::AFP-vol" : [ 0.0 ],
					"upshot_audiofileplayer::loop state" : [ 0.0 ],
					"upshot_audiofileplayer::open file" : [ 0.0 ],
					"upshot_audiofileplayer::pause" : [ 0.0 ],
					"upshot_audiofileplayer::state" : [ 0.0 ],
					"upshot_glitch[1]::Bit Depth" : [ 12.0 ],
					"upshot_glitch[1]::Bit Depth L" : [ 17.0 ],
					"upshot_glitch[1]::Grain Size L" : [ 5271.0 ],
					"upshot_glitch[1]::Grain Size R" : [ 4989.0 ],
					"upshot_glitch[1]::Sample Rate L" : [ 0.0793 ],
					"upshot_glitch[1]::Sample Rate R" : [ 0.4753 ],
					"upshot_glitch[1]::Speed L" : [ 35.0 ],
					"upshot_glitch[1]::Speed R" : [ 83.0 ],
					"upshot_glitch[1]::continuous" : [ 1.0 ],
					"upshot_glitch[1]::dry/wet[1]" : [ 100.0 ],
					"upshot_glitch[1]::engageglitchr" : [ 1.0 ],
					"upshot_glitch[1]::number" : [ -4.651998134038223 ],
					"upshot_glitch[1]::number[1]" : [ -509.148936170212721 ],
					"upshot_glitch[1]::number[6]" : [ 9999.977670266553105 ],
					"upshot_glitch[1]::number[7]" : [ 0.0 ],
					"upshot_glitch[1]::random zone" : [ 0.0 ],
					"upshot_glitch[1]::randomize degrader distortion" : [ 0.0 ],
					"upshot_glitch[1]::randomize stutter distortion" : [ 0.0 ],
					"upshot_glitch[1]::refresh" : [ 1.0 ],
					"upshot_glitch[1]::refresh buffer" : [ 1.0 ],
					"upshot_glitch[1]::reset degrade" : [ 0.0 ],
					"upshot_glitch[1]::reset stutter" : [ 0.0 ],
					"upshot_glitch[1]::reset zone" : [ 0.0 ],
					"upshot_glitch[1]::volume" : [ 0.0 ],
					"upshot_autocontrol::autoonoff" : [ 1.0 ],
					"upshot_autocontrol::custom_value" : [ 32.372093023255765 ],
					"upshot_autocontrol::destination_value" : [ 127.0 ],
					"upshot_autocontrol::initial_value" : [ 21.999999999999989 ],
					"upshot_autocontrol::interval" : [ 884.251968503937178 ],
					"upshot_autocontrol::live.toggle" : [ 0.0 ],
					"upshot_autocontrol::probability" : [ 80.0 ],
					"upshot_autocontrol::probability-zero" : [ 20.0 ],
					"upshot_autocontrol::ramp" : [ 1.0 ],
					"upshot_autocontrol::ramp_time" : [ 829.527559055117877 ],
					"upshot_autocontrol::rslider" : [ 22, 127 ],
					"upshot_autocontrol[1]::autoonoff" : [ 1.0 ],
					"upshot_autocontrol[1]::custom_value" : [ 80.0 ],
					"upshot_autocontrol[1]::destination_value" : [ 127.0 ],
					"upshot_autocontrol[1]::initial_value" : [ 0.0 ],
					"upshot_autocontrol[1]::interval" : [ 331.496062992125985 ],
					"upshot_autocontrol[1]::live.toggle" : [ 1.0 ],
					"upshot_autocontrol[1]::probability" : [ 30.0 ],
					"upshot_autocontrol[1]::probability-zero" : [ 70.0 ],
					"upshot_autocontrol[1]::ramp" : [ 1.0 ],
					"upshot_autocontrol[1]::ramp_time" : [ 517.716535433070931 ],
					"upshot_autocontrol[1]::rslider" : [ 0, 127 ],
					"upshot_chorus::bypass" : [ 0.0 ],
					"upshot_chorus::delaytime" : [ 16.470426661783538 ],
					"upshot_chorus::depth" : [ 0.835827669830244 ],
					"upshot_chorus::dry/wet" : [ 100.0 ],
					"upshot_chorus::feedback" : [ 0.99 ],
					"upshot_chorus::rate" : [ 125.984251968503941 ],
					"upshot_chorus::volume" : [ -21.705462553369721 ]
				}

			}

		}

	}

}
