{
	"pattrstorage" : 	{
		"name" : "upshot",
		"slots" : 		{
			"1" : 			{
				"id" : 1,
				"data" : 				{
					"upshot_draw::clear" : [ 0.0 ],
					"upshot_draw::clear[1]" : [ 0.0 ],
					"upshot_draw::pensize" : [ 1.0 ],
					"upshot_draw::root" : [ 0 ],
					"upshot_draw::scales" : [ 2 ],
					"upshot_draw::swatch" : [ 201, 154, 76 ],
					"upshot_draw::volume" : [ -10.13848526666127 ],
					"upshot_output::DSP state" : [ 1.0 ],
					"upshot_output::output volumes" : [ -0.193859266910565 ],
					"upshot_waveslope::output" : [ 90.34856239264596 ],
					"upshot_waveslope::output_range" : [ 70, 93 ],
					"upshot_waveslope::speed" : [ 0.023622047244094 ],
					"upshot_waveslope::waveshape" : [ 0.0 ],
					"upshot_waveslope[1]::output" : [ 113.960090851290275 ],
					"upshot_waveslope[1]::output_range" : [ 0, 127 ],
					"upshot_waveslope[1]::speed" : [ 0.118110236220473 ],
					"upshot_waveslope[1]::waveshape" : [ 1.0 ],
					"upshot_compare::compare" : [ 1 ],
					"upshot_waveslope[2]::output" : [ 4.303289476050046 ],
					"upshot_waveslope[2]::output_range" : [ 0, 127 ],
					"upshot_waveslope[2]::speed" : [ 0.094488188976378 ],
					"upshot_waveslope[2]::waveshape" : [ 0.0 ],
					"upshot_draw[1]::clear" : [ 0.0 ],
					"upshot_draw[1]::clear[1]" : [ 0.0 ],
					"upshot_draw[1]::pensize" : [ 1.0 ],
					"upshot_draw[1]::root" : [ 0 ],
					"upshot_draw[1]::scales" : [ 2 ],
					"upshot_draw[1]::swatch" : [ 21, 48, 199 ],
					"upshot_draw[1]::volume" : [ -10.081546737350905 ],
					"upshot_waveslope[5]::output" : [ 66.54014673524415 ],
					"upshot_waveslope[5]::output_range" : [ 50, 75 ],
					"upshot_waveslope[5]::speed" : [ 0.070866141732283 ],
					"upshot_waveslope[5]::waveshape" : [ 1.0 ],
					"upshot_waveslope[4]::output" : [ 112.359453211566816 ],
					"upshot_waveslope[4]::output_range" : [ 0, 127 ],
					"upshot_waveslope[4]::speed" : [ 0.023622047244094 ],
					"upshot_waveslope[4]::waveshape" : [ 0.0 ],
					"upshot_compare[1]::compare" : [ 1 ],
					"upshot_waveslope[3]::output" : [ 4.303289476050046 ],
					"upshot_waveslope[3]::output_range" : [ 0, 127 ],
					"upshot_waveslope[3]::speed" : [ 0.094488188976378 ],
					"upshot_waveslope[3]::waveshape" : [ 0.0 ],
					"upshot_draw[2]::clear" : [ 0.0 ],
					"upshot_draw[2]::clear[1]" : [ 0.0 ],
					"upshot_draw[2]::pensize" : [ 6.0 ],
					"upshot_draw[2]::root" : [ 0 ],
					"upshot_draw[2]::scales" : [ 2 ],
					"upshot_draw[2]::swatch" : [ 253, 250, 166 ],
					"upshot_draw[2]::volume" : [ -9.892258517190307 ],
					"upshot_waveslope[8]::output" : [ 35.410705794824601 ],
					"upshot_waveslope[8]::output_range" : [ 31, 51 ],
					"upshot_waveslope[8]::speed" : [ 0.023622047244094 ],
					"upshot_waveslope[8]::waveshape" : [ 1.0 ],
					"upshot_waveslope[7]::output" : [ 112.359453211566816 ],
					"upshot_waveslope[7]::output_range" : [ 0, 127 ],
					"upshot_waveslope[7]::speed" : [ 0.023622047244094 ],
					"upshot_waveslope[7]::waveshape" : [ 0.0 ],
					"upshot_compare[2]::compare" : [ 1 ],
					"upshot_waveslope[6]::output" : [ 75.188857980491562 ],
					"upshot_waveslope[6]::output_range" : [ 0, 127 ],
					"upshot_waveslope[6]::speed" : [ 0.047244094488189 ],
					"upshot_waveslope[6]::waveshape" : [ 0.0 ],
					"upshot_draw[3]::clear" : [ 0.0 ],
					"upshot_draw[3]::clear[1]" : [ 0.0 ],
					"upshot_draw[3]::pensize" : [ 8.0 ],
					"upshot_draw[3]::root" : [ 0 ],
					"upshot_draw[3]::scales" : [ 2 ],
					"upshot_draw[3]::swatch" : [ 136, 113, 197 ],
					"upshot_draw[3]::volume" : [ -10.081546737350905 ],
					"upshot_waveslope[11]::output" : [ 53.821411593366548 ],
					"upshot_waveslope[11]::output_range" : [ 45, 65 ],
					"upshot_waveslope[11]::speed" : [ 0.047244094488188 ],
					"upshot_waveslope[11]::waveshape" : [ 1.0 ],
					"upshot_waveslope[10]::output" : [ 65.965203640982978 ],
					"upshot_waveslope[10]::output_range" : [ 35, 70 ],
					"upshot_waveslope[10]::speed" : [ 0.023622047244094 ],
					"upshot_waveslope[10]::waveshape" : [ 0.0 ],
					"upshot_compare[3]::compare" : [ 1 ],
					"upshot_waveslope[9]::output" : [ 112.359453211566816 ],
					"upshot_waveslope[9]::output_range" : [ 0, 127 ],
					"upshot_waveslope[9]::speed" : [ 0.023622047244094 ],
					"upshot_waveslope[9]::waveshape" : [ 0.0 ],
					"upshot_8chanmixer::audio to 1" : [ 0.0 ],
					"upshot_8chanmixer::audio to 2" : [ 1.0 ],
					"upshot_8chanmixer::audio to 3" : [ 2.0 ],
					"upshot_8chanmixer::audio to 4" : [ 3.0 ],
					"upshot_8chanmixer::audio to 5" : [ 0.0 ],
					"upshot_8chanmixer::audio to 6" : [ 0.0 ],
					"upshot_8chanmixer::audio to 7" : [ 0.0 ],
					"upshot_8chanmixer::audio to 8" : [ 0.0 ],
					"upshot_8chanmixer::channel 1" : [ -7.015209186512138 ],
					"upshot_8chanmixer::channel 2" : [ -24.125726581988886 ],
					"upshot_8chanmixer::channel 3" : [ -25.23242760140181 ],
					"upshot_8chanmixer::channel 4" : [ -9.23931597110797 ],
					"upshot_8chanmixer::channel 5" : [ 0.0 ],
					"upshot_8chanmixer::channel 6" : [ 0.0 ],
					"upshot_8chanmixer::channel 7" : [ 0.0 ],
					"upshot_8chanmixer::channel 8" : [ 0.0 ],
					"upshot_8chanmixer::channel_01_mute" : [ 1.0 ],
					"upshot_8chanmixer::channel_02_mute" : [ 1.0 ],
					"upshot_8chanmixer::channel_03_mute" : [ 1.0 ],
					"upshot_8chanmixer::channel_04_mute" : [ 1.0 ],
					"upshot_8chanmixer::channel_05_mute" : [ 1.0 ],
					"upshot_8chanmixer::channel_06_mute" : [ 1.0 ],
					"upshot_8chanmixer::channel_07_mute" : [ 1.0 ],
					"upshot_8chanmixer::channel_08_mute" : [ 1.0 ],
					"upshot_nodes::circle width" : [ 127.0 ],
					"upshot_nodes::direction" : [ 0.0 ],
					"upshot_nodes::mode" : [ 1.0 ],
					"upshot_nodes::node size" : [ 2.0 ],
					"upshot_nodes::nodes" : [ 0.271604938271605, 0.249890469652291, 2.0, 1, 0.749609, 0.250391, 2.0, 1, 0.746913580246914, 0.74350127390373, 2.0, 1, 0.271604938271605, 0.731161003797444, 2.0, 1 ],
					"upshot_nodes::number of nodes" : [ 4.0 ],
					"upshot_nodes::random speed" : [ 0.02 ],
					"upshot_nodes::rotation speed" : [ 111.0 ],
					"upshot_nodes::x-axis" : [ 0.349644408867532 ],
					"upshot_nodes::y-axis" : [ 70.154516414700922 ],
					"upshot_8chanmixer[1]::audio to 1" : [ 0.0 ],
					"upshot_8chanmixer[1]::audio to 2" : [ 1.0 ],
					"upshot_8chanmixer[1]::audio to 3" : [ 2.0 ],
					"upshot_8chanmixer[1]::audio to 4" : [ 3.0 ],
					"upshot_8chanmixer[1]::audio to 5" : [ 0.0 ],
					"upshot_8chanmixer[1]::audio to 6" : [ 0.0 ],
					"upshot_8chanmixer[1]::audio to 7" : [ 0.0 ],
					"upshot_8chanmixer[1]::audio to 8" : [ 0.0 ],
					"upshot_8chanmixer[1]::channel 1" : [ -3.214327943425872 ],
					"upshot_8chanmixer[1]::channel 2" : [ -22.21798347037204 ],
					"upshot_8chanmixer[1]::channel 3" : [ -26.623611698467805 ],
					"upshot_8chanmixer[1]::channel 4" : [ -12.693414297873218 ],
					"upshot_8chanmixer[1]::channel 5" : [ 0.0 ],
					"upshot_8chanmixer[1]::channel 6" : [ 0.0 ],
					"upshot_8chanmixer[1]::channel 7" : [ 0.0 ],
					"upshot_8chanmixer[1]::channel 8" : [ 0.0 ],
					"upshot_8chanmixer[1]::channel_01_mute" : [ 1.0 ],
					"upshot_8chanmixer[1]::channel_02_mute" : [ 1.0 ],
					"upshot_8chanmixer[1]::channel_03_mute" : [ 1.0 ],
					"upshot_8chanmixer[1]::channel_04_mute" : [ 1.0 ],
					"upshot_8chanmixer[1]::channel_05_mute" : [ 1.0 ],
					"upshot_8chanmixer[1]::channel_06_mute" : [ 1.0 ],
					"upshot_8chanmixer[1]::channel_07_mute" : [ 1.0 ],
					"upshot_8chanmixer[1]::channel_08_mute" : [ 1.0 ],
					"upshot_nodes[1]::circle width" : [ 127.0 ],
					"upshot_nodes[1]::direction" : [ 0.0 ],
					"upshot_nodes[1]::mode" : [ 1.0 ],
					"upshot_nodes[1]::node size" : [ 2.0 ],
					"upshot_nodes[1]::nodes" : [ 0.253086419753086, 0.249890469652291, 2.0, 1, 0.749609, 0.250391, 2.0, 1, 0.753086419753086, 0.749671408956873, 2.0, 1, 0.259259259259259, 0.749671408956873, 2.0, 1 ],
					"upshot_nodes[1]::number of nodes" : [ 4.0 ],
					"upshot_nodes[1]::random speed" : [ 0.02 ],
					"upshot_nodes[1]::rotation speed" : [ 106.0 ],
					"upshot_nodes[1]::x-axis" : [ 3.848983653780795 ],
					"upshot_nodes[1]::y-axis" : [ 85.271684566498067 ],
					"upshot_8chanmixer[2]::audio to 1" : [ 0.0 ],
					"upshot_8chanmixer[2]::audio to 2" : [ 1.0 ],
					"upshot_8chanmixer[2]::audio to 3" : [ 2.0 ],
					"upshot_8chanmixer[2]::audio to 4" : [ 3.0 ],
					"upshot_8chanmixer[2]::audio to 5" : [ 0.0 ],
					"upshot_8chanmixer[2]::audio to 6" : [ 0.0 ],
					"upshot_8chanmixer[2]::audio to 7" : [ 0.0 ],
					"upshot_8chanmixer[2]::audio to 8" : [ 0.0 ],
					"upshot_8chanmixer[2]::channel 1" : [ -26.74638698649305 ],
					"upshot_8chanmixer[2]::channel 2" : [ -12.173499879166734 ],
					"upshot_8chanmixer[2]::channel 3" : [ -2.470423892185707 ],
					"upshot_8chanmixer[2]::channel 4" : [ -23.198691374020171 ],
					"upshot_8chanmixer[2]::channel 5" : [ 0.0 ],
					"upshot_8chanmixer[2]::channel 6" : [ 0.0 ],
					"upshot_8chanmixer[2]::channel 7" : [ 0.0 ],
					"upshot_8chanmixer[2]::channel 8" : [ 0.0 ],
					"upshot_8chanmixer[2]::channel_01_mute" : [ 1.0 ],
					"upshot_8chanmixer[2]::channel_02_mute" : [ 1.0 ],
					"upshot_8chanmixer[2]::channel_03_mute" : [ 1.0 ],
					"upshot_8chanmixer[2]::channel_04_mute" : [ 1.0 ],
					"upshot_8chanmixer[2]::channel_05_mute" : [ 1.0 ],
					"upshot_8chanmixer[2]::channel_06_mute" : [ 1.0 ],
					"upshot_8chanmixer[2]::channel_07_mute" : [ 1.0 ],
					"upshot_8chanmixer[2]::channel_08_mute" : [ 1.0 ],
					"upshot_nodes[2]::circle width" : [ 127.0 ],
					"upshot_nodes[2]::direction" : [ 1.0 ],
					"upshot_nodes[2]::mode" : [ 1.0 ],
					"upshot_nodes[2]::node size" : [ 2.0 ],
					"upshot_nodes[2]::nodes" : [ 0.240740740740741, 0.249890469652291, 2.0, 1, 0.749609, 0.250391, 2.0, 1, 0.765432098765432, 0.718820733691158, 2.0, 1, 0.228395061728395, 0.724990868744301, 2.0, 1 ],
					"upshot_nodes[2]::number of nodes" : [ 4.0 ],
					"upshot_nodes[2]::random speed" : [ 0.02 ],
					"upshot_nodes[2]::rotation speed" : [ 104.0 ],
					"upshot_nodes[2]::x-axis" : [ 123.715824158449536 ],
					"upshot_nodes[2]::y-axis" : [ 43.343003177092932 ],
					"upshot_8chanmixer[3]::audio to 1" : [ 0.0 ],
					"upshot_8chanmixer[3]::audio to 2" : [ 1.0 ],
					"upshot_8chanmixer[3]::audio to 3" : [ 2.0 ],
					"upshot_8chanmixer[3]::audio to 4" : [ 3.0 ],
					"upshot_8chanmixer[3]::audio to 5" : [ 0.0 ],
					"upshot_8chanmixer[3]::audio to 6" : [ 0.0 ],
					"upshot_8chanmixer[3]::audio to 7" : [ 0.0 ],
					"upshot_8chanmixer[3]::audio to 8" : [ 0.0 ],
					"upshot_8chanmixer[3]::channel 1" : [ -26.098495482102173 ],
					"upshot_8chanmixer[3]::channel 2" : [ -13.529562049008959 ],
					"upshot_8chanmixer[3]::channel 3" : [ -22.396349019760109 ],
					"upshot_8chanmixer[3]::channel 4" : [ -5.115154889202941 ],
					"upshot_8chanmixer[3]::channel 5" : [ 0.0 ],
					"upshot_8chanmixer[3]::channel 6" : [ 0.0 ],
					"upshot_8chanmixer[3]::channel 7" : [ 0.0 ],
					"upshot_8chanmixer[3]::channel 8" : [ 0.0 ],
					"upshot_8chanmixer[3]::channel_01_mute" : [ 1.0 ],
					"upshot_8chanmixer[3]::channel_02_mute" : [ 1.0 ],
					"upshot_8chanmixer[3]::channel_03_mute" : [ 1.0 ],
					"upshot_8chanmixer[3]::channel_04_mute" : [ 1.0 ],
					"upshot_8chanmixer[3]::channel_05_mute" : [ 1.0 ],
					"upshot_8chanmixer[3]::channel_06_mute" : [ 1.0 ],
					"upshot_8chanmixer[3]::channel_07_mute" : [ 1.0 ],
					"upshot_8chanmixer[3]::channel_08_mute" : [ 1.0 ],
					"upshot_nodes[3]::circle width" : [ 127.0 ],
					"upshot_nodes[3]::direction" : [ 2.0 ],
					"upshot_nodes[3]::mode" : [ 1.0 ],
					"upshot_nodes[3]::node size" : [ 2.0 ],
					"upshot_nodes[3]::nodes" : [ 0.265432098765432, 0.243720334599148, 2.0, 1, 0.703703703703704, 0.243720334599148, 2.0, 1, 0.253086419753086, 0.786692219275731, 2.0, 1, 0.709876543209877, 0.780522084222588, 2.0, 1 ],
					"upshot_nodes[3]::number of nodes" : [ 4.0 ],
					"upshot_nodes[3]::random speed" : [ 0.02 ],
					"upshot_nodes[3]::rotation speed" : [ 102.0 ],
					"upshot_nodes[3]::x-axis" : [ 123.35391575764767 ],
					"upshot_nodes[3]::y-axis" : [ 42.292483208154351 ]
				}

			}

		}

	}

}
