{
	"pattrstorage" : 	{
		"name" : "upshot[1]",
		"slots" : 		{
			"1" : 			{
				"id" : 1,
				"data" : 				{
					"upshot_draw::clear" : [ 0.0 ],
					"upshot_draw::clear[1]" : [ 0.0 ],
					"upshot_draw::pensize" : [ 2.0 ],
					"upshot_draw::root" : [ 0 ],
					"upshot_draw::scales" : [ 7 ],
					"upshot_draw::swatch" : [ 56, 105, 168 ],
					"upshot_draw::swatch[1]" : [ 186, 186, 186 ],
					"upshot_draw::volume" : [ -10.13848526666127 ],
					"upshot_output::DSP state" : [ 1.0 ],
					"upshot_output::output volumes" : [ -1.0 ],
					"upshot_waveslope::output" : [ 7.659686667574304 ],
					"upshot_waveslope::output_range" : [ 0, 45 ],
					"upshot_waveslope::speed" : [ 0.01 ],
					"upshot_waveslope::waveshape" : [ 0.0 ],
					"upshot_waveslope[1]::output" : [ 39.381785417740886 ],
					"upshot_waveslope[1]::output_range" : [ 0, 95 ],
					"upshot_waveslope[1]::speed" : [ 0.047244094488189 ],
					"upshot_waveslope[1]::waveshape" : [ 0.0 ],
					"upshot_compare::compare" : [ 1 ],
					"upshot_compare::compare value" : [ 50.0 ],
					"upshot_waveslope[2]::output" : [ 17.185244208560817 ],
					"upshot_waveslope[2]::output_range" : [ 2, 127 ],
					"upshot_waveslope[2]::speed" : [ 0.236220472440944 ],
					"upshot_waveslope[2]::waveshape" : [ 0.0 ],
					"upshot_draw[1]::clear" : [ 0.0 ],
					"upshot_draw[1]::clear[1]" : [ 0.0 ],
					"upshot_draw[1]::pensize" : [ 8.0 ],
					"upshot_draw[1]::root" : [ 0 ],
					"upshot_draw[1]::scales" : [ 7 ],
					"upshot_draw[1]::swatch" : [ 80, 194, 197 ],
					"upshot_draw[1]::swatch[1]" : [ 255, 255, 255 ],
					"upshot_draw[1]::volume" : [ -10.13848526666127 ],
					"upshot_waveslope[5]::output" : [ 60.703980510284964 ],
					"upshot_waveslope[5]::output_range" : [ 25, 64 ],
					"upshot_waveslope[5]::speed" : [ 0.03 ],
					"upshot_waveslope[5]::waveshape" : [ 0.0 ],
					"upshot_waveslope[4]::output" : [ 72.329477995912299 ],
					"upshot_waveslope[4]::output_range" : [ 0, 88 ],
					"upshot_waveslope[4]::speed" : [ 0.023622047244094 ],
					"upshot_waveslope[4]::waveshape" : [ 0.0 ],
					"upshot_compare[1]::compare" : [ 1 ],
					"upshot_compare[1]::compare value" : [ 50.0 ],
					"upshot_waveslope[3]::output" : [ 112.708111158991144 ],
					"upshot_waveslope[3]::output_range" : [ 1, 127 ],
					"upshot_waveslope[3]::speed" : [ 0.188976377952756 ],
					"upshot_waveslope[3]::waveshape" : [ 0.0 ],
					"upshot_draw[2]::clear" : [ 0.0 ],
					"upshot_draw[2]::clear[1]" : [ 0.0 ],
					"upshot_draw[2]::pensize" : [ 2.0 ],
					"upshot_draw[2]::root" : [ 0 ],
					"upshot_draw[2]::scales" : [ 7 ],
					"upshot_draw[2]::swatch" : [ 4, 130, 125 ],
					"upshot_draw[2]::swatch[1]" : [ 255, 255, 255 ],
					"upshot_draw[2]::volume" : [ -10.13848526666127 ],
					"upshot_waveslope[8]::output" : [ 45.810404215857318 ],
					"upshot_waveslope[8]::output_range" : [ 45, 93 ],
					"upshot_waveslope[8]::speed" : [ 0.04 ],
					"upshot_waveslope[8]::waveshape" : [ 0.0 ],
					"upshot_waveslope[7]::output" : [ 2.745755088132783 ],
					"upshot_waveslope[7]::output_range" : [ 0, 94 ],
					"upshot_waveslope[7]::speed" : [ 0.094488188976378 ],
					"upshot_waveslope[7]::waveshape" : [ 0.0 ],
					"upshot_compare[2]::compare" : [ 1 ],
					"upshot_compare[2]::compare value" : [ 50.0 ],
					"upshot_waveslope[6]::output" : [ 15.428208115898048 ],
					"upshot_waveslope[6]::output_range" : [ 0, 127 ],
					"upshot_waveslope[6]::speed" : [ 0.236220472440945 ],
					"upshot_waveslope[6]::waveshape" : [ 0.0 ],
					"upshot_draw[3]::clear" : [ 0.0 ],
					"upshot_draw[3]::clear[1]" : [ 0.0 ],
					"upshot_draw[3]::pensize" : [ 6.0 ],
					"upshot_draw[3]::root" : [ 0 ],
					"upshot_draw[3]::scales" : [ 7 ],
					"upshot_draw[3]::swatch" : [ 50, 220, 131 ],
					"upshot_draw[3]::swatch[1]" : [ 255, 255, 255 ],
					"upshot_draw[3]::volume" : [ -10.13848526666127 ],
					"upshot_waveslope[11]::output" : [ 105.312766487072167 ],
					"upshot_waveslope[11]::output_range" : [ 58, 106 ],
					"upshot_waveslope[11]::speed" : [ 0.026377952755906 ],
					"upshot_waveslope[11]::waveshape" : [ 0.0 ],
					"upshot_waveslope[10]::output" : [ 27.686939528222215 ],
					"upshot_waveslope[10]::output_range" : [ 0, 85 ],
					"upshot_waveslope[10]::speed" : [ 0.118110236220472 ],
					"upshot_waveslope[10]::waveshape" : [ 0.0 ],
					"upshot_compare[3]::compare" : [ 1 ],
					"upshot_compare[3]::compare value" : [ 50.0 ],
					"upshot_waveslope[9]::output" : [ 75.914583647041013 ],
					"upshot_waveslope[9]::output_range" : [ 0, 127 ],
					"upshot_waveslope[9]::speed" : [ 0.377952755905511 ],
					"upshot_waveslope[9]::waveshape" : [ 0.0 ],
					"upshot_nodes::circle width" : [ 46.999999999999964 ],
					"upshot_nodes::direction" : [ 0.0 ],
					"upshot_nodes::mode" : [ 1.0 ],
					"upshot_nodes::node size" : [ 1.0 ],
					"upshot_nodes::nodes" : [ 0.5, 0.147, 1.0, 1, 0.749609, 0.250391, 1.0, 1, 0.853, 0.5, 1.0, 1, 0.749609, 0.749609, 1.0, 1, 0.5, 0.853, 1.0, 1, 0.250391, 0.749609, 1.0, 1, 0.147, 0.5, 1.0, 1, 0.250391, 0.250391, 1.0, 1 ],
					"upshot_nodes::number of nodes" : [ 8.0 ],
					"upshot_nodes::random speed" : [ 0.03748031496063 ],
					"upshot_nodes::reset" : [ 0.0 ],
					"upshot_nodes::rotation speed" : [ 103.0 ],
					"upshot_nodes::x-axis" : [ 52.34308026678643 ],
					"upshot_nodes::y-axis" : [ 34.042010556274732 ],
					"upshot_8chanmixer::audio to 1" : [ 0.0 ],
					"upshot_8chanmixer::audio to 2" : [ 1.0 ],
					"upshot_8chanmixer::audio to 3" : [ 0.0 ],
					"upshot_8chanmixer::audio to 4" : [ 1.0 ],
					"upshot_8chanmixer::audio to 5" : [ 0.0 ],
					"upshot_8chanmixer::audio to 6" : [ 1.0 ],
					"upshot_8chanmixer::audio to 7" : [ 0.0 ],
					"upshot_8chanmixer::audio to 8" : [ 1.0 ],
					"upshot_8chanmixer::channel 1" : [ -40.137986364772118 ],
					"upshot_8chanmixer::channel 2" : [ -39.866391707455129 ],
					"upshot_8chanmixer::channel 3" : [ -32.855475486847041 ],
					"upshot_8chanmixer::channel 4" : [ -20.357787159245255 ],
					"upshot_8chanmixer::channel 5" : [ -5.666160437163867 ],
					"upshot_8chanmixer::channel 6" : [ -6.692159681939629 ],
					"upshot_8chanmixer::channel 7" : [ -21.478448097237496 ],
					"upshot_8chanmixer::channel 8" : [ -33.624283737646138 ],
					"upshot_8chanmixer::channel_01_mute" : [ 1.0 ],
					"upshot_8chanmixer::channel_02_mute" : [ 1.0 ],
					"upshot_8chanmixer::channel_03_mute" : [ 1.0 ],
					"upshot_8chanmixer::channel_04_mute" : [ 1.0 ],
					"upshot_8chanmixer::channel_05_mute" : [ 1.0 ],
					"upshot_8chanmixer::channel_06_mute" : [ 1.0 ],
					"upshot_8chanmixer::channel_07_mute" : [ 1.0 ],
					"upshot_8chanmixer::channel_08_mute" : [ 1.0 ],
					"upshot_nodes[4]::circle width" : [ 51.000000000000064 ],
					"upshot_nodes[4]::direction" : [ 0.0 ],
					"upshot_nodes[4]::mode" : [ 1.0 ],
					"upshot_nodes[4]::node size" : [ 1.0 ],
					"upshot_nodes[4]::nodes" : [ 0.5, 0.147, 1.0, 1, 0.749609, 0.250391, 1.0, 1, 0.853, 0.5, 1.0, 1, 0.749609, 0.749609, 1.0, 1, 0.5, 0.853, 1.0, 1, 0.250391, 0.749609, 1.0, 1, 0.147, 0.5, 1.0, 1, 0.250391, 0.250391, 1.0, 1 ],
					"upshot_nodes[4]::number of nodes" : [ 8.0 ],
					"upshot_nodes[4]::random speed" : [ 0.03748031496063 ],
					"upshot_nodes[4]::reset" : [ 0.0 ],
					"upshot_nodes[4]::rotation speed" : [ 101.0 ],
					"upshot_nodes[4]::x-axis" : [ 49.11647744030892 ],
					"upshot_nodes[4]::y-axis" : [ 33.6885210233565 ],
					"upshot_8chanmixer[1]::audio to 1" : [ 0.0 ],
					"upshot_8chanmixer[1]::audio to 2" : [ 1.0 ],
					"upshot_8chanmixer[1]::audio to 3" : [ 0.0 ],
					"upshot_8chanmixer[1]::audio to 4" : [ 1.0 ],
					"upshot_8chanmixer[1]::audio to 5" : [ 0.0 ],
					"upshot_8chanmixer[1]::audio to 6" : [ 1.0 ],
					"upshot_8chanmixer[1]::audio to 7" : [ 0.0 ],
					"upshot_8chanmixer[1]::audio to 8" : [ 1.0 ],
					"upshot_8chanmixer[1]::channel 1" : [ -40.686802794049406 ],
					"upshot_8chanmixer[1]::channel 2" : [ -41.205223712079501 ],
					"upshot_8chanmixer[1]::channel 3" : [ -34.716877905774595 ],
					"upshot_8chanmixer[1]::channel 4" : [ -22.327241117187 ],
					"upshot_8chanmixer[1]::channel 5" : [ -6.772318651062321 ],
					"upshot_8chanmixer[1]::channel 6" : [ -4.698609893779533 ],
					"upshot_8chanmixer[1]::channel 7" : [ -20.17108198873288 ],
					"upshot_8chanmixer[1]::channel 8" : [ -33.247430617245499 ],
					"upshot_8chanmixer[1]::channel_01_mute" : [ 1.0 ],
					"upshot_8chanmixer[1]::channel_02_mute" : [ 1.0 ],
					"upshot_8chanmixer[1]::channel_03_mute" : [ 1.0 ],
					"upshot_8chanmixer[1]::channel_04_mute" : [ 1.0 ],
					"upshot_8chanmixer[1]::channel_05_mute" : [ 1.0 ],
					"upshot_8chanmixer[1]::channel_06_mute" : [ 1.0 ],
					"upshot_8chanmixer[1]::channel_07_mute" : [ 1.0 ],
					"upshot_8chanmixer[1]::channel_08_mute" : [ 1.0 ],
					"upshot_nodes[1]::circle width" : [ 127.0 ],
					"upshot_nodes[1]::direction" : [ 0.0 ],
					"upshot_nodes[1]::mode" : [ 1.0 ],
					"upshot_nodes[1]::node size" : [ 1.0 ],
					"upshot_nodes[1]::nodes" : [ 0.5, 0.147, 1.0, 1, 0.749609, 0.250391, 1.0, 1, 0.853, 0.5, 1.0, 1, 0.749609, 0.749609, 1.0, 1, 0.5, 0.853, 1.0, 1, 0.250391, 0.749609, 1.0, 1, 0.147, 0.5, 1.0, 1, 0.250391, 0.250391, 1.0, 1 ],
					"upshot_nodes[1]::number of nodes" : [ 8.0 ],
					"upshot_nodes[1]::random speed" : [ 0.03748031496063 ],
					"upshot_nodes[1]::reset" : [ 0.0 ],
					"upshot_nodes[1]::rotation speed" : [ 100.0 ],
					"upshot_nodes[1]::x-axis" : [ 110.951235009983023 ],
					"upshot_nodes[1]::y-axis" : [ 105.697515282624892 ],
					"upshot_8chanmixer[2]::audio to 1" : [ 0.0 ],
					"upshot_8chanmixer[2]::audio to 2" : [ 1.0 ],
					"upshot_8chanmixer[2]::audio to 3" : [ 0.0 ],
					"upshot_8chanmixer[2]::audio to 4" : [ 1.0 ],
					"upshot_8chanmixer[2]::audio to 5" : [ 0.0 ],
					"upshot_8chanmixer[2]::audio to 6" : [ 1.0 ],
					"upshot_8chanmixer[2]::audio to 7" : [ 0.0 ],
					"upshot_8chanmixer[2]::audio to 8" : [ 1.0 ],
					"upshot_8chanmixer[2]::channel 1" : [ -23.188125973793674 ],
					"upshot_8chanmixer[2]::channel 2" : [ -5.625266217553531 ],
					"upshot_8chanmixer[2]::channel 3" : [ -19.966499809404617 ],
					"upshot_8chanmixer[2]::channel 4" : [ -40.405589808321622 ],
					"upshot_8chanmixer[2]::channel 5" : [ -54.879352937904578 ],
					"upshot_8chanmixer[2]::channel 6" : [ -60.506384790356968 ],
					"upshot_8chanmixer[2]::channel 7" : [ -56.321611016149042 ],
					"upshot_8chanmixer[2]::channel 8" : [ -43.038426433296294 ],
					"upshot_8chanmixer[2]::channel_01_mute" : [ 1.0 ],
					"upshot_8chanmixer[2]::channel_02_mute" : [ 1.0 ],
					"upshot_8chanmixer[2]::channel_03_mute" : [ 1.0 ],
					"upshot_8chanmixer[2]::channel_04_mute" : [ 1.0 ],
					"upshot_8chanmixer[2]::channel_05_mute" : [ 1.0 ],
					"upshot_8chanmixer[2]::channel_06_mute" : [ 1.0 ],
					"upshot_8chanmixer[2]::channel_07_mute" : [ 1.0 ],
					"upshot_8chanmixer[2]::channel_08_mute" : [ 1.0 ],
					"upshot_nodes[2]::circle width" : [ 127.0 ],
					"upshot_nodes[2]::direction" : [ 0.0 ],
					"upshot_nodes[2]::mode" : [ 1.0 ],
					"upshot_nodes[2]::node size" : [ 1.0 ],
					"upshot_nodes[2]::nodes" : [ 0.5, 0.147, 1.0, 1, 0.749609, 0.250391, 1.0, 1, 0.853, 0.5, 1.0, 1, 0.749609, 0.749609, 1.0, 1, 0.5, 0.853, 1.0, 1, 0.250391, 0.749609, 1.0, 1, 0.147, 0.5, 1.0, 1, 0.250391, 0.250391, 1.0, 1 ],
					"upshot_nodes[2]::number of nodes" : [ 8.0 ],
					"upshot_nodes[2]::random speed" : [ 0.03748031496063 ],
					"upshot_nodes[2]::reset" : [ 0.0 ],
					"upshot_nodes[2]::rotation speed" : [ 103.0 ],
					"upshot_nodes[2]::x-axis" : [ 42.0515532295776 ],
					"upshot_nodes[2]::y-axis" : [ 3.731997430595383 ],
					"upshot_8chanmixer[3]::audio to 1" : [ 0.0 ],
					"upshot_8chanmixer[3]::audio to 2" : [ 1.0 ],
					"upshot_8chanmixer[3]::audio to 3" : [ 0.0 ],
					"upshot_8chanmixer[3]::audio to 4" : [ 1.0 ],
					"upshot_8chanmixer[3]::audio to 5" : [ 0.0 ],
					"upshot_8chanmixer[3]::audio to 6" : [ 1.0 ],
					"upshot_8chanmixer[3]::audio to 7" : [ 0.0 ],
					"upshot_8chanmixer[3]::audio to 8" : [ 1.0 ],
					"upshot_8chanmixer[3]::channel 1" : [ -59.578595468529144 ],
					"upshot_8chanmixer[3]::channel 2" : [ -58.972596248165175 ],
					"upshot_8chanmixer[3]::channel 3" : [ -48.813641759898957 ],
					"upshot_8chanmixer[3]::channel 4" : [ -30.914761020747399 ],
					"upshot_8chanmixer[3]::channel 5" : [ -10.052729623805689 ],
					"upshot_8chanmixer[3]::channel 6" : [ -12.352323266685573 ],
					"upshot_8chanmixer[3]::channel 7" : [ -33.417090062781924 ],
					"upshot_8chanmixer[3]::channel 8" : [ -50.529164608130593 ],
					"upshot_8chanmixer[3]::channel_01_mute" : [ 1.0 ],
					"upshot_8chanmixer[3]::channel_02_mute" : [ 1.0 ],
					"upshot_8chanmixer[3]::channel_03_mute" : [ 1.0 ],
					"upshot_8chanmixer[3]::channel_04_mute" : [ 1.0 ],
					"upshot_8chanmixer[3]::channel_05_mute" : [ 1.0 ],
					"upshot_8chanmixer[3]::channel_06_mute" : [ 1.0 ],
					"upshot_8chanmixer[3]::channel_07_mute" : [ 1.0 ],
					"upshot_8chanmixer[3]::channel_08_mute" : [ 1.0 ]
				}

			}

		}

	}

}
