{
	"pattrstorage" : 	{
		"name" : "upshot",
		"slots" : 		{
			"1" : 			{
				"id" : 1,
				"data" : 				{
					"upshot_draw::clear" : [ 0.0 ],
					"upshot_draw::clear[1]" : [ 0.0 ],
					"upshot_draw::pensize" : [ 8.0 ],
					"upshot_draw::root" : [ 0 ],
					"upshot_draw::scales" : [ 2 ],
					"upshot_draw::swatch" : [ 141, 56, 52 ],
					"upshot_draw::volume" : [ -10.13848526666127 ],
					"upshot_output::DSP state" : [ 1.0 ],
					"upshot_output::output volumes" : [ -6.753630204634234 ],
					"upshot_waveslope::output" : [ 79.379848619718302 ],
					"upshot_waveslope::output_range" : [ 70, 93 ],
					"upshot_waveslope::speed" : [ 0.023622047244094 ],
					"upshot_waveslope::waveshape" : [ 0.0 ],
					"upshot_waveslope[1]::output" : [ 100.978684914572142 ],
					"upshot_waveslope[1]::output_range" : [ 0, 127 ],
					"upshot_waveslope[1]::speed" : [ 0.118110236220473 ],
					"upshot_waveslope[1]::waveshape" : [ 1.0 ],
					"upshot_compare::compare" : [ 1 ],
					"upshot_waveslope[2]::output" : [ 110.320467570754175 ],
					"upshot_waveslope[2]::output_range" : [ 0, 127 ],
					"upshot_waveslope[2]::speed" : [ 0.094488188976378 ],
					"upshot_waveslope[2]::waveshape" : [ 0.0 ],
					"upshot_draw[1]::clear" : [ 0.0 ],
					"upshot_draw[1]::clear[1]" : [ 0.0 ],
					"upshot_draw[1]::pensize" : [ 8.0 ],
					"upshot_draw[1]::root" : [ 0 ],
					"upshot_draw[1]::scales" : [ 2 ],
					"upshot_draw[1]::swatch" : [ 7, 246, 241 ],
					"upshot_draw[1]::volume" : [ -10.081546737350905 ],
					"upshot_waveslope[5]::output" : [ 58.073383660789766 ],
					"upshot_waveslope[5]::output_range" : [ 50, 75 ],
					"upshot_waveslope[5]::speed" : [ 0.070866141732283 ],
					"upshot_waveslope[5]::waveshape" : [ 1.0 ],
					"upshot_waveslope[4]::output" : [ 51.793077161053205 ],
					"upshot_waveslope[4]::output_range" : [ 0, 127 ],
					"upshot_waveslope[4]::speed" : [ 0.023622047244094 ],
					"upshot_waveslope[4]::waveshape" : [ 0.0 ],
					"upshot_compare[1]::compare" : [ 1 ],
					"upshot_waveslope[3]::output" : [ 110.320467570754175 ],
					"upshot_waveslope[3]::output_range" : [ 0, 127 ],
					"upshot_waveslope[3]::speed" : [ 0.094488188976378 ],
					"upshot_waveslope[3]::waveshape" : [ 0.0 ],
					"upshot_draw[2]::clear" : [ 0.0 ],
					"upshot_draw[2]::clear[1]" : [ 0.0 ],
					"upshot_draw[2]::pensize" : [ 1.0 ],
					"upshot_draw[2]::root" : [ 0 ],
					"upshot_draw[2]::scales" : [ 2 ],
					"upshot_draw[2]::swatch" : [ 108, 15, 85 ],
					"upshot_draw[2]::volume" : [ -9.892258517190307 ],
					"upshot_waveslope[8]::output" : [ 42.1804310244788 ],
					"upshot_waveslope[8]::output_range" : [ 31, 51 ],
					"upshot_waveslope[8]::speed" : [ 0.023622047244094 ],
					"upshot_waveslope[8]::waveshape" : [ 1.0 ],
					"upshot_waveslope[7]::output" : [ 51.793077161053205 ],
					"upshot_waveslope[7]::output_range" : [ 0, 127 ],
					"upshot_waveslope[7]::speed" : [ 0.023622047244094 ],
					"upshot_waveslope[7]::waveshape" : [ 0.0 ],
					"upshot_compare[2]::compare" : [ 1 ],
					"upshot_waveslope[6]::output" : [ 4.316599921329058 ],
					"upshot_waveslope[6]::output_range" : [ 0, 127 ],
					"upshot_waveslope[6]::speed" : [ 0.047244094488189 ],
					"upshot_waveslope[6]::waveshape" : [ 0.0 ],
					"upshot_draw[3]::clear" : [ 0.0 ],
					"upshot_draw[3]::clear[1]" : [ 0.0 ],
					"upshot_draw[3]::pensize" : [ 4.0 ],
					"upshot_draw[3]::root" : [ 0 ],
					"upshot_draw[3]::scales" : [ 2 ],
					"upshot_draw[3]::swatch" : [ 123, 87, 40 ],
					"upshot_draw[3]::volume" : [ -10.081546737350905 ],
					"upshot_waveslope[11]::output" : [ 62.639137953520631 ],
					"upshot_waveslope[11]::output_range" : [ 45, 65 ],
					"upshot_waveslope[11]::speed" : [ 0.047244094488188 ],
					"upshot_waveslope[11]::waveshape" : [ 1.0 ],
					"upshot_waveslope[10]::output" : [ 49.273682682180016 ],
					"upshot_waveslope[10]::output_range" : [ 35, 70 ],
					"upshot_waveslope[10]::speed" : [ 0.023622047244094 ],
					"upshot_waveslope[10]::waveshape" : [ 0.0 ],
					"upshot_compare[3]::compare" : [ 1 ],
					"upshot_waveslope[9]::output" : [ 51.793077161053205 ],
					"upshot_waveslope[9]::output_range" : [ 0, 127 ],
					"upshot_waveslope[9]::speed" : [ 0.023622047244094 ],
					"upshot_waveslope[9]::waveshape" : [ 0.0 ],
					"upshot_8chanmixer::audio to 1" : [ 0.0 ],
					"upshot_8chanmixer::audio to 2" : [ 1.0 ],
					"upshot_8chanmixer::audio to 3" : [ 2.0 ],
					"upshot_8chanmixer::audio to 4" : [ 3.0 ],
					"upshot_8chanmixer::audio to 5" : [ 0.0 ],
					"upshot_8chanmixer::audio to 6" : [ 0.0 ],
					"upshot_8chanmixer::audio to 7" : [ 0.0 ],
					"upshot_8chanmixer::audio to 8" : [ 0.0 ],
					"upshot_8chanmixer::channel 1" : [ -24.607750261399964 ],
					"upshot_8chanmixer::channel 2" : [ -9.102209311058502 ],
					"upshot_8chanmixer::channel 3" : [ -6.409200924416965 ],
					"upshot_8chanmixer::channel 4" : [ -23.208369810764829 ],
					"upshot_8chanmixer::channel 5" : [ 0.0 ],
					"upshot_8chanmixer::channel 6" : [ 0.0 ],
					"upshot_8chanmixer::channel 7" : [ 0.0 ],
					"upshot_8chanmixer::channel 8" : [ 0.0 ],
					"upshot_8chanmixer::channel_01_mute" : [ 1.0 ],
					"upshot_8chanmixer::channel_02_mute" : [ 1.0 ],
					"upshot_8chanmixer::channel_03_mute" : [ 1.0 ],
					"upshot_8chanmixer::channel_04_mute" : [ 1.0 ],
					"upshot_8chanmixer::channel_05_mute" : [ 1.0 ],
					"upshot_8chanmixer::channel_06_mute" : [ 1.0 ],
					"upshot_8chanmixer::channel_07_mute" : [ 1.0 ],
					"upshot_8chanmixer::channel_08_mute" : [ 1.0 ],
					"upshot_nodes::circle width" : [ 127.0 ],
					"upshot_nodes::direction" : [ 0.0 ],
					"upshot_nodes::mode" : [ 1.0 ],
					"upshot_nodes::node size" : [ 2.0 ],
					"upshot_nodes::nodes" : [ 0.271604938271605, 0.249890469652291, 2.0, 1, 0.749609, 0.250391, 2.0, 1, 0.746913580246914, 0.74350127390373, 2.0, 1, 0.271604938271605, 0.731161003797444, 2.0, 1 ],
					"upshot_nodes::number of nodes" : [ 4.0 ],
					"upshot_nodes::random speed" : [ 0.02 ],
					"upshot_nodes::rotation speed" : [ 111.0 ],
					"upshot_nodes::x-axis" : [ 126.710369705603568 ],
					"upshot_nodes::y-axis" : [ 57.442016698527958 ],
					"upshot_8chanmixer[1]::audio to 1" : [ 0.0 ],
					"upshot_8chanmixer[1]::audio to 2" : [ 1.0 ],
					"upshot_8chanmixer[1]::audio to 3" : [ 2.0 ],
					"upshot_8chanmixer[1]::audio to 4" : [ 3.0 ],
					"upshot_8chanmixer[1]::audio to 5" : [ 0.0 ],
					"upshot_8chanmixer[1]::audio to 6" : [ 0.0 ],
					"upshot_8chanmixer[1]::audio to 7" : [ 0.0 ],
					"upshot_8chanmixer[1]::audio to 8" : [ 0.0 ],
					"upshot_8chanmixer[1]::channel 1" : [ -7.39737289041058 ],
					"upshot_8chanmixer[1]::channel 2" : [ -24.592806949643069 ],
					"upshot_8chanmixer[1]::channel 3" : [ -25.152572743361446 ],
					"upshot_8chanmixer[1]::channel 4" : [ -8.510637713060525 ],
					"upshot_8chanmixer[1]::channel 5" : [ 0.0 ],
					"upshot_8chanmixer[1]::channel 6" : [ 0.0 ],
					"upshot_8chanmixer[1]::channel 7" : [ 0.0 ],
					"upshot_8chanmixer[1]::channel 8" : [ 0.0 ],
					"upshot_8chanmixer[1]::channel_01_mute" : [ 1.0 ],
					"upshot_8chanmixer[1]::channel_02_mute" : [ 1.0 ],
					"upshot_8chanmixer[1]::channel_03_mute" : [ 1.0 ],
					"upshot_8chanmixer[1]::channel_04_mute" : [ 1.0 ],
					"upshot_8chanmixer[1]::channel_05_mute" : [ 1.0 ],
					"upshot_8chanmixer[1]::channel_06_mute" : [ 1.0 ],
					"upshot_8chanmixer[1]::channel_07_mute" : [ 1.0 ],
					"upshot_8chanmixer[1]::channel_08_mute" : [ 1.0 ],
					"upshot_nodes[1]::circle width" : [ 127.0 ],
					"upshot_nodes[1]::direction" : [ 0.0 ],
					"upshot_nodes[1]::mode" : [ 1.0 ],
					"upshot_nodes[1]::node size" : [ 2.0 ],
					"upshot_nodes[1]::nodes" : [ 0.253086419753086, 0.249890469652291, 2.0, 1, 0.749609, 0.250391, 2.0, 1, 0.753086419753086, 0.749671408956873, 2.0, 1, 0.259259259259259, 0.749671408956873, 2.0, 1 ],
					"upshot_nodes[1]::number of nodes" : [ 4.0 ],
					"upshot_nodes[1]::random speed" : [ 0.02 ],
					"upshot_nodes[1]::rotation speed" : [ 106.0 ],
					"upshot_nodes[1]::x-axis" : [ 0.038881114879548 ],
					"upshot_nodes[1]::y-axis" : [ 65.721798786705776 ],
					"upshot_8chanmixer[2]::audio to 1" : [ 0.0 ],
					"upshot_8chanmixer[2]::audio to 2" : [ 1.0 ],
					"upshot_8chanmixer[2]::audio to 3" : [ 2.0 ],
					"upshot_8chanmixer[2]::audio to 4" : [ 3.0 ],
					"upshot_8chanmixer[2]::audio to 5" : [ 0.0 ],
					"upshot_8chanmixer[2]::audio to 6" : [ 0.0 ],
					"upshot_8chanmixer[2]::audio to 7" : [ 0.0 ],
					"upshot_8chanmixer[2]::audio to 8" : [ 0.0 ],
					"upshot_8chanmixer[2]::channel 1" : [ -8.099833981377976 ],
					"upshot_8chanmixer[2]::channel 2" : [ -7.733143390027095 ],
					"upshot_8chanmixer[2]::channel 3" : [ -23.856950811603852 ],
					"upshot_8chanmixer[2]::channel 4" : [ -24.221181509250783 ],
					"upshot_8chanmixer[2]::channel 5" : [ 0.0 ],
					"upshot_8chanmixer[2]::channel 6" : [ 0.0 ],
					"upshot_8chanmixer[2]::channel 7" : [ 0.0 ],
					"upshot_8chanmixer[2]::channel 8" : [ 0.0 ],
					"upshot_8chanmixer[2]::channel_01_mute" : [ 1.0 ],
					"upshot_8chanmixer[2]::channel_02_mute" : [ 1.0 ],
					"upshot_8chanmixer[2]::channel_03_mute" : [ 1.0 ],
					"upshot_8chanmixer[2]::channel_04_mute" : [ 1.0 ],
					"upshot_8chanmixer[2]::channel_05_mute" : [ 1.0 ],
					"upshot_8chanmixer[2]::channel_06_mute" : [ 1.0 ],
					"upshot_8chanmixer[2]::channel_07_mute" : [ 1.0 ],
					"upshot_8chanmixer[2]::channel_08_mute" : [ 1.0 ],
					"upshot_nodes[2]::circle width" : [ 127.0 ],
					"upshot_nodes[2]::direction" : [ 1.0 ],
					"upshot_nodes[2]::mode" : [ 1.0 ],
					"upshot_nodes[2]::node size" : [ 2.0 ],
					"upshot_nodes[2]::nodes" : [ 0.240740740740741, 0.249890469652291, 2.0, 1, 0.749609, 0.250391, 2.0, 1, 0.765432098765432, 0.718820733691158, 2.0, 1, 0.228395061728395, 0.724990868744301, 2.0, 1 ],
					"upshot_nodes[2]::number of nodes" : [ 4.0 ],
					"upshot_nodes[2]::random speed" : [ 0.02 ],
					"upshot_nodes[2]::rotation speed" : [ 104.0 ],
					"upshot_nodes[2]::x-axis" : [ 63.755789102732805 ],
					"upshot_nodes[2]::y-axis" : [ 126.99948481629535 ],
					"upshot_8chanmixer[3]::audio to 1" : [ 0.0 ],
					"upshot_8chanmixer[3]::audio to 2" : [ 1.0 ],
					"upshot_8chanmixer[3]::audio to 3" : [ 2.0 ],
					"upshot_8chanmixer[3]::audio to 4" : [ 3.0 ],
					"upshot_8chanmixer[3]::audio to 5" : [ 0.0 ],
					"upshot_8chanmixer[3]::audio to 6" : [ 0.0 ],
					"upshot_8chanmixer[3]::audio to 7" : [ 0.0 ],
					"upshot_8chanmixer[3]::audio to 8" : [ 0.0 ],
					"upshot_8chanmixer[3]::channel 1" : [ -26.925909663239175 ],
					"upshot_8chanmixer[3]::channel 2" : [ -20.578738270274947 ],
					"upshot_8chanmixer[3]::channel 3" : [ -14.759957479472128 ],
					"upshot_8chanmixer[3]::channel 4" : [ 0.029770293821016 ],
					"upshot_8chanmixer[3]::channel 5" : [ 0.0 ],
					"upshot_8chanmixer[3]::channel 6" : [ 0.0 ],
					"upshot_8chanmixer[3]::channel 7" : [ 0.0 ],
					"upshot_8chanmixer[3]::channel 8" : [ 0.0 ],
					"upshot_8chanmixer[3]::channel_01_mute" : [ 1.0 ],
					"upshot_8chanmixer[3]::channel_02_mute" : [ 1.0 ],
					"upshot_8chanmixer[3]::channel_03_mute" : [ 1.0 ],
					"upshot_8chanmixer[3]::channel_04_mute" : [ 1.0 ],
					"upshot_8chanmixer[3]::channel_05_mute" : [ 1.0 ],
					"upshot_8chanmixer[3]::channel_06_mute" : [ 1.0 ],
					"upshot_8chanmixer[3]::channel_07_mute" : [ 1.0 ],
					"upshot_8chanmixer[3]::channel_08_mute" : [ 1.0 ],
					"upshot_nodes[3]::circle width" : [ 127.0 ],
					"upshot_nodes[3]::direction" : [ 2.0 ],
					"upshot_nodes[3]::mode" : [ 1.0 ],
					"upshot_nodes[3]::node size" : [ 2.0 ],
					"upshot_nodes[3]::nodes" : [ 0.265432098765432, 0.243720334599148, 2.0, 1, 0.703703703703704, 0.243720334599148, 2.0, 1, 0.253086419753086, 0.786692219275731, 2.0, 1, 0.709876543209877, 0.780522084222588, 2.0, 1 ],
					"upshot_nodes[3]::number of nodes" : [ 4.0 ],
					"upshot_nodes[3]::random speed" : [ 0.02 ],
					"upshot_nodes[3]::rotation speed" : [ 102.0 ],
					"upshot_nodes[3]::x-axis" : [ 97.517732056258893 ],
					"upshot_nodes[3]::y-axis" : [ 9.880564104528514 ]
				}

			}

		}

	}

}
