{
	"pattrstorage" : 	{
		"name" : "upshot",
		"slots" : 		{
			"1" : 			{
				"id" : 1,
				"data" : 				{
					"upshot_transport::bars" : [ 1 ],
					"upshot_transport::beats" : [ 1 ],
					"upshot_transport::bpm" : [ 120.0 ],
					"upshot_transport::click-state" : [ 0.0 ],
					"upshot_transport::live.text" : [ 0.0 ],
					"upshot_transport::location" : [ 0.0 ],
					"upshot_transport::pulse[1]" : [ 0.0 ],
					"upshot_transport::taptotempo" : [ 0.0 ],
					"upshot_transport::timesig-beats" : [ 4 ],
					"upshot_transport::timesig-unit" : [ "4" ],
					"upshot_transport::transport[1]" : [ 0.0 ],
					"upshot_transport::units" : [ 0.0 ],
					"upshot_transport::volume" : [ 0.0 ],
					"upshot_output::DSP state" : [ 1.0 ],
					"upshot_output::output volumes" : [ 0.0 ],
					"upshot_mixer::audio to 1" : [ 0.0 ],
					"upshot_mixer::audio to 2" : [ 0.0 ],
					"upshot_mixer::audio to 3" : [ 0.0 ],
					"upshot_mixer::audio to 4" : [ 0.0 ],
					"upshot_mixer::audio to 5" : [ 0.0 ],
					"upshot_mixer::audio to 6" : [ 0.0 ],
					"upshot_mixer::audio to 7" : [ 0.0 ],
					"upshot_mixer::audio to 8" : [ 0.0 ],
					"upshot_mixer::channel 1" : [ 0.72019125470338 ],
					"upshot_mixer::channel 2" : [ 0.0 ],
					"upshot_mixer::channel 3" : [ -0.476659138997405 ],
					"upshot_mixer::channel 4" : [ -0.476659138997405 ],
					"upshot_mixer::channel 5" : [ -0.989345053258106 ],
					"upshot_mixer::channel 6" : [ -0.217754013582152 ],
					"upshot_mixer::channel 7" : [ 0.0 ],
					"upshot_mixer::channel 8" : [ 0.0 ],
					"upshot_mixer::channel_01_mute" : [ 1.0 ],
					"upshot_mixer::channel_02_mute" : [ 1.0 ],
					"upshot_mixer::channel_03_mute" : [ 1.0 ],
					"upshot_mixer::channel_04_mute" : [ 1.0 ],
					"upshot_mixer::channel_05_mute" : [ 1.0 ],
					"upshot_mixer::channel_06_mute" : [ 1.0 ],
					"upshot_mixer::channel_07_mute" : [ 1.0 ],
					"upshot_mixer::channel_08_mute" : [ 1.0 ],
					"upshot_beams::beam" : [ 1.0 ],
					"upshot_beams::live.toggle" : [ 0.0 ],
					"upshot_beams::live.toggle[1]" : [ 1.0 ],
					"upshot_beams::live.toggle[2]" : [ 0.0 ],
					"upshot_beams::live.toggle[3]" : [ 0.0 ],
					"upshot_beams::live.toggle[4]" : [ 0.0 ],
					"upshot_beams::midiout" : [ 2 ],
					"upshot_beams::pitch_01" : [ 38.0 ],
					"upshot_beams::probability-one" : [ 20.0 ],
					"upshot_beams::probability-one[1]" : [ 100.0 ],
					"upshot_beams::probability-one[3]" : [ 40.0 ],
					"upshot_beams::probability-one[4]" : [ 50.0 ],
					"upshot_beams::probability-zero" : [ 100.0 ],
					"upshot_beams::probability-zero[1]" : [ 40.0 ],
					"upshot_beams::probability-zero[2]" : [ 0.0 ],
					"upshot_beams::random-range" : [ 0, 115 ],
					"upshot_beams::random_note_01" : [ 0.0 ],
					"upshot_beams::refresh" : [ 0.0 ],
					"upshot_beams::root" : [ 0.0 ],
					"upshot_beams::scales" : [ 1.0 ],
					"upshot_beams::state" : [ 1.0 ],
					"upshot_beams::velocity_01" : [ 79.999999999999957 ],
					"upshot_polysynth::carrier-attack" : [ 0.0 ],
					"upshot_polysynth::carrier-brightness" : [ 0.0 ],
					"upshot_polysynth::carrier-decay" : [ 0.0 ],
					"upshot_polysynth::carrier-ratio" : [ 0.0 ],
					"upshot_polysynth::carrier-release" : [ 0.0 ],
					"upshot_polysynth::carrier-sustain" : [ 0.0 ],
					"upshot_polysynth::flush" : [ 0.0 ],
					"upshot_polysynth::midiout" : [ 1 ],
					"upshot_polysynth::modulator-attack" : [ 0.018910392330015 ],
					"upshot_polysynth::modulator-decay" : [ 115.408756139232935 ],
					"upshot_polysynth::modulator-release" : [ 89.585558032088173 ],
					"upshot_polysynth::modulator-sustain" : [ 2.362204724409449 ],
					"upshot_polysynth::refresh" : [ 0.0 ],
					"upshot_polysynth::volume" : [ -2.343619678350692 ],
					"upshot_polysynth::wave-type" : [ 1 ],
					"upshot_polysynth[1]::carrier-attack" : [ 0.0 ],
					"upshot_polysynth[1]::carrier-brightness" : [ 0.0 ],
					"upshot_polysynth[1]::carrier-decay" : [ 0.0 ],
					"upshot_polysynth[1]::carrier-ratio" : [ 0.0 ],
					"upshot_polysynth[1]::carrier-release" : [ 0.0 ],
					"upshot_polysynth[1]::carrier-sustain" : [ 0.0 ],
					"upshot_polysynth[1]::flush" : [ 0.0 ],
					"upshot_polysynth[1]::midiout" : [ 1 ],
					"upshot_polysynth[1]::modulator-attack" : [ 0.000485621545934 ],
					"upshot_polysynth[1]::modulator-decay" : [ 1.437485346916829 ],
					"upshot_polysynth[1]::modulator-release" : [ 0.0 ],
					"upshot_polysynth[1]::modulator-sustain" : [ 0.0 ],
					"upshot_polysynth[1]::refresh" : [ 0.0 ],
					"upshot_polysynth[1]::volume" : [ -0.334356130411805 ],
					"upshot_polysynth[1]::wave-type" : [ 2 ],
					"upshot_beams[1]::beam" : [ 4.0 ],
					"upshot_beams[1]::live.toggle" : [ 0.0 ],
					"upshot_beams[1]::live.toggle[1]" : [ 0.0 ],
					"upshot_beams[1]::live.toggle[2]" : [ 0.0 ],
					"upshot_beams[1]::live.toggle[3]" : [ 0.0 ],
					"upshot_beams[1]::live.toggle[4]" : [ 1.0 ],
					"upshot_beams[1]::midiout" : [ 2 ],
					"upshot_beams[1]::pitch_01" : [ 98.0 ],
					"upshot_beams[1]::probability-one" : [ 0.0 ],
					"upshot_beams[1]::probability-one[1]" : [ 100.0 ],
					"upshot_beams[1]::probability-one[3]" : [ 8.0 ],
					"upshot_beams[1]::probability-one[4]" : [ 70.0 ],
					"upshot_beams[1]::probability-zero" : [ 0.0 ],
					"upshot_beams[1]::probability-zero[1]" : [ 40.0 ],
					"upshot_beams[1]::probability-zero[2]" : [ 50.0 ],
					"upshot_beams[1]::random-range" : [ 0, 115 ],
					"upshot_beams[1]::random_note_01" : [ 0.0 ],
					"upshot_beams[1]::refresh" : [ 0.0 ],
					"upshot_beams[1]::root" : [ 0.0 ],
					"upshot_beams[1]::scales" : [ 1.0 ],
					"upshot_beams[1]::state" : [ 1.0 ],
					"upshot_beams[1]::velocity_01" : [ 79.999999999999957 ],
					"upshot_monosynth::attack" : [ 0.0 ],
					"upshot_monosynth::note length" : [ 7.086614173228346 ],
					"upshot_monosynth::portamento" : [ 0.0 ],
					"upshot_monosynth::release" : [ 133.858267716535522 ],
					"upshot_monosynth::volume" : [ -19.689334287759479 ],
					"upshot_monosynth::waveshape" : [ 2.0 ],
					"upshot_stepsequencer::fold" : [ 0.0 ],
					"upshot_stepsequencer::interval" : [ 7.0 ],
					"upshot_stepsequencer::loop-max" : [ 1.0 ],
					"upshot_stepsequencer::loop-min" : [ 1.0 ],
					"upshot_stepsequencer::mode" : [ 0.0 ],
					"upshot_stepsequencer::state" : [ 1.0 ],
					"upshot_stepsequencer::steps" : [ 16.0 ],
					"upshot_stepsequencer::stepseq" : [ 1, 16, 9, 1, 12, 0, 16, 42.569747899159587, 72.369747899159549, 0, 0, 58, 121, 4, 48, 42, 55, 88, 4, 48, 30, 58, 91, 4, 48, 5, 55, 99, 4, 47, -6, 50, 82, 4, 47, -16, 62, 116, 4, 48, -62, 53, 96, 4, 48, 10, 55, 100, 4, 48, 77, 60, 108, 4, 48, 11, 62, 96, 4, 48, 13, 58, 71, 4, 48, -18, 62, 108, 4, 48, 33, 70, 76, 4, 48, 11, 67, 103, 4, 48, -3, 63, 60, 4, 47, 6, 62, 74, 4, 45, 14, 60, 64, 67, 71, 72, 76, 79, 83, 84 ],
					"upshot_yafrverb::damping" : [ 50.0 ],
					"upshot_yafrverb::decay time" : [ 61.551181102362271 ],
					"upshot_yafrverb::diffiusion" : [ 85.314960629921245 ],
					"upshot_yafrverb::dry/wet" : [ 28.0 ],
					"upshot_yafrverb::room size" : [ 64.000000000000043 ],
					"upshot_yafrverb::volume" : [ 0.0 ],
					"upshot_polysynth[2]::carrier-attack" : [ 0.0 ],
					"upshot_polysynth[2]::carrier-brightness" : [ 22.929133858267694 ],
					"upshot_polysynth[2]::carrier-decay" : [ 0.0 ],
					"upshot_polysynth[2]::carrier-ratio" : [ 1.889763779527557 ],
					"upshot_polysynth[2]::carrier-release" : [ 0.0 ],
					"upshot_polysynth[2]::carrier-sustain" : [ 0.0 ],
					"upshot_polysynth[2]::flush" : [ 0.0 ],
					"upshot_polysynth[2]::midiout" : [ 1 ],
					"upshot_polysynth[2]::modulator-attack" : [ 5.012186344516599 ],
					"upshot_polysynth[2]::modulator-decay" : [ 346.105323917575504 ],
					"upshot_polysynth[2]::modulator-release" : [ 81.965633541668623 ],
					"upshot_polysynth[2]::modulator-sustain" : [ 76.377952755905511 ],
					"upshot_polysynth[2]::refresh" : [ 0.0 ],
					"upshot_polysynth[2]::volume" : [ -22.333429775617915 ],
					"upshot_polysynth[2]::wave-type" : [ 2 ],
					"upshot_beams[2]::beam" : [ 0.0 ],
					"upshot_beams[2]::live.toggle" : [ 1.0 ],
					"upshot_beams[2]::live.toggle[1]" : [ 0.0 ],
					"upshot_beams[2]::live.toggle[2]" : [ 0.0 ],
					"upshot_beams[2]::live.toggle[3]" : [ 0.0 ],
					"upshot_beams[2]::live.toggle[4]" : [ 0.0 ],
					"upshot_beams[2]::midiout" : [ 2 ],
					"upshot_beams[2]::pitch_01" : [ 30.0 ],
					"upshot_beams[2]::probability-one" : [ 30.0 ],
					"upshot_beams[2]::probability-one[1]" : [ 100.0 ],
					"upshot_beams[2]::probability-one[3]" : [ 59.370078740157453 ],
					"upshot_beams[2]::probability-one[4]" : [ 0.0 ],
					"upshot_beams[2]::probability-zero" : [ 66.141732283464634 ],
					"upshot_beams[2]::probability-zero[1]" : [ 22.047244094488178 ],
					"upshot_beams[2]::probability-zero[2]" : [ 0.0 ],
					"upshot_beams[2]::random-range" : [ 29, 40 ],
					"upshot_beams[2]::random_note_01" : [ 1.0 ],
					"upshot_beams[2]::refresh" : [ 0.0 ],
					"upshot_beams[2]::root" : [ 2.0 ],
					"upshot_beams[2]::scales" : [ 3.0 ],
					"upshot_beams[2]::state" : [ 1.0 ],
					"upshot_beams[2]::velocity_01" : [ 79.999999999999957 ],
					"upshot_polysynth[3]::carrier-attack" : [ 0.0 ],
					"upshot_polysynth[3]::carrier-brightness" : [ 0.0 ],
					"upshot_polysynth[3]::carrier-decay" : [ 0.0 ],
					"upshot_polysynth[3]::carrier-ratio" : [ 0.0 ],
					"upshot_polysynth[3]::carrier-release" : [ 0.0 ],
					"upshot_polysynth[3]::carrier-sustain" : [ 0.0 ],
					"upshot_polysynth[3]::flush" : [ 0.0 ],
					"upshot_polysynth[3]::midiout" : [ 1 ],
					"upshot_polysynth[3]::modulator-attack" : [ 1.046231874628601 ],
					"upshot_polysynth[3]::modulator-decay" : [ 55.976535856933644 ],
					"upshot_polysynth[3]::modulator-release" : [ 45.446309528674462 ],
					"upshot_polysynth[3]::modulator-sustain" : [ 66.141732283464563 ],
					"upshot_polysynth[3]::refresh" : [ 0.0 ],
					"upshot_polysynth[3]::volume" : [ -8.327871646854568 ],
					"upshot_polysynth[3]::wave-type" : [ 1 ],
					"upshot_envelope::envelope output" : [ 0.0 ],
					"upshot_envelope::functions" : [ "data", 0, 20, 1000.0, 0.0, 1.0, 0.0, 0.0, 0, 0.0, 786.809244969794463, 0.0, 0, 0.0, 883.816678475602316, 1.0, 0, 0.0, 1000.0, 0.0, 2, 0.0, "curve", "data", 1, 20, 1000.0, 0.0, 1.0, 0.0, 0.0, 0, 0.0, 424.761904761904759, 0.890243902439024, 2, 0.0, 580.952380952380963, 0.384146341463415, 0, -0.0, 1000.0, 0.0, 0, -0.005, "curve", "data", 2, 24, 1000.0, 0.0, 1.0, 0.0, 0.0, 0, 0.0, 193.442622999999998, 1.0, 0, 0.0, 301.639343999999994, 0.430233, 0, 0.0, 675.409836000000041, 0.436047, 0, 0.0, 1000.0, 0.0, 0, 0.0, "curve", "data", 3, 36, 1000.0, 0.0, 1.0, 0.0, 0.0, 0, 0.0, 377.049179999999978, 1.0, 0, 0.0, 439.344262000000015, 0.0, 0, 0.0, 603.278688999999986, 0.824675, 0, 0.0, 708.196721000000025, 0.0, 0, 0.0, 757.377049000000056, 0.0, 0, 0.0, 832.786884999999984, 0.590909, 0, 0.0, 1000.0, 0.0, 0, 0.0, "curve", "data", 4, 20, 1000.0, 0.0, 1.0, 0.0, 0.0, 0, 0.0, 481.904761904761926, 0.774390243902439, 0, 0.318, 897.14285714285711, 1.0, 0, 0.56, 1000.0, 0.0, 0, 0.0, "curve", "data", 5, 20, 1000.0, 0.0, 1.0, 0.0, 0.0, 0, 0.0, 118.095238095238102, 0.75, 0, 0.0, 706.666666666666629, 1.0, 0, 0.0, 1000.0, 0.0, 0, 0.0, "curve", "data", 6, 28, 1000.0, 0.0, 1.0, 1.904761904761905, 0.0, 0, 0.0, 358.095238095238074, 0.195121951219512, 0, 0.0, 420.952380952380963, 0.75, 0, 0.0, 577.14285714285711, 1.0, 0, 0.0, 800.0, 1.0, 0, 0.0, 1000.0, 0.0, 0, 0.0, "curve", "data", 7, 28, 1000.0, 0.0, 1.0, 0.0, 0.0, 0, 0.0, 314.285714285714278, 0.018292682926829, 0, 0.0, 472.380952380952408, 0.518292682926829, 0, 0.0, 729.523809523809518, 0.0, 0, 0.0, 859.047619047619037, 1.0, 0, 0.0, 1000.0, 0.0, 0, 0.0, "curve" ],
					"upshot_envelope::selected function" : [ 1.0 ],
					"upshot_envelope::speed" : [ 0.07236220472441 ],
					"upshot_envelope::state" : [ 1.0 ],
					"upshot_stepsequencer[1]::fold" : [ 0.0 ],
					"upshot_stepsequencer[1]::interval" : [ 7.0 ],
					"upshot_stepsequencer[1]::loop-max" : [ 16.0 ],
					"upshot_stepsequencer[1]::loop-min" : [ 1.0 ],
					"upshot_stepsequencer[1]::mode" : [ 0.0 ],
					"upshot_stepsequencer[1]::state" : [ 1.0 ],
					"upshot_stepsequencer[1]::steps" : [ 16.000000000000028 ],
					"upshot_stepsequencer[1]::stepseq" : [ 1, 16, 9, 1, 12, 0, 13, 58.199999999999982, 87.999999999999844, 0, 0, 67, 121, 4, 48, 42, 69, 108, 4, 48, 30, 70, 102, 4, 48, 5, 74, 94, 4, 48, -6, 67, 72, 4, 48, -16, 67, 96, 4, 48, -62, 62, 101, 4, 48, 10, 67, 106, 4, 48, 77, 74, 108, 4, 48, 11, 67, 102, 4, 48, 13, 61, 92, 4, 48, -18, 67, 72, 4, 48, 33, 70, 107, 4, 48, 11, 70, 103, 4, 48, -3, 67, 40, 4, 48, 6, 70, 74, 4, 48, 14, 60, 64, 67, 71, 72, 76, 79, 83, 84 ],
					"upshot_monosynth[1]::attack" : [ 0.0 ],
					"upshot_monosynth[1]::note length" : [ 35.433070866141861 ],
					"upshot_monosynth[1]::portamento" : [ 0.0 ],
					"upshot_monosynth[1]::release" : [ 31.496062992126788 ],
					"upshot_monosynth[1]::volume" : [ -3.181818181818201 ],
					"upshot_monosynth[1]::waveshape" : [ 3.0 ],
					"upshot_echo::bypass" : [ 0.0 ],
					"upshot_echo::feedback" : [ 59.133858267716498 ],
					"upshot_echo::interv" : [ 10.0 ],
					"upshot_echo::interval" : [ 10.0 ],
					"upshot_echo::sync" : [ 1.0 ],
					"upshot_echo::time" : [ 696.220472440944263 ],
					"upshot_echo::volume" : [ -6.600289916992182 ],
					"upshot_chords::chords" : [ 2.0 ],
					"upshot_chords::midiout" : [ 0 ],
					"upshot_chords::refresh" : [ 0.0 ],
					"upshot_chords::refresh[1]" : [ 0.0 ],
					"upshot_polysynth[4]::carrier-attack" : [ 0.0 ],
					"upshot_polysynth[4]::carrier-brightness" : [ 0.0 ],
					"upshot_polysynth[4]::carrier-decay" : [ 0.0 ],
					"upshot_polysynth[4]::carrier-ratio" : [ 0.0 ],
					"upshot_polysynth[4]::carrier-release" : [ 0.0 ],
					"upshot_polysynth[4]::carrier-sustain" : [ 0.0 ],
					"upshot_polysynth[4]::flush" : [ 0.0 ],
					"upshot_polysynth[4]::midiout" : [ 1 ],
					"upshot_polysynth[4]::modulator-attack" : [ 68.106142294999984 ],
					"upshot_polysynth[4]::modulator-decay" : [ 195.177522495955145 ],
					"upshot_polysynth[4]::modulator-release" : [ 50.519555926521193 ],
					"upshot_polysynth[4]::modulator-sustain" : [ 0.0 ],
					"upshot_polysynth[4]::refresh" : [ 0.0 ],
					"upshot_polysynth[4]::volume" : [ -18.215782716794394 ],
					"upshot_polysynth[4]::wave-type" : [ 1 ],
					"upshot_yafrverb[1]::damping" : [ 50.0 ],
					"upshot_yafrverb[1]::decay time" : [ 79.55118110236225 ],
					"upshot_yafrverb[1]::diffiusion" : [ 85.314960629921245 ],
					"upshot_yafrverb[1]::dry/wet" : [ 50.0 ],
					"upshot_yafrverb[1]::room size" : [ 64.000000000000043 ],
					"upshot_yafrverb[1]::volume" : [ 0.0 ],
					"upshot_filter::bypass" : [ 0.0 ],
					"upshot_filter::filter-type" : [ 5 ],
					"upshot_filter::frequency" : [ 401.501734863670322 ],
					"upshot_filter::gain" : [ 3.343122355536083 ],
					"upshot_filter::resonance" : [ 1.597414422451545 ],
					"upshot_filter::volume" : [ 0.0 ],
					"upshot_polysynth[5]::carrier-attack" : [ 0.0 ],
					"upshot_polysynth[5]::carrier-brightness" : [ 16.881889763779519 ],
					"upshot_polysynth[5]::carrier-decay" : [ 0.0 ],
					"upshot_polysynth[5]::carrier-ratio" : [ 1.291338582677165 ],
					"upshot_polysynth[5]::carrier-release" : [ 0.0 ],
					"upshot_polysynth[5]::carrier-sustain" : [ 0.0 ],
					"upshot_polysynth[5]::flush" : [ 0.0 ],
					"upshot_polysynth[5]::midiout" : [ 1 ],
					"upshot_polysynth[5]::modulator-attack" : [ 564.206823014696738 ],
					"upshot_polysynth[5]::modulator-decay" : [ 169.362989203893846 ],
					"upshot_polysynth[5]::modulator-release" : [ 271.567898513086959 ],
					"upshot_polysynth[5]::modulator-sustain" : [ 33.070866141732338 ],
					"upshot_polysynth[5]::refresh" : [ 0.0 ],
					"upshot_polysynth[5]::volume" : [ -23.530280169318701 ],
					"upshot_polysynth[5]::wave-type" : [ 3 ],
					"upshot_waveslope::output" : [ 12.74768008192153 ],
					"upshot_waveslope::output_range" : [ 0, 127 ],
					"upshot_waveslope::speed" : [ 0.803149606299213 ],
					"upshot_waveslope::waveshape" : [ 0.0 ],
					"upshot_echo[1]::bypass" : [ 0.0 ],
					"upshot_echo[1]::feedback" : [ 67.007874015747973 ],
					"upshot_echo[1]::interv" : [ 9.0 ],
					"upshot_echo[1]::interval" : [ 9.0 ],
					"upshot_echo[1]::sync" : [ 1.0 ],
					"upshot_echo[1]::time" : [ 696.220472440944263 ],
					"upshot_echo[1]::volume" : [ 0.298135279858201 ],
					"upshot_collatzsequencer::collatz_freetempo" : [ 200.0 ],
					"upshot_collatzsequencer::collatz_global_quantize" : [ 1.0 ],
					"upshot_collatzsequencer::collatz_input" : [ 1.0 ],
					"upshot_collatzsequencer::collatz_onoff" : [ 1.0 ],
					"upshot_collatzsequencer::duration" : [ 250.0 ],
					"upshot_collatzsequencer::maxduration" : [ 0.0 ],
					"upshot_collatzsequencer::note_number" : [ 67.0 ],
					"upshot_collatzsequencer::random_N" : [ 0.0 ],
					"upshot_collatzsequencer::random_pitch" : [ 0.0 ],
					"upshot_collatzsequencer::root" : [ 0.0 ],
					"upshot_collatzsequencer::rslider" : [ 0, 127 ],
					"upshot_collatzsequencer::scales" : [ 0.0 ],
					"upshot_collatzsequencer::velocity" : [ 100.0 ]
				}

			}

		}

	}

}
