<?xml version="1.0" encoding="utf-8" standalone="yes"?>

<?xml-stylesheet href="./_c74_ref.xsl" type="text/xsl"?>

<c74object name="us.noise" module="upshot" kind="patcher">
	<digest>noise generator</digest>
	<description>us.noise is a white and pink noise generator with filter options</description>

	<!--METADATA-->
	<metadatalist>
		<metadata name="author">Benjamin Van Esser</metadata>
		<metadata name="tag">Upshot</metadata>
		<metadata name="tag">Misc</metadata>
		<metadata name="tag">Noise</metadata>
	</metadatalist>

	<!--MESSAGES-->
	<methodlist>
		<method name="int">
			<digest>
			Function depends on inlet
			</digest>
			<description>
			</description>
		</method>
		<method name="float">
			<digest>
			Function depends on inlet
			</digest>
			<description>
			</description>
		</method>
	</methodlist>

	<!--INLETS-->
	<misc name="Input">
		<entry name="inlet 1">
			<description>
				noise type (0-3)
			</description>
		</entry>
		<entry name="inlet 2">
			<description>
			  filter type (0-9)
			</description>
		</entry>
		<entry name="inlet 3">
			<description>
				output volume (0-127)
			</description>
		</entry>
	</misc>

	<!--OUTLETS-->
	<misc name="Output">
		<entry name="outlet 1">
			<description>
			Audio signal (L)
			</description>
			</entry>
			<entry name="outlet 2">
				<description>
				Audio signal (R)
				</description>
				</entry>
	</misc>


	<!--SEEALSO-->
		<seealsolist>
			<seealso name="noise~"/>
			<seealso name="pink~"/>
			<seealso name="biquad~"/>
		</seealsolist>

</c74object>
