<?xml version="1.0" encoding="utf-8" standalone="yes"?>

<?xml-stylesheet href="./_c74_ref.xsl" type="text/xsl"?>

<c74object name="us.collatz" module="upshot" kind="patcher">
	<digest>sequencer based on the Collatz Conjecture</digest>
	<description>Collatz Sequencer uses the Collatz conjecture to generate notes. The Collatz conjecture is a conjecture in mathematics that concerns a sequence defined as follows: start with any positive integer n. Then each term is obtained from the previous term as follows: if the previous term is even, the next term is one half the previous term. If the previous term is odd, the next term is 3 times the previous term plus 1. The conjecture is that no matter what value of n, the sequence will always reach 1. The Collatz Sequencer generates a note when the term countdown reaches zero, resulting in irregular, repetitive rhythmical patterns. When the sequence for any integer between 1 and 16 reaches 1, it automatically repeats. Hover cursor over inlets and outlets to reveal function and input/output.</description>

	<!--METADATA-->
	<metadatalist>
		<metadata name="author">Benjamin Van Esser</metadata>
		<metadata name="tag">Upshot</metadata>
		<metadata name="tag">Sequencer</metadata>
		<metadata name="tag">Collatz</metadata>
	</metadatalist>

	<!--MESSAGES-->
	<methodlist>
		<method name="int">
			<digest>
			Function depends on inlet
			</digest>
			<description>
			</description>
		</method>
		<method name="float">
			<digest>
			Function depends on inlet
			</digest>
			<description>
			</description>
		</method>
		<method name="bang">
			<digest>
			Function depends on inlet
			</digest>
			<description>
			</description>
		</method>
	</methodlist>

	<!--INLETS-->
	<misc name="Input">
		<entry name="inlet 1">
			<description>
				state (0, 1)
			</description>
		</entry>
		<entry name="inlet 2">
			<description>
			  free tempo (0-127 = 200ms- 1000ms)
			</description>
		</entry>
		<entry name="inlet 3">
			<description>
				scale (0-13)
			</description>
		</entry>
		<entry name="inlet 4">
			<description>
				root (0-127)
			</description>
		</entry>
		<entry name="inlet 5">
			<description>
				velocity (0-127)
			</description>
		</entry>
		<entry name="inlet 6">
			<description>
				note duration (0-127)
			</description>
		</entry>
	</misc>

	<!--OUTLETS-->
	<misc name="Output">
		<entry name="outlet 1">
			<description>
			note output (pitch, velocity)
			</description>
		</entry>
		<entry name="outlet 2">
				<description>
				sequence progress (0-127)
				</description>
		</entry>
		<entry name="outlet 3">
				<description>
				1 reached (bang)
				</description>
		</entry>
	</misc>


	<!--SEEALSO-->
		<seealsolist>
			<seealso name="coll"/>
		</seealsolist>

</c74object>
