<?xml version="1.0" encoding="utf-8" standalone="yes"?>

<?xml-stylesheet href="./_c74_ref.xsl" type="text/xsl"?>

<c74object name="us.blobtracking" module="upshot" kind="patcher">
	<digest>blob tracking utility</digest>
	<description>us.blobtracking tracks the first 5 blobs it can distinguish when movement is detected. us.blobtracking requires the cv.jit package to be installed (available in the Max Package Manager)</description>

	<!--METADATA-->
	<metadatalist>
		<metadata name="author">Benjamin Van Esser</metadata>
		<metadata name="tag">Upshot</metadata>
		<metadata name="tag">TRACKING</metadata>
		<metadata name="tag">Blob tracking</metadata>
	</metadatalist>

	<!--MESSAGES-->
	<methodlist>
		<method name="int">
			<digest>
			activate input (0, 1)
			</digest>
			<description>
			</description>
		</method>
	</methodlist>

	<!--INLETS-->
	<misc name="Input">
		<entry name="inlet 1">
			<description>
				activate input (0, 1)
			</description>
		</entry>
	</misc>

	<!--OUTLETS-->
	<misc name="Output">
		<entry name="outlets">
			<description>
				each blob outputs a value for the x-axis, y-axis and blob mass. see the us.blobtracking.maxhelp for more information
			</description>
		</entry>
	</misc>


	<!--SEEALSO-->
		<seealsolist>
			<seealso name="cv.jit"/>
			<seealso name="jit.grab"/>
		</seealsolist>

</c74object>
