<?xml version="1.0" encoding="utf-8" standalone="yes"?>

<?xml-stylesheet href="./_c74_ref.xsl" type="text/xsl"?>

<c74object name="us.waveshapedistortion" module="upshot" kind="patcher">
	<digest>wave shape distortion</digest>
	<description>us.waveshapedistortion is a wave shaping distortion audio effect, based on the lookup~ object. draw a wave shape to distort an incoming audio signal.</description>

	<!--METADATA-->
	<metadatalist>
		<metadata name="author">Benjamin Van Esser</metadata>
		<metadata name="tag">Upshot</metadata>
		<metadata name="tag">Audio Effect</metadata>
		<metadata name="tag">Wave shape distortion</metadata>
	</metadatalist>

	<!--MESSAGES-->
	<methodlist>
		<method name="bang">
			<digest>
			Function depends on inlet
			</digest>
			<description>
			</description>
		</method>
		<method name="int">
			<digest>
			Function depends on inlet
			</digest>
			<description>
			</description>
		</method>
		<method name="float">
			<digest>
			Function depends on inlet
			</digest>
			<description>
			</description>
		</method>
	</methodlist>

	<!--INLETS-->
	<misc name="Input">
		<entry name="inlet 1">
			<description>
				Audio signal (L)
			</description>
		</entry>
		<entry name="inlet 2">
			<description>
			  Audio signal (R)
			</description>
		</entry>
		<entry name="inlet 3">
			<description>
				mono/stereo (0, 1)
			</description>
		</entry>
		<entry name="inlet 4">
			<description>
				reset wave shape (bang)
			</description>
		</entry>
		<entry name="inlet 5">
			<description>
				bypass (0, 1)
			</description>
		</entry>
		<entry name="inlet 6">
			<description>
				octaves (0-127)
			</description>
		</entry>
	</misc>

	<!--OUTLETS-->
	<misc name="Output">
		<entry name="outlet 1">
			<description>
				Audio Signal (L)
			</description>
		</entry>
		<entry name="outlet 2">
			<description>
				Audio Signal (R)
			</description>
		</entry>
	</misc>


	<!--SEEALSO-->
		<seealsolist>
			<seealso name="lookup~"/>
			<seealso name="peek~"/>
		</seealsolist>

</c74object>
