<?xml version="1.0" encoding="utf-8" standalone="yes"?>

<?xml-stylesheet href="./_c74_ref.xsl" type="text/xsl"?>

<c74object name="us.rain" module="upshot" kind="patcher">
	<digest>rain sound generator</digest>
	<description>us.rain is a rain sound generator, based on the noise~ and svf~ objects</description>

	<!--METADATA-->
	<metadatalist>
		<metadata name="author">Benjamin Van Esser</metadata>
		<metadata name="tag">Upshot</metadata>
		<metadata name="tag">Misc</metadata>
		<metadata name="tag">Rain</metadata>
	</metadatalist>

	<!--MESSAGES-->
	<methodlist>
		<method name="int">
			<digest>
			Function depends on inlet
			</digest>
			<description>
			</description>
		</method>
		<method name="float">
			<digest>
			Function depends on inlet
			</digest>
			<description>
			</description>
		</method>
		<method name="bang">
			<digest>
			Function depends on inlet
			</digest>
			<description>
			</description>
		</method>
	</methodlist>

	<!--INLETS-->
	<misc name="Input">
		<entry name="inlet 1">
			<description>
				state (0, 1)
			</description>
		</entry>
		<entry name="inlet 2">
			<description>
			  intensity (0-127)
			</description>
		</entry>
		<entry name="inlet 3">
			<description>
				pitch (0-127)
			</description>
		</entry>
		<entry name="inlet 4">
			<description>
				pitch range (0-127)
			</description>
		</entry>
		<entry name="inlet 5">
			<description>
				drop size (0-127)
			</description>
		</entry>
		<entry name="inlet 6">
			<description>
				hail (0-127)
			</description>
		</entry>
		<entry name="inlet 7">
			<description>
				background (0-127)
			</description>
		</entry>
		<entry name="inlet 7">
			<description>
				output volume (0-127)
			</description>
		</entry>
	</misc>

	<!--OUTLETS-->
	<misc name="Output">
		<entry name="outlet 1">
			<description>
			Audio signal (L)
			</description>
			</entry>
			<entry name="outlet 2">
				<description>
				Audio signal (R)
				</description>
				</entry>
	</misc>


	<!--SEEALSO-->
		<seealsolist>
			<seealso name="noise~"/>
			<seealso name="svf~"/>
		</seealsolist>

</c74object>
