<?xml version="1.0" encoding="utf-8" standalone="yes"?>

<?xml-stylesheet href="./_c74_ref.xsl" type="text/xsl"?>

<c74object name="us.peacefulpiano" module="upshot" kind="patcher">
	<digest>Peaceful piano music generator</digest>
	<description>a peaceful piano music generator</description>

	<!--METADATA-->
	<metadatalist>
		<metadata name="author">Benjamin Van Esser</metadata>
		<metadata name="tag">Upshot</metadata>
		<metadata name="tag">Instrument</metadata>
		<metadata name="tag">Peaceful piano</metadata>
	</metadatalist>

	<!--MESSAGES-->
	<methodlist>
		<method name="int">
			<digest>
			Function depends on inlet
			</digest>
			<description>
			</description>
		</method>
		<method name="float">
			<digest>
			Function depends on inlet
			</digest>
			<description>
			</description>
		</method>
		<method name="bang">
			<digest>
			Function depends on inlet
			</digest>
			<description>
			</description>
		</method>
	</methodlist>

	<!--INLETS-->
	<misc name="Input">
		<entry name="inlet 1">
			<description>
				play/stop (0, 1)
			</description>
		</entry>
		<entry name="inlet 2">
			<description>
			  BPM (0-127 = 30-200)
			</description>
		</entry>
		<entry name="inlet 3">
			<description>
				scale 0-12 (ionian, dorian, phrygian, lydian, mixolydian, aeolian, locrian, whole tone, major pentatonic, minor pentatonic, octotonic 2-1, octotonic 1-2, blues)
			</description>
		</entry>
		<entry name="inlet 4">
			<description>
				root MIDI-C4 (0-127)
			</description>
		</entry>
		<entry name="inlet 5">
			<description>
				velocity (0-127)
			</description>
		</entry>
		<entry name="inlet 6">
			<description>
				auto pedal (0, 1; does not reflect in note output from first outlet)
			</description>
		</entry>
		<entry name="inlet 7">
			<description>
				pedal (0, 1; only works when auto pedal is off, does not reflect in note output from first outlet)
			</description>
		</entry>
	</misc>

	<!--OUTLETS-->
	<misc name="Output">
		<entry name="outlet 1">
			<description>
			Note output (pitch, velocity)
			</description>
			</entry>
			<entry name="outlet 2">
				<description>
				MIDIevent Message Output (connect to VST)
				</description>
				</entry>
	</misc>


	<!--SEEALSO-->
		<seealsolist>
			<seealso name="metro"/>
			<seealso name="transport"/>
			<seealso name="random"/>
			<seealso name="drunk"/>
			<seealso name="midiformat"/>
			<seealso name="midiinfo"/>
			<seealso name="midiout"/>
		</seealsolist>

</c74object>
