<?xml version="1.0" encoding="utf-8" standalone="yes"?>

<?xml-stylesheet href="./_c74_ref.xsl" type="text/xsl"?>

<c74object name="us.easyarp" module="upshot" kind="patcher">
	<digest>arpeggiator</digest>
	<description>us.easyarp is a monophonic, single note arpeggiator</description>

	<!--METADATA-->
	<metadatalist>
		<metadata name="author">Benjamin Van Esser</metadata>
		<metadata name="tag">Upshot</metadata>
		<metadata name="tag">MIDI</metadata>
		<metadata name="tag">Easy arp</metadata>
	</metadatalist>

	<!--MESSAGES-->
	<methodlist>
		<method name="int">
			<digest>
			Function depends on inlet
			</digest>
			<description>
			</description>
		</method>
		<method name="float">
			<digest>
			Function depends on inlet
			</digest>
			<description>
			</description>
		</method>
	</methodlist>

	<!--INLETS-->
	<misc name="Input">
		<entry name="inlet 1">
			<description>
				activate transport (0, 1)
			</description>
		</entry>
		<entry name="inlet 2">
			<description>
			  note input (pitch, velocity)
			</description>
		</entry>
		<entry name="inlet 3">
			<description>
				chord (0-127)
			</description>
		</entry>
		<entry name="inlet 4">
			<description>
				quantization (0-127)
			</description>
		</entry>
		<entry name="inlet 5">
			<description>
				free tempo (0-127) - only active when quantization is off
			</description>
		</entry>
		<entry name="inlet 6">
			<description>
				octaves (0-127)
			</description>
		</entry>
	</misc>

	<!--OUTLETS-->
	<misc name="Output">
		<entry name="outlet 1">
			<description>
				note output (pitch, velocity)
			</description>
		</entry>
	</misc>


	<!--SEEALSO-->
		<seealsolist>
			<seealso name="counter"/>
			<seealso name="line"/>
		</seealsolist>

</c74object>
