<?xml version="1.0" encoding="utf-8" standalone="yes"?>

<?xml-stylesheet href="./_c74_ref.xsl" type="text/xsl"?>

<c74object name="us.looper" module="upshot" kind="patcher">
	<digest>Filter audio effect</digest>
	<description>a looper with timestretching, pitch shifting and randomization options</description>

	<!--METADATA-->
	<metadatalist>
		<metadata name="author">Benjamin Van Esser</metadata>
		<metadata name="tag">Upshot</metadata>
		<metadata name="tag">Audio effect</metadata>
		<metadata name="tag">Looper</metadata>
	</metadatalist>

	<!--MESSAGES-->
	<methodlist>
		<method name="signal">
			<arglist />
			<digest>
				Audio input
			</digest>
			<description>
			</description>
		</method>
		<method name="int">
			<digest>
			Function depends on inlet
			</digest>
			<description>
			</description>
		</method>
		<method name="float">
			<digest>
			Function depends on inlet
			</digest>
			<description>
			</description>
		</method>
		<method name="bang">
			<digest>
			Function depends on inlet
			</digest>
			<description>
			</description>
		</method>
	</methodlist>

	<!--INLETS-->
	<misc name="Input">
		<entry name="inlet 1">
			<description>
				Audio signal (L)
			</description>
		</entry>
		<entry name="inlet 2">
			<description>
				Audio signal (R)
			</description>
		</entry>
		<entry name="inlet 3">
			<description>
				record (bang)
			</description>
		</entry>
		<entry name="inlet 4">
			<description>
				loop recording (0, 1)
			</description>
		</entry>
		<entry name="inlet 5">
			<description>
				play/stop (0, 1)
			</description>
		</entry>
		<entry name="inlet 6">
			<description>
				playback speed/direction (0-127)
			</description>
		</entry>
		<entry name="inlet 7">
			<description>
				reset playback speed/direction (bang)
			</description>
		</entry>
		<entry name="inlet 8">
			<description>
				loop-start (0-127)
			</description>
		</entry>
		<entry name="inlet 9">
			<description>
				loop-end (0-127)
			</description>
		</entry>
		<entry name="inlet 10">
			<description>
				timestretching mode (0-6)
			</description>
		</entry>
		<entry name="inlet 11">
			<description>
				randomize loop selection (0, 1)
			</description>
		</entry>
		<entry name="inlet 12">
			<description>
				random speed (0-127 = 20ms - 20ms)
			</description>
		</entry>
		<entry name="inlet 13">
			<description>
				buffer size (0-127 = 250ms - 60s)
			</description>
		</entry>
		<entry name="inlet 14">
			<description>
				pitch shift (0-127) (only works in timestretching mode)
			</description>
		</entry>
		<entry name="inlet 15">
			<description>
				output volume (0-127)
			</description>
		</entry>
	</misc>

	<!--OUTLETS-->
	<misc name="Output">
		<entry name="outlet 1">
			<description>
				Audio signal (L)
			</description>
		</entry>
		<entry name="outlet 2">
			<description>
				Audio signal (R)
			</description>
		</entry>
		<entry name="outlet 3">
			<description>
				Sync out (bang)
			</description>
		</entry>
	</misc>

	<!--SEEALSO-->
		<seealsolist>
			<seealso name="groove~"/>
		</seealsolist>

</c74object>
