<?xml version="1.0" encoding="utf-8" standalone="yes"?>

<?xml-stylesheet href="./_c74_ref.xsl" type="text/xsl"?>

<c74object name="us.7bitprobability" module="upshot" kind="patcher">
	<digest>probability calculator</digest>
	<description>trigger us.7bitprobability to output a result of 0 or 1 in accordance with the probability factor for each outcome
		<br/>
		<br/>
		use the itable to define the probability of a specific outcome. when hovering the cursor over the itable, a set of coördinates will appear. use these coördinates (X=value to test, Y=probability) to set the probability of outcome for any value between 0 and 127.
</description>

	<!--METADATA-->
	<metadatalist>
		<metadata name="author">Benjamin Van Esser</metadata>
		<metadata name="tag">Upshot</metadata>
		<metadata name="tag">MISC</metadata>
		<metadata name="tag">1bit probability</metadata>
	</metadatalist>

	<!--MESSAGES-->
	<methodlist>
	 <method name="bang">
			<digest>
			trigger probability calculation
			</digest>
			<description>
			</description>
		</method>
	</methodlist>

	<!--INLETS-->
	<misc name="Input">
		<entry name="inlet 1">
			<description>
				trigger probability calculation (bang)
			</description>
		</entry>
	</misc>

	<!--OUTLETS-->
	<misc name="Output">
		<entry name="outlet 1">
			<description>
				output (0-127)
			</description>
		</entry>
	</misc>


	<!--SEEALSO-->
		<seealsolist>
			<seealso name="itable"/>
		</seealsolist>

</c74object>
