<?xml version="1.0" encoding="utf-8" standalone="yes"?>

<?xml-stylesheet href="./_c74_ref.xsl" type="text/xsl"?>

<c74object name="us.audiofileplayer" module="upshot" kind="patcher">
	<digest>Audio file player</digest>
	<description>an audio file player, based on the sfplay~ object</description>

	<!--METADATA-->
	<metadatalist>
		<metadata name="author">Benjamin Van Esser</metadata>
		<metadata name="tag">Upshot</metadata>
		<metadata name="tag">Misc</metadata>
		<metadata name="tag">Audio file player</metadata>
	</metadatalist>

	<!--MESSAGES-->
	<methodlist>
		<method name="int">
			<digest>
			Function depends on inlet
			</digest>
			<description>
			</description>
		</method>
		<method name="float">
			<digest>
			Function depends on inlet
			</digest>
			<description>
			</description>
		</method>
		<method name="bang">
			<digest>
			Function depends on inlet
			</digest>
			<description>
			</description>
		</method>
	</methodlist>

	<!--INLETS-->
	<misc name="Input">
		<entry name="inlet 1">
			<description>
				file path to audio file
			</description>
		</entry>
		<entry name="inlet 2">
			<description>
			  play/stop (0, 1)
			</description>
		</entry>
		<entry name="inlet 3">
			<description>
				pause/resume (0, 1)
			</description>
		</entry>
		<entry name="inlet 4">
			<description>
				loop on/off (0, 1)
			</description>
		</entry>
		<entry name="inlet 5">
			<description>
				output volume (0-127)
			</description>
		</entry>
	</misc>

	<!--OUTLETS-->
	<misc name="Output">
		<entry name="outlet 1">
			<description>
			Audio Signal (L)
			</description>
			</entry>
		<entry name="outlet 1">
			<description>
			Audio Signal (R)
			</description>
			</entry>
	</misc>


	<!--SEEALSO-->
		<seealsolist>
			<seealso name="sfplay~"/>
		</seealsolist>

</c74object>
