<?xml version="1.0" encoding="utf-8" standalone="yes"?>

<?xml-stylesheet href="./_c74_ref.xsl" type="text/xsl"?>

<c74object name="us.input" module="upshot" kind="patcher">
	<digest>input selector</digest>
	<description>select input channel and set input volume</description>

	<!--METADATA-->
	<metadatalist>
		<metadata name="author">Benjamin Van Esser</metadata>
		<metadata name="tag">Upshot</metadata>
		<metadata name="tag">Routing</metadata>
		<metadata name="tag">Input</metadata>
	</metadatalist>

	<!--MESSAGES-->
	<methodlist>
		<method name="int">
			<digest>
			Function depends on inlet
			</digest>
			<description>
			</description>
		</method>
		<method name="float">
			<digest>
			Function depends on inlet
			</digest>
			<description>
			</description>
		</method>
	</methodlist>

	<!--INLETS-->
	<misc name="Input">
		<entry name="inlet 1">
			<description>
				input channel (1-16)
			</description>
		</entry>
		<entry name="inlet 2">
			<description>
			  input volume (0-127)
			</description>
		</entry>
	</misc>

	<!--OUTLETS-->
	<misc name="Output">
		<entry name="outlet 1">
			<description>
			Audio signal
			</description>
			</entry>
	</misc>


	<!--SEEALSO-->
		<seealsolist>
			<seealso name="adc~"/>
			<seealso name="ezadc~"/>
		</seealsolist>

</c74object>
