<?xml version="1.0" encoding="utf-8" standalone="yes"?>

<?xml-stylesheet href="./_c74_ref.xsl" type="text/xsl"?>

<c74object name="us.envelope" module="upshot" kind="patcher">
	<digest>Envelope generator</digest>
	<description>use us.envelope to generate envelopes (based on the mc.function object)</description>

	<!--METADATA-->
	<metadatalist>
		<metadata name="author">Benjamin Van Esser</metadata>
		<metadata name="tag">Upshot</metadata>
		<metadata name="tag">Generator</metadata>
		<metadata name="tag">Envelope</metadata>
	</metadatalist>

	<!--MESSAGES-->
	<methodlist>
		<method name="int">
			<digest>
			Function depends on inlet
			</digest>
			<description>
			</description>
		</method>
		<method name="float">
			<digest>
			Function depends on inlet
			</digest>
			<description>
			</description>
		</method>
	</methodlist>

	<!--INLETS-->
	<misc name="Input">
		<entry name="inlet 1">
			<description>
				state (0, 1)
			</description>
		</entry>
		<entry name="inlet 2">
			<description>
			  speed (0-127)
			</description>
		</entry>
		<entry name="inlet 3">
			<description>
				function # (0-127)
			</description>
		</entry>
	</misc>

	<!--OUTLETS-->
	<misc name="Output">
		<entry name="outlet 1">
			<description>
			envelope output
			</description>
			</entry>
	</misc>


	<!--SEEALSO-->
		<seealsolist>
			<seealso name="function"/>
			<seealso name="phasor~"/>
		</seealsolist>

</c74object>
