<?xml version="1.0" encoding="utf-8" standalone="yes"?>

<?xml-stylesheet href="./_c74_ref.xsl" type="text/xsl"?>

<c74object name="us.launchpadcontrol" module="upshot" kind="patcher">
	<digest>Launchpad control MIDI device</digest>
	<description>use the Launchpad as a MIDI controller. This utility includes sliders, buttons, xy-pads and a keyboard. Not all launchpads are supported: tested and confirmed working with Launchpad S, Launchpad Mini, Launchpad Mini MK3</description>

	<!--METADATA-->
	<metadatalist>
		<metadata name="author">Benjamin Van Esser</metadata>
		<metadata name="tag">Upshot</metadata>
		<metadata name="tag">MIDI</metadata>
		<metadata name="tag">Launchpadcontrol</metadata>
	</metadatalist>


	<!--OUTLETS-->
	<misc name="Pages">
		<entry name="description">
			<description>
			<br/>pages 1-3: sliders
	    <br/>pages 4-5: buttons (left half =toggle, right half=momentary
	    <br/>pages 6-7: xy-pads (right-most column = slider speed)
	    <br/>page 8: keyboard
			</description>
		</entry>
	</misc>

</c74object>
