<?xml version="1.0" encoding="utf-8" standalone="yes"?>

<?xml-stylesheet href="./_c74_ref.xsl" type="text/xsl"?>

<c74object name="us.draw" module="upshot" kind="patcher">
	<digest>Musical drawing</digest>
	<description>us.draw is a musical drawing patch, based on the jit.lcd object</description>

	<!--METADATA-->
	<metadatalist>
		<metadata name="author">Benjamin Van Esser</metadata>
		<metadata name="tag">Upshot</metadata>
		<metadata name="tag">TRACKING</metadata>
		<metadata name="tag">Draw</metadata>
	</metadatalist>

	<!--MESSAGES-->
	<methodlist>
		<method name="bang">
			<arglist />
			<digest>
				randomize pen color
			</digest>
			<description>
			</description>
		</method>
		<method name="int">
			<digest>
			Function depends on inlet
			</digest>
			<description>
			</description>
		</method>
		<method name="float">
			<digest>
			Function depends on inlet
			</digest>
			<description>
			</description>
		</method>
	</methodlist>

	<!--INLETS-->
	<misc name="Input">
		<entry name="inlet 1">
			<description>
				draw x-axis (0-127)
			</description>
		</entry>
		<entry name="inlet 2">
			<description>
				draw y-axis (0-127)
			</description>
		</entry>
		<entry name="inlet 3">
			<description>
			randomize pen color (bang)
			</description>
		</entry>
		<entry name="inlet 4">
			<description>
				pen size (0-127)
			</description>
		</entry>
		<entry name="inlet 5">
			<description>
				output volume (0-127)
			</description>
		</entry>
	</misc>

	<!--OUTLETS-->
	<misc name="Output">
		<entry name="outlet 1">
			<description>
				Audio signal (L)
			</description>
		</entry>
		<entry name="outlet 2">
			<description>
				Audio signal (R)
			</description>
		</entry>
		<entry name="outlet 3">
			<description>
				note output (pitch, velocity)
			</description>
		</entry>
	</misc>

	<!--SEEALSO-->
		<seealsolist>
			<seealso name="jit.lcd"/>
			<seealso name="jit.matrix"/>
			<seealso name="swatch"/>
		</seealsolist>

</c74object>
