<?xml version="1.0" encoding="utf-8" standalone="yes"?>

<?xml-stylesheet href="./_c74_ref.xsl" type="text/xsl"?>

<c74object name="us.8chanstereomixer" module="upshot" kind="patcher">
	<digest>8 channel mixer</digest>
	<description>an 8 channel mixer with stereo input and output</description>

	<!--METADATA-->
	<metadatalist>
		<metadata name="author">Benjamin Van Esser</metadata>
		<metadata name="tag">Upshot</metadata>
		<metadata name="tag">Routing</metadata>
		<metadata name="tag">8 channel mono mixer</metadata>
	</metadatalist>

	<!--MESSAGES-->
	<methodlist>
		<method name="signal">
			<digest>
			input signal
			</digest>
			<description>
			</description>
		</method>
		<method name="int">
			<digest>
			panner position
			</digest>
			<description>
			</description>
		</method>
		<method name="bang">
			<digest>
			reset to center
			</digest>
			<description>
			</description>
		</method>
	</methodlist>

	<!--INLETS-->
	<misc name="Input">
		<entry name="inlets 1, 5, 9, 13, 17, 21, 25, 29">
			<description>
				audio signal (L)
			</description>
		</entry>
		<entry name="inlets 2, 6, 10, 14, 18, 22, 26, 30">
			<description>
			  audio signal (R)
			</description>
		</entry>
		<entry name="inlets 3, 7, 11, 15, 19, 23, 27, 31">
			<description>
			  mute - channels 1-8 (0, 1)
			</description>
		</entry>
		<entry name="inlets 4, 8, 12, 16, 20, 24, 28, 32">
			<description>
			  volume - channels 1-8 (0-127)
			</description>
		</entry>
	</misc>

	<!--OUTLETS-->
	<misc name="Output">
		<entry name="outlets 1-16">
			<description>
				audio signal (in pairs: L + R)
			</description>
		</entry>
	</misc>

	<!--SEEALSO-->
		<seealsolist>
		</seealsolist>

</c74object>
