<?xml version="1.0" encoding="utf-8" standalone="yes"?>

<?xml-stylesheet href="./_c74_ref.xsl" type="text/xsl"?>

<c74object name="us.alpha" module="upshot" kind="patcher">
	<digest>Binaural beat generator</digest>
	<description>us.alpha is a pure-tone binaural beat generator. for optimal binaural effect, use headphones.</description>

	<!--METADATA-->
	<metadatalist>
		<metadata name="author">Benjamin Van Esser</metadata>
		<metadata name="tag">Upshot</metadata>
		<metadata name="tag">Misc</metadata>
		<metadata name="tag">Alpha</metadata>
	</metadatalist>

	<!--MESSAGES-->
	<methodlist>
		<method name="int">
			<digest>
			Function depends on inlet
			</digest>
			<description>
			</description>
		</method>
		<method name="float">
			<digest>
			Function depends on inlet
			</digest>
			<description>
			</description>
		</method>
		<method name="bang">
			<digest>
			Function depends on inlet
			</digest>
			<description>
			</description>
		</method>
	</methodlist>

	<!--INLETS-->
	<misc name="Input">
		<entry name="inlet 1">
			<description>
				state (0, 1)
			</description>
		</entry>
		<entry name="inlet 2">
			<description>
			  oscillator (0-3)
			</description>
		</entry>
		<entry name="inlet 3">
			<description>
				pitch (0-127 = C-1-B5)
			</description>
		</entry>
		<entry name="inlet 4">
			<description>
				frequency bands (0-4)
			</description>
		</entry>
		<entry name="inlet 5">
			<description>
				polarity (0, 1)
			</description>
		</entry>
		<entry name="inlet 6">
			<description>
				output volume (0-127)
			</description>
		</entry>
	</misc>

	<!--OUTLETS-->
	<misc name="Output">
		<entry name="outlet 1">
			<description>
			Audio Signal (L)
			</description>
			</entry>
		<entry name="outlet 1">
			<description>
			Audio Signal (R)
			</description>
			</entry>
	</misc>


	<!--SEEALSO-->
		<seealsolist>
			<seealso name="cycle~"/>
			<seealso name="tri~"/>
			<seealso name="saw~"/>
			<seealso name="rect~"/>
		</seealsolist>

</c74object>
