<?xml version="1.0" encoding="utf-8" standalone="yes"?>

<?xml-stylesheet href="./_c74_ref.xsl" type="text/xsl"?>

<c74object name="us.sampler" module="upshot" kind="patcher">
	<digest>Monophonic sampler</digest>
	<description>a monophonic sampler</description>

	<!--METADATA-->
	<metadatalist>
		<metadata name="author">Benjamin Van Esser</metadata>
		<metadata name="tag">Upshot</metadata>
		<metadata name="tag">Instrument</metadata>
		<metadata name="tag">Sampler</metadata>
	</metadatalist>

	<!--MESSAGES-->
	<methodlist>
		<method name="int">
			<digest>
			Function depends on inlet
			</digest>
			<description>
			</description>
		</method>
		<method name="float">
			<digest>
			Function depends on inlet
			</digest>
			<description>
			</description>
		</method>
		<method name="bang">
			<digest>
			Function depends on inlet
			</digest>
			<description>
			</description>
		</method>
	</methodlist>

	<!--INLETS-->
	<misc name="Input">
		<entry name="inlet 1">
			<description>
				signal input (L)
			</description>
		</entry>
		<entry name="inlet 2">
			<description>
			  signal input (R)
			</description>
		</entry>
		<entry name="inlet 3">
			<description>
				note input (pitch, velocity)
			</description>
		</entry>
		<entry name="inlet 4">
			<description>
				record (0, 1)
			</description>
		</entry>
		<entry name="inlet 5">
			<description>
				playback direction (0, 1)
			</description>
		</entry>
		<entry name="inlet 6">
			<description>
				selection-start (0-127)
			</description>
		</entry>
		<entry name="inlet 7">
			<description>
				selection-end (0-127)
			</description>
		</entry>
		<entry name="inlet 8">
			<description>
				volume (0-127)
			</description>
		</entry>
	</misc>

	<!--OUTLETS-->
	<misc name="Output">
		<entry name="inlet 1">
			<description>
				signal output (L)
			</description>
		</entry>
		<entry name="inlet 2">
			<description>
			  signal output (R)
			</description>
		</entry>
	</misc>


	<!--SEEALSO-->
		<seealsolist>
			<seealso name="groove~"/>
			<seealso name="waveform~"/>
			<seealso name="kslider"/>
		</seealsolist>

</c74object>
