<?xml version="1.0" encoding="utf-8" standalone="yes"?>

<?xml-stylesheet href="./_c74_ref.xsl" type="text/xsl"?>

<c74object name="us.scalequantizer" module="upshot" kind="patcher">
	<digest>scale quantization utility</digest>
	<description>use us.scalequantizer to quantize incoming MIDI-note messages to a specified time interval</description>

	<!--METADATA-->
	<metadatalist>
		<metadata name="author">Benjamin Van Esser</metadata>
		<metadata name="tag">Upshot</metadata>
		<metadata name="tag">MIDI</metadata>
		<metadata name="tag">Scale quantizer</metadata>
	</metadatalist>

	<!--MESSAGES-->
	<methodlist>
		<method name="int">
			<digest>
			Function depends on inlet
			</digest>
			<description>
			</description>
		</method>
		<method name="float">
			<digest>
			Function depends on inlet
			</digest>
			<description>
			</description>
		</method>
		<method name="bang">
			<digest>
			Function depends on inlet
			</digest>
			<description>
			</description>
		</method>
	</methodlist>

	<!--INLETS-->
	<misc name="Input">
		<entry name="inlet 1">
			<description>
				note input (pitch, velocity)
			</description>
		</entry>
		<entry name="inlet 2">
			<description>
			  scale (0-127)
				<br/> scales: chromatic, ionian, dorian, phrygian, lydian, mixolydian, aeolian, locrian, whole tone, major pentatonic, minor pentatonic, octotonic 2-1, octotonic 1-2, blues
			</description>
		</entry>
		<entry name="inlet 3">
			<description>
				root (0-127)
			</description>
		</entry>
	</misc>

	<!--OUTLETS-->
	<misc name="Output">
		<entry name="outlet 1">
			<description>
				quantized note output (pitch, velocity)
			</description>
		</entry>
	</misc>


	<!--SEEALSO-->
		<seealsolist>
			<seealso name="coll"/>
		</seealsolist>

</c74object>
