<?xml version="1.0" encoding="utf-8" standalone="yes"?>

<?xml-stylesheet href="./_c74_ref.xsl" type="text/xsl"?>

<c74object name="us.automator" module="upshot" kind="patcher">
	<digest>program automation</digest>
	<description>Use us.automator to program automation. You can program up to 100 events. Events are triggered by reaching a specific bar and beat or by receiving a bang.</description>

	<!--METADATA-->
	<metadatalist>
		<metadata name="author">Benjamin Van Esser</metadata>
		<metadata name="tag">Upshot</metadata>
		<metadata name="tag">Generator</metadata>
		<metadata name="tag">Automator</metadata>
	</metadatalist>

	<!--MESSAGES-->
	<methodlist>
		<method name="list">
			<digest>
			Function depends on inlet
			</digest>
			<description>
			</description>
		</method>
		<method name="bang">
			<digest>
			Function depends on inlet
			</digest>
			<description>
			</description>
		</method>
	</methodlist>

	<!--INLETS-->
	<misc name="Input">
		<entry name="inlet 1">
			<description>
				bars and beats (list)
			</description>
		</entry>
		<entry name="inlet 2">
			<description>
			  trigger (bang)
			</description>
		</entry>
		<entry name="inlet 3">
			<description>
				reset all bars, beats and counters (bang)
			</description>
		</entry>
	</misc>

	<!--OUTLETS-->
	<misc name="Output">
		<entry name="outlet 1">
			<description>
			instance number + bang
			</description>
		</entry>
		<entry name="outlet 2">
			<description>
			instance number + toggle (0, 1)
			</description>
		</entry>
		<entry name="outlet 3">
			<description>
			instance number + custom value (0., 127.)
			</description>
		</entry>
		<entry name="parse automated events">
				<description>
				use the route object with the instance number to parse the automated events
				</description>
			</entry>
	</misc>


	<!--SEEALSO-->
		<seealsolist>
			<seealso name="counter"/>
			<seealso name="transport"/>
		</seealsolist>

</c74object>
