<?xml version="1.0" encoding="utf-8" standalone="yes"?>

<?xml-stylesheet href="./_c74_ref.xsl" type="text/xsl"?>

<c74object name="us.midifileplayer" module="upshot" kind="patcher">
	<digest>MIDI file player</digest>
	<description>us.midifileplayer is a simple MIDI file player, based on the detonate object</description>

	<!--METADATA-->
	<metadatalist>
		<metadata name="author">Benjamin Van Esser</metadata>
		<metadata name="tag">Upshot</metadata>
		<metadata name="tag">MIDI</metadata>
		<metadata name="tag">Midi file Player</metadata>
	</metadatalist>

	<!--MESSAGES-->
	<methodlist>
		<method name="int">
			<digest>
			Function depends on inlet
			</digest>
			<description>
			</description>
		</method>
		<method name="float">
			<digest>
			Function depends on inlet
			</digest>
			<description>
			</description>
		</method>
		<method name="list">
			<digest>
			open MIDI file (read filename.mid)
			</digest>
			<description>
			</description>
		</method>
	</methodlist>

	<!--INLETS-->
	<misc name="Input">
		<entry name="inlet 1">
			<description>
				open MIDI file (read filename.mid)
			</description>
		</entry>
		<entry name="inlet 2">
			<description>
			  playback tempo
			</description>
		</entry>
	</misc>

	<!--OUTLETS-->
	<misc name="Output">
		<entry name="outlet 1">
			<description>
				note output (pitch, velocity)
			</description>
		</entry>
	</misc>


	<!--SEEALSO-->
		<seealsolist>
			<seealso name="detonate"/>
		</seealsolist>

</c74object>
