<?xml version="1.0" encoding="utf-8" standalone="yes"?>

<?xml-stylesheet href="./_c74_ref.xsl" type="text/xsl"?>

<c74object name="us.colortracking" module="upshot" kind="patcher">
	<digest>color tracking utility</digest>
	<description>us.colortracking is a color tracking utility, based on the jit.findbounds object</description>

	<!--METADATA-->
	<metadatalist>
		<metadata name="author">Benjamin Van Esser</metadata>
		<metadata name="tag">Upshot</metadata>
		<metadata name="tag">TRACKING</metadata>
		<metadata name="tag">Color tracking</metadata>
	</metadatalist>

	<!--MESSAGES-->
	<methodlist>
		<method name="int">
			<digest>
			activate input (0, 1)
			</digest>
			<description>
			</description>
		</method>
	</methodlist>

	<!--INLETS-->
	<misc name="Input">
		<entry name="inlet 1">
			<description>
				activate input (0, 1)
			</description>
		</entry>
	</misc>

	<!--OUTLETS-->
	<misc name="Output">
		<entry name="outlet 1">
			<description>
				x-axis (0-127)
			</description>
		</entry>
		<entry name="outlet 2">
			<description>
				y-axis (0-127)
			</description>
		</entry>
		<entry name="outlet 3">
			<description>
				object width (0-127)
			</description>
		</entry>
	</misc>


	<!--SEEALSO-->
		<seealsolist>
			<seealso name="jit.findbounds"/>
			<seealso name="jit.grab"/>
		</seealsolist>

</c74object>
