<?xml version="1.0" encoding="utf-8" standalone="yes"?>

<?xml-stylesheet href="./_c74_ref.xsl" type="text/xsl"?>

<c74object name="us.pitchdetection" module="upshot" kind="patcher">
	<digest>pitch detection utility</digest>
	<description>us.pitchdetection is a pitch detection utility based on the fzero~ object</description>

	<!--METADATA-->
	<metadatalist>
		<metadata name="author">Benjamin Van Esser</metadata>
		<metadata name="tag">Upshot</metadata>
		<metadata name="tag">TRACKING</metadata>
		<metadata name="tag">Pitch detection</metadata>
	</metadatalist>

	<!--MESSAGES-->
	<methodlist>
		<method name="int">
			<digest>
			Function depends on inlet
			</digest>
			<description>
			</description>
		</method>
		<method name="float">
			<digest>
			Function depends on inlet
			</digest>
			<description>
			</description>
		</method>
		<method name="bang">
			<digest>
			Function depends on inlet
			</digest>
			<description>
			</description>
		</method>
	</methodlist>

	<!--INLETS-->
	<misc name="Input">
		<entry name="inlet 1">
			<description>
				Audio signal to be tested for pitch
			</description>
		</entry>
		<entry name="inlet 2">
			<description>
			  activate pitch detection (0, 1)
			</description>
		</entry>
	</misc>

	<!--OUTLETS-->
	<misc name="Output">
		<entry name="outlet 1">
			<description>
				pitch when pitch is detected (0-127)
			</description>
		</entry>
		<entry name="outlet 2">
			<description>
				bang when an pitch is detected
			</description>
		</entry>
	</misc>


	<!--SEEALSO-->
		<seealsolist>
			<seealso name="fzero~"/>
		</seealsolist>

</c74object>
