{
	"pattrstorage" : 	{
		"name" : "upshot",
		"slots" : 		{
			"1" : 			{
				"id" : 1,
				"data" : 				{
					"upshot_automator::instance" : [ 4.0 ],
					"upshot_automator::autobp[0]::bar" : [ 2.0 ],
					"upshot_automator::autobp[0]::beat" : [ 0.0 ],
					"upshot_automator::autobp[0]::counter" : [ 1.0 ],
					"upshot_automator::autobp[0]::counter_incomingval" : [ 0.0 ],
					"upshot_automator::autobp[0]::counterbang" : [ 0.0 ],
					"upshot_automator::autobp[0]::counterreset" : [ 0.0 ],
					"upshot_automator::autobp[0]::custom_value" : [ 0.0 ],
					"upshot_automator::autobp[0]::destination_value" : [ 127.0 ],
					"upshot_automator::autobp[0]::initial_value" : [ 0.0 ],
					"upshot_automator::autobp[0]::input" : [ 0 ],
					"upshot_automator::autobp[0]::output" : [ 0 ],
					"upshot_automator::autobp[0]::ramp_time" : [ 1000.0 ],
					"upshot_automator::autobp[0]::toggle" : [ 0.0 ],
					"upshot_automator::autobp[0]::transportreset" : [ 0.0 ],
					"upshot_automator::autobp[1]::bar" : [ 2.999999999999999 ],
					"upshot_automator::autobp[1]::beat" : [ 0.0 ],
					"upshot_automator::autobp[1]::counter" : [ 1.0 ],
					"upshot_automator::autobp[1]::counter_incomingval" : [ 0.0 ],
					"upshot_automator::autobp[1]::counterbang" : [ 0.0 ],
					"upshot_automator::autobp[1]::counterreset" : [ 0.0 ],
					"upshot_automator::autobp[1]::custom_value" : [ 0.0 ],
					"upshot_automator::autobp[1]::destination_value" : [ 127.0 ],
					"upshot_automator::autobp[1]::initial_value" : [ 0.0 ],
					"upshot_automator::autobp[1]::input" : [ 0 ],
					"upshot_automator::autobp[1]::output" : [ 1 ],
					"upshot_automator::autobp[1]::ramp_time" : [ 1000.0 ],
					"upshot_automator::autobp[1]::toggle" : [ 0.0 ],
					"upshot_automator::autobp[1]::transportreset" : [ 0.0 ],
					"upshot_automator::autobp[2]::bar" : [ 4.0 ],
					"upshot_automator::autobp[2]::beat" : [ 0.0 ],
					"upshot_automator::autobp[2]::counter" : [ 1.0 ],
					"upshot_automator::autobp[2]::counter_incomingval" : [ 0.0 ],
					"upshot_automator::autobp[2]::counterbang" : [ 0.0 ],
					"upshot_automator::autobp[2]::counterreset" : [ 0.0 ],
					"upshot_automator::autobp[2]::custom_value" : [ 0.0 ],
					"upshot_automator::autobp[2]::destination_value" : [ 127.0 ],
					"upshot_automator::autobp[2]::initial_value" : [ 0.0 ],
					"upshot_automator::autobp[2]::input" : [ 0 ],
					"upshot_automator::autobp[2]::output" : [ 3 ],
					"upshot_automator::autobp[2]::ramp_time" : [ 1000.0 ],
					"upshot_automator::autobp[2]::toggle" : [ 0.0 ],
					"upshot_automator::autobp[2]::transportreset" : [ 0.0 ],
					"upshot_automator::autobp[3]::bar" : [ 5.0 ],
					"upshot_automator::autobp[3]::beat" : [ 0.0 ],
					"upshot_automator::autobp[3]::counter" : [ 10.0 ],
					"upshot_automator::autobp[3]::counter_incomingval" : [ 0.0 ],
					"upshot_automator::autobp[3]::counterbang" : [ 0.0 ],
					"upshot_automator::autobp[3]::counterreset" : [ 0.0 ],
					"upshot_automator::autobp[3]::custom_value" : [ 0.0 ],
					"upshot_automator::autobp[3]::destination_value" : [ 127.0 ],
					"upshot_automator::autobp[3]::initial_value" : [ 0.0 ],
					"upshot_automator::autobp[3]::input" : [ 1 ],
					"upshot_automator::autobp[3]::output" : [ 2 ],
					"upshot_automator::autobp[3]::ramp_time" : [ 1000.0 ],
					"upshot_automator::autobp[3]::toggle" : [ 0.0 ],
					"upshot_automator::autobp[3]::transportreset" : [ 0.0 ],
					"upshot_automator::autobp[4]::bar" : [ 1.0 ],
					"upshot_automator::autobp[4]::beat" : [ 0.0 ],
					"upshot_automator::autobp[4]::counter" : [ 1.0 ],
					"upshot_automator::autobp[4]::counter_incomingval" : [ 0.0 ],
					"upshot_automator::autobp[4]::counterbang" : [ 0.0 ],
					"upshot_automator::autobp[4]::counterreset" : [ 0.0 ],
					"upshot_automator::autobp[4]::custom_value" : [ 0.0 ],
					"upshot_automator::autobp[4]::destination_value" : [ 127.0 ],
					"upshot_automator::autobp[4]::initial_value" : [ 0.0 ],
					"upshot_automator::autobp[4]::input" : [ 0 ],
					"upshot_automator::autobp[4]::output" : [ 0 ],
					"upshot_automator::autobp[4]::ramp_time" : [ 1000.0 ],
					"upshot_automator::autobp[4]::toggle" : [ 0.0 ],
					"upshot_automator::autobp[4]::transportreset" : [ 0.0 ],
					"upshot_automator::autobp[5]::bar" : [ 1.0 ],
					"upshot_automator::autobp[5]::beat" : [ 0.0 ],
					"upshot_automator::autobp[5]::counter" : [ 1.0 ],
					"upshot_automator::autobp[5]::counter_incomingval" : [ 0.0 ],
					"upshot_automator::autobp[5]::counterbang" : [ 0.0 ],
					"upshot_automator::autobp[5]::counterreset" : [ 0.0 ],
					"upshot_automator::autobp[5]::custom_value" : [ 0.0 ],
					"upshot_automator::autobp[5]::destination_value" : [ 127.0 ],
					"upshot_automator::autobp[5]::initial_value" : [ 0.0 ],
					"upshot_automator::autobp[5]::input" : [ 0 ],
					"upshot_automator::autobp[5]::output" : [ 0 ],
					"upshot_automator::autobp[5]::ramp_time" : [ 1000.0 ],
					"upshot_automator::autobp[5]::toggle" : [ 0.0 ],
					"upshot_automator::autobp[5]::transportreset" : [ 0.0 ],
					"upshot_automator::autobp[6]::bar" : [ 1.0 ],
					"upshot_automator::autobp[6]::beat" : [ 0.0 ],
					"upshot_automator::autobp[6]::counter" : [ 1.0 ],
					"upshot_automator::autobp[6]::counter_incomingval" : [ 0.0 ],
					"upshot_automator::autobp[6]::counterbang" : [ 0.0 ],
					"upshot_automator::autobp[6]::counterreset" : [ 0.0 ],
					"upshot_automator::autobp[6]::custom_value" : [ 0.0 ],
					"upshot_automator::autobp[6]::destination_value" : [ 127.0 ],
					"upshot_automator::autobp[6]::initial_value" : [ 0.0 ],
					"upshot_automator::autobp[6]::input" : [ 0 ],
					"upshot_automator::autobp[6]::output" : [ 0 ],
					"upshot_automator::autobp[6]::ramp_time" : [ 1000.0 ],
					"upshot_automator::autobp[6]::toggle" : [ 0.0 ],
					"upshot_automator::autobp[6]::transportreset" : [ 0.0 ],
					"upshot_automator::autobp[7]::bar" : [ 1.0 ],
					"upshot_automator::autobp[7]::beat" : [ 0.0 ],
					"upshot_automator::autobp[7]::counter" : [ 1.0 ],
					"upshot_automator::autobp[7]::counter_incomingval" : [ 0.0 ],
					"upshot_automator::autobp[7]::counterbang" : [ 0.0 ],
					"upshot_automator::autobp[7]::counterreset" : [ 0.0 ],
					"upshot_automator::autobp[7]::custom_value" : [ 0.0 ],
					"upshot_automator::autobp[7]::destination_value" : [ 127.0 ],
					"upshot_automator::autobp[7]::initial_value" : [ 0.0 ],
					"upshot_automator::autobp[7]::input" : [ 0 ],
					"upshot_automator::autobp[7]::output" : [ 0 ],
					"upshot_automator::autobp[7]::ramp_time" : [ 1000.0 ],
					"upshot_automator::autobp[7]::toggle" : [ 0.0 ],
					"upshot_automator::autobp[7]::transportreset" : [ 0.0 ],
					"upshot_automator::autobp[8]::bar" : [ 1.0 ],
					"upshot_automator::autobp[8]::beat" : [ 0.0 ],
					"upshot_automator::autobp[8]::counter" : [ 1.0 ],
					"upshot_automator::autobp[8]::counter_incomingval" : [ 0.0 ],
					"upshot_automator::autobp[8]::counterbang" : [ 0.0 ],
					"upshot_automator::autobp[8]::counterreset" : [ 0.0 ],
					"upshot_automator::autobp[8]::custom_value" : [ 0.0 ],
					"upshot_automator::autobp[8]::destination_value" : [ 127.0 ],
					"upshot_automator::autobp[8]::initial_value" : [ 0.0 ],
					"upshot_automator::autobp[8]::input" : [ 0 ],
					"upshot_automator::autobp[8]::output" : [ 0 ],
					"upshot_automator::autobp[8]::ramp_time" : [ 1000.0 ],
					"upshot_automator::autobp[8]::toggle" : [ 0.0 ],
					"upshot_automator::autobp[8]::transportreset" : [ 0.0 ],
					"upshot_automator::autobp[9]::bar" : [ 1.0 ],
					"upshot_automator::autobp[9]::beat" : [ 0.0 ],
					"upshot_automator::autobp[9]::counter" : [ 1.0 ],
					"upshot_automator::autobp[9]::counter_incomingval" : [ 0.0 ],
					"upshot_automator::autobp[9]::counterbang" : [ 0.0 ],
					"upshot_automator::autobp[9]::counterreset" : [ 0.0 ],
					"upshot_automator::autobp[9]::custom_value" : [ 0.0 ],
					"upshot_automator::autobp[9]::destination_value" : [ 127.0 ],
					"upshot_automator::autobp[9]::initial_value" : [ 0.0 ],
					"upshot_automator::autobp[9]::input" : [ 0 ],
					"upshot_automator::autobp[9]::output" : [ 0 ],
					"upshot_automator::autobp[9]::ramp_time" : [ 1000.0 ],
					"upshot_automator::autobp[9]::toggle" : [ 0.0 ],
					"upshot_automator::autobp[9]::transportreset" : [ 0.0 ],
					"upshot_automator::autobp[19]::bar" : [ 1.0 ],
					"upshot_automator::autobp[19]::beat" : [ 0.0 ],
					"upshot_automator::autobp[19]::counter" : [ 1.0 ],
					"upshot_automator::autobp[19]::counter_incomingval" : [ 0.0 ],
					"upshot_automator::autobp[19]::counterbang" : [ 0.0 ],
					"upshot_automator::autobp[19]::counterreset" : [ 0.0 ],
					"upshot_automator::autobp[19]::custom_value" : [ 0.0 ],
					"upshot_automator::autobp[19]::destination_value" : [ 127.0 ],
					"upshot_automator::autobp[19]::initial_value" : [ 0.0 ],
					"upshot_automator::autobp[19]::input" : [ 0 ],
					"upshot_automator::autobp[19]::output" : [ 0 ],
					"upshot_automator::autobp[19]::ramp_time" : [ 1000.0 ],
					"upshot_automator::autobp[19]::toggle" : [ 0.0 ],
					"upshot_automator::autobp[19]::transportreset" : [ 0.0 ],
					"upshot_automator::autobp[18]::bar" : [ 1.0 ],
					"upshot_automator::autobp[18]::beat" : [ 0.0 ],
					"upshot_automator::autobp[18]::counter" : [ 1.0 ],
					"upshot_automator::autobp[18]::counter_incomingval" : [ 0.0 ],
					"upshot_automator::autobp[18]::counterbang" : [ 0.0 ],
					"upshot_automator::autobp[18]::counterreset" : [ 0.0 ],
					"upshot_automator::autobp[18]::custom_value" : [ 0.0 ],
					"upshot_automator::autobp[18]::destination_value" : [ 127.0 ],
					"upshot_automator::autobp[18]::initial_value" : [ 0.0 ],
					"upshot_automator::autobp[18]::input" : [ 0 ],
					"upshot_automator::autobp[18]::output" : [ 0 ],
					"upshot_automator::autobp[18]::ramp_time" : [ 1000.0 ],
					"upshot_automator::autobp[18]::toggle" : [ 0.0 ],
					"upshot_automator::autobp[18]::transportreset" : [ 0.0 ],
					"upshot_automator::autobp[17]::bar" : [ 1.0 ],
					"upshot_automator::autobp[17]::beat" : [ 0.0 ],
					"upshot_automator::autobp[17]::counter" : [ 1.0 ],
					"upshot_automator::autobp[17]::counter_incomingval" : [ 0.0 ],
					"upshot_automator::autobp[17]::counterbang" : [ 0.0 ],
					"upshot_automator::autobp[17]::counterreset" : [ 0.0 ],
					"upshot_automator::autobp[17]::custom_value" : [ 0.0 ],
					"upshot_automator::autobp[17]::destination_value" : [ 127.0 ],
					"upshot_automator::autobp[17]::initial_value" : [ 0.0 ],
					"upshot_automator::autobp[17]::input" : [ 0 ],
					"upshot_automator::autobp[17]::output" : [ 0 ],
					"upshot_automator::autobp[17]::ramp_time" : [ 1000.0 ],
					"upshot_automator::autobp[17]::toggle" : [ 0.0 ],
					"upshot_automator::autobp[17]::transportreset" : [ 0.0 ],
					"upshot_automator::autobp[16]::bar" : [ 1.0 ],
					"upshot_automator::autobp[16]::beat" : [ 0.0 ],
					"upshot_automator::autobp[16]::counter" : [ 1.0 ],
					"upshot_automator::autobp[16]::counter_incomingval" : [ 0.0 ],
					"upshot_automator::autobp[16]::counterbang" : [ 0.0 ],
					"upshot_automator::autobp[16]::counterreset" : [ 0.0 ],
					"upshot_automator::autobp[16]::custom_value" : [ 0.0 ],
					"upshot_automator::autobp[16]::destination_value" : [ 127.0 ],
					"upshot_automator::autobp[16]::initial_value" : [ 0.0 ],
					"upshot_automator::autobp[16]::input" : [ 0 ],
					"upshot_automator::autobp[16]::output" : [ 0 ],
					"upshot_automator::autobp[16]::ramp_time" : [ 1000.0 ],
					"upshot_automator::autobp[16]::toggle" : [ 0.0 ],
					"upshot_automator::autobp[16]::transportreset" : [ 0.0 ],
					"upshot_automator::autobp[15]::bar" : [ 1.0 ],
					"upshot_automator::autobp[15]::beat" : [ 0.0 ],
					"upshot_automator::autobp[15]::counter" : [ 1.0 ],
					"upshot_automator::autobp[15]::counter_incomingval" : [ 0.0 ],
					"upshot_automator::autobp[15]::counterbang" : [ 0.0 ],
					"upshot_automator::autobp[15]::counterreset" : [ 0.0 ],
					"upshot_automator::autobp[15]::custom_value" : [ 0.0 ],
					"upshot_automator::autobp[15]::destination_value" : [ 127.0 ],
					"upshot_automator::autobp[15]::initial_value" : [ 0.0 ],
					"upshot_automator::autobp[15]::input" : [ 0 ],
					"upshot_automator::autobp[15]::output" : [ 0 ],
					"upshot_automator::autobp[15]::ramp_time" : [ 1000.0 ],
					"upshot_automator::autobp[15]::toggle" : [ 0.0 ],
					"upshot_automator::autobp[15]::transportreset" : [ 0.0 ],
					"upshot_automator::autobp[14]::bar" : [ 1.0 ],
					"upshot_automator::autobp[14]::beat" : [ 0.0 ],
					"upshot_automator::autobp[14]::counter" : [ 1.0 ],
					"upshot_automator::autobp[14]::counter_incomingval" : [ 0.0 ],
					"upshot_automator::autobp[14]::counterbang" : [ 0.0 ],
					"upshot_automator::autobp[14]::counterreset" : [ 0.0 ],
					"upshot_automator::autobp[14]::custom_value" : [ 0.0 ],
					"upshot_automator::autobp[14]::destination_value" : [ 127.0 ],
					"upshot_automator::autobp[14]::initial_value" : [ 0.0 ],
					"upshot_automator::autobp[14]::input" : [ 0 ],
					"upshot_automator::autobp[14]::output" : [ 0 ],
					"upshot_automator::autobp[14]::ramp_time" : [ 1000.0 ],
					"upshot_automator::autobp[14]::toggle" : [ 0.0 ],
					"upshot_automator::autobp[14]::transportreset" : [ 0.0 ],
					"upshot_automator::autobp[13]::bar" : [ 1.0 ],
					"upshot_automator::autobp[13]::beat" : [ 0.0 ],
					"upshot_automator::autobp[13]::counter" : [ 1.0 ],
					"upshot_automator::autobp[13]::counter_incomingval" : [ 0.0 ],
					"upshot_automator::autobp[13]::counterbang" : [ 0.0 ],
					"upshot_automator::autobp[13]::counterreset" : [ 0.0 ],
					"upshot_automator::autobp[13]::custom_value" : [ 0.0 ],
					"upshot_automator::autobp[13]::destination_value" : [ 127.0 ],
					"upshot_automator::autobp[13]::initial_value" : [ 0.0 ],
					"upshot_automator::autobp[13]::input" : [ 0 ],
					"upshot_automator::autobp[13]::output" : [ 0 ],
					"upshot_automator::autobp[13]::ramp_time" : [ 1000.0 ],
					"upshot_automator::autobp[13]::toggle" : [ 0.0 ],
					"upshot_automator::autobp[13]::transportreset" : [ 0.0 ],
					"upshot_automator::autobp[12]::bar" : [ 1.0 ],
					"upshot_automator::autobp[12]::beat" : [ 0.0 ],
					"upshot_automator::autobp[12]::counter" : [ 1.0 ],
					"upshot_automator::autobp[12]::counter_incomingval" : [ 0.0 ],
					"upshot_automator::autobp[12]::counterbang" : [ 0.0 ],
					"upshot_automator::autobp[12]::counterreset" : [ 0.0 ],
					"upshot_automator::autobp[12]::custom_value" : [ 0.0 ],
					"upshot_automator::autobp[12]::destination_value" : [ 127.0 ],
					"upshot_automator::autobp[12]::initial_value" : [ 0.0 ],
					"upshot_automator::autobp[12]::input" : [ 0 ],
					"upshot_automator::autobp[12]::output" : [ 0 ],
					"upshot_automator::autobp[12]::ramp_time" : [ 1000.0 ],
					"upshot_automator::autobp[12]::toggle" : [ 0.0 ],
					"upshot_automator::autobp[12]::transportreset" : [ 0.0 ],
					"upshot_automator::autobp[11]::bar" : [ 1.0 ],
					"upshot_automator::autobp[11]::beat" : [ 0.0 ],
					"upshot_automator::autobp[11]::counter" : [ 1.0 ],
					"upshot_automator::autobp[11]::counter_incomingval" : [ 0.0 ],
					"upshot_automator::autobp[11]::counterbang" : [ 0.0 ],
					"upshot_automator::autobp[11]::counterreset" : [ 0.0 ],
					"upshot_automator::autobp[11]::custom_value" : [ 0.0 ],
					"upshot_automator::autobp[11]::destination_value" : [ 127.0 ],
					"upshot_automator::autobp[11]::initial_value" : [ 0.0 ],
					"upshot_automator::autobp[11]::input" : [ 0 ],
					"upshot_automator::autobp[11]::output" : [ 0 ],
					"upshot_automator::autobp[11]::ramp_time" : [ 1000.0 ],
					"upshot_automator::autobp[11]::toggle" : [ 0.0 ],
					"upshot_automator::autobp[11]::transportreset" : [ 0.0 ],
					"upshot_automator::autobp[10]::bar" : [ 1.0 ],
					"upshot_automator::autobp[10]::beat" : [ 0.0 ],
					"upshot_automator::autobp[10]::counter" : [ 1.0 ],
					"upshot_automator::autobp[10]::counter_incomingval" : [ 0.0 ],
					"upshot_automator::autobp[10]::counterbang" : [ 0.0 ],
					"upshot_automator::autobp[10]::counterreset" : [ 0.0 ],
					"upshot_automator::autobp[10]::custom_value" : [ 0.0 ],
					"upshot_automator::autobp[10]::destination_value" : [ 127.0 ],
					"upshot_automator::autobp[10]::initial_value" : [ 0.0 ],
					"upshot_automator::autobp[10]::input" : [ 0 ],
					"upshot_automator::autobp[10]::output" : [ 0 ],
					"upshot_automator::autobp[10]::ramp_time" : [ 1000.0 ],
					"upshot_automator::autobp[10]::toggle" : [ 0.0 ],
					"upshot_automator::autobp[10]::transportreset" : [ 0.0 ],
					"upshot_automator::autobp[29]::bar" : [ 1.0 ],
					"upshot_automator::autobp[29]::beat" : [ 0.0 ],
					"upshot_automator::autobp[29]::counter" : [ 1.0 ],
					"upshot_automator::autobp[29]::counter_incomingval" : [ 0.0 ],
					"upshot_automator::autobp[29]::counterbang" : [ 0.0 ],
					"upshot_automator::autobp[29]::counterreset" : [ 0.0 ],
					"upshot_automator::autobp[29]::custom_value" : [ 0.0 ],
					"upshot_automator::autobp[29]::destination_value" : [ 127.0 ],
					"upshot_automator::autobp[29]::initial_value" : [ 0.0 ],
					"upshot_automator::autobp[29]::input" : [ 0 ],
					"upshot_automator::autobp[29]::output" : [ 0 ],
					"upshot_automator::autobp[29]::ramp_time" : [ 1000.0 ],
					"upshot_automator::autobp[29]::toggle" : [ 0.0 ],
					"upshot_automator::autobp[29]::transportreset" : [ 0.0 ],
					"upshot_automator::autobp[28]::bar" : [ 1.0 ],
					"upshot_automator::autobp[28]::beat" : [ 0.0 ],
					"upshot_automator::autobp[28]::counter" : [ 1.0 ],
					"upshot_automator::autobp[28]::counter_incomingval" : [ 0.0 ],
					"upshot_automator::autobp[28]::counterbang" : [ 0.0 ],
					"upshot_automator::autobp[28]::counterreset" : [ 0.0 ],
					"upshot_automator::autobp[28]::custom_value" : [ 0.0 ],
					"upshot_automator::autobp[28]::destination_value" : [ 127.0 ],
					"upshot_automator::autobp[28]::initial_value" : [ 0.0 ],
					"upshot_automator::autobp[28]::input" : [ 0 ],
					"upshot_automator::autobp[28]::output" : [ 0 ],
					"upshot_automator::autobp[28]::ramp_time" : [ 1000.0 ],
					"upshot_automator::autobp[28]::toggle" : [ 0.0 ],
					"upshot_automator::autobp[28]::transportreset" : [ 0.0 ],
					"upshot_automator::autobp[27]::bar" : [ 1.0 ],
					"upshot_automator::autobp[27]::beat" : [ 0.0 ],
					"upshot_automator::autobp[27]::counter" : [ 1.0 ],
					"upshot_automator::autobp[27]::counter_incomingval" : [ 0.0 ],
					"upshot_automator::autobp[27]::counterbang" : [ 0.0 ],
					"upshot_automator::autobp[27]::counterreset" : [ 0.0 ],
					"upshot_automator::autobp[27]::custom_value" : [ 0.0 ],
					"upshot_automator::autobp[27]::destination_value" : [ 127.0 ],
					"upshot_automator::autobp[27]::initial_value" : [ 0.0 ],
					"upshot_automator::autobp[27]::input" : [ 0 ],
					"upshot_automator::autobp[27]::output" : [ 0 ],
					"upshot_automator::autobp[27]::ramp_time" : [ 1000.0 ],
					"upshot_automator::autobp[27]::toggle" : [ 0.0 ],
					"upshot_automator::autobp[27]::transportreset" : [ 0.0 ],
					"upshot_automator::autobp[26]::bar" : [ 1.0 ],
					"upshot_automator::autobp[26]::beat" : [ 0.0 ],
					"upshot_automator::autobp[26]::counter" : [ 1.0 ],
					"upshot_automator::autobp[26]::counter_incomingval" : [ 0.0 ],
					"upshot_automator::autobp[26]::counterbang" : [ 0.0 ],
					"upshot_automator::autobp[26]::counterreset" : [ 0.0 ],
					"upshot_automator::autobp[26]::custom_value" : [ 0.0 ],
					"upshot_automator::autobp[26]::destination_value" : [ 127.0 ],
					"upshot_automator::autobp[26]::initial_value" : [ 0.0 ],
					"upshot_automator::autobp[26]::input" : [ 0 ],
					"upshot_automator::autobp[26]::output" : [ 0 ],
					"upshot_automator::autobp[26]::ramp_time" : [ 1000.0 ],
					"upshot_automator::autobp[26]::toggle" : [ 0.0 ],
					"upshot_automator::autobp[26]::transportreset" : [ 0.0 ],
					"upshot_automator::autobp[25]::bar" : [ 1.0 ],
					"upshot_automator::autobp[25]::beat" : [ 0.0 ],
					"upshot_automator::autobp[25]::counter" : [ 1.0 ],
					"upshot_automator::autobp[25]::counter_incomingval" : [ 0.0 ],
					"upshot_automator::autobp[25]::counterbang" : [ 0.0 ],
					"upshot_automator::autobp[25]::counterreset" : [ 0.0 ],
					"upshot_automator::autobp[25]::custom_value" : [ 0.0 ],
					"upshot_automator::autobp[25]::destination_value" : [ 127.0 ],
					"upshot_automator::autobp[25]::initial_value" : [ 0.0 ],
					"upshot_automator::autobp[25]::input" : [ 0 ],
					"upshot_automator::autobp[25]::output" : [ 0 ],
					"upshot_automator::autobp[25]::ramp_time" : [ 1000.0 ],
					"upshot_automator::autobp[25]::toggle" : [ 0.0 ],
					"upshot_automator::autobp[25]::transportreset" : [ 0.0 ],
					"upshot_automator::autobp[24]::bar" : [ 1.0 ],
					"upshot_automator::autobp[24]::beat" : [ 0.0 ],
					"upshot_automator::autobp[24]::counter" : [ 1.0 ],
					"upshot_automator::autobp[24]::counter_incomingval" : [ 0.0 ],
					"upshot_automator::autobp[24]::counterbang" : [ 0.0 ],
					"upshot_automator::autobp[24]::counterreset" : [ 0.0 ],
					"upshot_automator::autobp[24]::custom_value" : [ 0.0 ],
					"upshot_automator::autobp[24]::destination_value" : [ 127.0 ],
					"upshot_automator::autobp[24]::initial_value" : [ 0.0 ],
					"upshot_automator::autobp[24]::input" : [ 0 ],
					"upshot_automator::autobp[24]::output" : [ 0 ],
					"upshot_automator::autobp[24]::ramp_time" : [ 1000.0 ],
					"upshot_automator::autobp[24]::toggle" : [ 0.0 ],
					"upshot_automator::autobp[24]::transportreset" : [ 0.0 ],
					"upshot_automator::autobp[23]::bar" : [ 1.0 ],
					"upshot_automator::autobp[23]::beat" : [ 0.0 ],
					"upshot_automator::autobp[23]::counter" : [ 1.0 ],
					"upshot_automator::autobp[23]::counter_incomingval" : [ 0.0 ],
					"upshot_automator::autobp[23]::counterbang" : [ 0.0 ],
					"upshot_automator::autobp[23]::counterreset" : [ 0.0 ],
					"upshot_automator::autobp[23]::custom_value" : [ 0.0 ],
					"upshot_automator::autobp[23]::destination_value" : [ 127.0 ],
					"upshot_automator::autobp[23]::initial_value" : [ 0.0 ],
					"upshot_automator::autobp[23]::input" : [ 0 ],
					"upshot_automator::autobp[23]::output" : [ 0 ],
					"upshot_automator::autobp[23]::ramp_time" : [ 1000.0 ],
					"upshot_automator::autobp[23]::toggle" : [ 0.0 ],
					"upshot_automator::autobp[23]::transportreset" : [ 0.0 ],
					"upshot_automator::autobp[22]::bar" : [ 1.0 ],
					"upshot_automator::autobp[22]::beat" : [ 0.0 ],
					"upshot_automator::autobp[22]::counter" : [ 1.0 ],
					"upshot_automator::autobp[22]::counter_incomingval" : [ 0.0 ],
					"upshot_automator::autobp[22]::counterbang" : [ 0.0 ],
					"upshot_automator::autobp[22]::counterreset" : [ 0.0 ],
					"upshot_automator::autobp[22]::custom_value" : [ 0.0 ],
					"upshot_automator::autobp[22]::destination_value" : [ 127.0 ],
					"upshot_automator::autobp[22]::initial_value" : [ 0.0 ],
					"upshot_automator::autobp[22]::input" : [ 0 ],
					"upshot_automator::autobp[22]::output" : [ 0 ],
					"upshot_automator::autobp[22]::ramp_time" : [ 1000.0 ],
					"upshot_automator::autobp[22]::toggle" : [ 0.0 ],
					"upshot_automator::autobp[22]::transportreset" : [ 0.0 ],
					"upshot_automator::autobp[21]::bar" : [ 1.0 ],
					"upshot_automator::autobp[21]::beat" : [ 0.0 ],
					"upshot_automator::autobp[21]::counter" : [ 1.0 ],
					"upshot_automator::autobp[21]::counter_incomingval" : [ 0.0 ],
					"upshot_automator::autobp[21]::counterbang" : [ 0.0 ],
					"upshot_automator::autobp[21]::counterreset" : [ 0.0 ],
					"upshot_automator::autobp[21]::custom_value" : [ 0.0 ],
					"upshot_automator::autobp[21]::destination_value" : [ 127.0 ],
					"upshot_automator::autobp[21]::initial_value" : [ 0.0 ],
					"upshot_automator::autobp[21]::input" : [ 0 ],
					"upshot_automator::autobp[21]::output" : [ 0 ],
					"upshot_automator::autobp[21]::ramp_time" : [ 1000.0 ],
					"upshot_automator::autobp[21]::toggle" : [ 0.0 ],
					"upshot_automator::autobp[21]::transportreset" : [ 0.0 ],
					"upshot_automator::autobp[20]::bar" : [ 1.0 ],
					"upshot_automator::autobp[20]::beat" : [ 0.0 ],
					"upshot_automator::autobp[20]::counter" : [ 1.0 ],
					"upshot_automator::autobp[20]::counter_incomingval" : [ 0.0 ],
					"upshot_automator::autobp[20]::counterbang" : [ 0.0 ],
					"upshot_automator::autobp[20]::counterreset" : [ 0.0 ],
					"upshot_automator::autobp[20]::custom_value" : [ 0.0 ],
					"upshot_automator::autobp[20]::destination_value" : [ 127.0 ],
					"upshot_automator::autobp[20]::initial_value" : [ 0.0 ],
					"upshot_automator::autobp[20]::input" : [ 0 ],
					"upshot_automator::autobp[20]::output" : [ 0 ],
					"upshot_automator::autobp[20]::ramp_time" : [ 1000.0 ],
					"upshot_automator::autobp[20]::toggle" : [ 0.0 ],
					"upshot_automator::autobp[20]::transportreset" : [ 0.0 ],
					"upshot_automator::autobp[39]::bar" : [ 1.0 ],
					"upshot_automator::autobp[39]::beat" : [ 0.0 ],
					"upshot_automator::autobp[39]::counter" : [ 1.0 ],
					"upshot_automator::autobp[39]::counter_incomingval" : [ 0.0 ],
					"upshot_automator::autobp[39]::counterbang" : [ 0.0 ],
					"upshot_automator::autobp[39]::counterreset" : [ 0.0 ],
					"upshot_automator::autobp[39]::custom_value" : [ 0.0 ],
					"upshot_automator::autobp[39]::destination_value" : [ 127.0 ],
					"upshot_automator::autobp[39]::initial_value" : [ 0.0 ],
					"upshot_automator::autobp[39]::input" : [ 0 ],
					"upshot_automator::autobp[39]::output" : [ 0 ],
					"upshot_automator::autobp[39]::ramp_time" : [ 1000.0 ],
					"upshot_automator::autobp[39]::toggle" : [ 0.0 ],
					"upshot_automator::autobp[39]::transportreset" : [ 0.0 ],
					"upshot_automator::autobp[38]::bar" : [ 1.0 ],
					"upshot_automator::autobp[38]::beat" : [ 0.0 ],
					"upshot_automator::autobp[38]::counter" : [ 1.0 ],
					"upshot_automator::autobp[38]::counter_incomingval" : [ 0.0 ],
					"upshot_automator::autobp[38]::counterbang" : [ 0.0 ],
					"upshot_automator::autobp[38]::counterreset" : [ 0.0 ],
					"upshot_automator::autobp[38]::custom_value" : [ 0.0 ],
					"upshot_automator::autobp[38]::destination_value" : [ 127.0 ],
					"upshot_automator::autobp[38]::initial_value" : [ 0.0 ],
					"upshot_automator::autobp[38]::input" : [ 0 ],
					"upshot_automator::autobp[38]::output" : [ 0 ],
					"upshot_automator::autobp[38]::ramp_time" : [ 1000.0 ],
					"upshot_automator::autobp[38]::toggle" : [ 0.0 ],
					"upshot_automator::autobp[38]::transportreset" : [ 0.0 ],
					"upshot_automator::autobp[37]::bar" : [ 1.0 ],
					"upshot_automator::autobp[37]::beat" : [ 0.0 ],
					"upshot_automator::autobp[37]::counter" : [ 1.0 ],
					"upshot_automator::autobp[37]::counter_incomingval" : [ 0.0 ],
					"upshot_automator::autobp[37]::counterbang" : [ 0.0 ],
					"upshot_automator::autobp[37]::counterreset" : [ 0.0 ],
					"upshot_automator::autobp[37]::custom_value" : [ 0.0 ],
					"upshot_automator::autobp[37]::destination_value" : [ 127.0 ],
					"upshot_automator::autobp[37]::initial_value" : [ 0.0 ],
					"upshot_automator::autobp[37]::input" : [ 0 ],
					"upshot_automator::autobp[37]::output" : [ 0 ],
					"upshot_automator::autobp[37]::ramp_time" : [ 1000.0 ],
					"upshot_automator::autobp[37]::toggle" : [ 0.0 ],
					"upshot_automator::autobp[37]::transportreset" : [ 0.0 ],
					"upshot_automator::autobp[36]::bar" : [ 1.0 ],
					"upshot_automator::autobp[36]::beat" : [ 0.0 ],
					"upshot_automator::autobp[36]::counter" : [ 1.0 ],
					"upshot_automator::autobp[36]::counter_incomingval" : [ 0.0 ],
					"upshot_automator::autobp[36]::counterbang" : [ 0.0 ],
					"upshot_automator::autobp[36]::counterreset" : [ 0.0 ],
					"upshot_automator::autobp[36]::custom_value" : [ 0.0 ],
					"upshot_automator::autobp[36]::destination_value" : [ 127.0 ],
					"upshot_automator::autobp[36]::initial_value" : [ 0.0 ],
					"upshot_automator::autobp[36]::input" : [ 0 ],
					"upshot_automator::autobp[36]::output" : [ 0 ],
					"upshot_automator::autobp[36]::ramp_time" : [ 1000.0 ],
					"upshot_automator::autobp[36]::toggle" : [ 0.0 ],
					"upshot_automator::autobp[36]::transportreset" : [ 0.0 ],
					"upshot_automator::autobp[35]::bar" : [ 1.0 ],
					"upshot_automator::autobp[35]::beat" : [ 0.0 ],
					"upshot_automator::autobp[35]::counter" : [ 1.0 ],
					"upshot_automator::autobp[35]::counter_incomingval" : [ 0.0 ],
					"upshot_automator::autobp[35]::counterbang" : [ 0.0 ],
					"upshot_automator::autobp[35]::counterreset" : [ 0.0 ],
					"upshot_automator::autobp[35]::custom_value" : [ 0.0 ],
					"upshot_automator::autobp[35]::destination_value" : [ 127.0 ],
					"upshot_automator::autobp[35]::initial_value" : [ 0.0 ],
					"upshot_automator::autobp[35]::input" : [ 0 ],
					"upshot_automator::autobp[35]::output" : [ 0 ],
					"upshot_automator::autobp[35]::ramp_time" : [ 1000.0 ],
					"upshot_automator::autobp[35]::toggle" : [ 0.0 ],
					"upshot_automator::autobp[35]::transportreset" : [ 0.0 ],
					"upshot_automator::autobp[34]::bar" : [ 1.0 ],
					"upshot_automator::autobp[34]::beat" : [ 0.0 ],
					"upshot_automator::autobp[34]::counter" : [ 1.0 ],
					"upshot_automator::autobp[34]::counter_incomingval" : [ 0.0 ],
					"upshot_automator::autobp[34]::counterbang" : [ 0.0 ],
					"upshot_automator::autobp[34]::counterreset" : [ 0.0 ],
					"upshot_automator::autobp[34]::custom_value" : [ 0.0 ],
					"upshot_automator::autobp[34]::destination_value" : [ 127.0 ],
					"upshot_automator::autobp[34]::initial_value" : [ 0.0 ],
					"upshot_automator::autobp[34]::input" : [ 0 ],
					"upshot_automator::autobp[34]::output" : [ 0 ],
					"upshot_automator::autobp[34]::ramp_time" : [ 1000.0 ],
					"upshot_automator::autobp[34]::toggle" : [ 0.0 ],
					"upshot_automator::autobp[34]::transportreset" : [ 0.0 ],
					"upshot_automator::autobp[33]::bar" : [ 1.0 ],
					"upshot_automator::autobp[33]::beat" : [ 0.0 ],
					"upshot_automator::autobp[33]::counter" : [ 1.0 ],
					"upshot_automator::autobp[33]::counter_incomingval" : [ 0.0 ],
					"upshot_automator::autobp[33]::counterbang" : [ 0.0 ],
					"upshot_automator::autobp[33]::counterreset" : [ 0.0 ],
					"upshot_automator::autobp[33]::custom_value" : [ 0.0 ],
					"upshot_automator::autobp[33]::destination_value" : [ 127.0 ],
					"upshot_automator::autobp[33]::initial_value" : [ 0.0 ],
					"upshot_automator::autobp[33]::input" : [ 0 ],
					"upshot_automator::autobp[33]::output" : [ 0 ],
					"upshot_automator::autobp[33]::ramp_time" : [ 1000.0 ],
					"upshot_automator::autobp[33]::toggle" : [ 0.0 ],
					"upshot_automator::autobp[33]::transportreset" : [ 0.0 ],
					"upshot_automator::autobp[32]::bar" : [ 1.0 ],
					"upshot_automator::autobp[32]::beat" : [ 0.0 ],
					"upshot_automator::autobp[32]::counter" : [ 1.0 ],
					"upshot_automator::autobp[32]::counter_incomingval" : [ 0.0 ],
					"upshot_automator::autobp[32]::counterbang" : [ 0.0 ],
					"upshot_automator::autobp[32]::counterreset" : [ 0.0 ],
					"upshot_automator::autobp[32]::custom_value" : [ 0.0 ],
					"upshot_automator::autobp[32]::destination_value" : [ 127.0 ],
					"upshot_automator::autobp[32]::initial_value" : [ 0.0 ],
					"upshot_automator::autobp[32]::input" : [ 0 ],
					"upshot_automator::autobp[32]::output" : [ 0 ],
					"upshot_automator::autobp[32]::ramp_time" : [ 1000.0 ],
					"upshot_automator::autobp[32]::toggle" : [ 0.0 ],
					"upshot_automator::autobp[32]::transportreset" : [ 0.0 ],
					"upshot_automator::autobp[31]::bar" : [ 1.0 ],
					"upshot_automator::autobp[31]::beat" : [ 0.0 ],
					"upshot_automator::autobp[31]::counter" : [ 1.0 ],
					"upshot_automator::autobp[31]::counter_incomingval" : [ 0.0 ],
					"upshot_automator::autobp[31]::counterbang" : [ 0.0 ],
					"upshot_automator::autobp[31]::counterreset" : [ 0.0 ],
					"upshot_automator::autobp[31]::custom_value" : [ 0.0 ],
					"upshot_automator::autobp[31]::destination_value" : [ 127.0 ],
					"upshot_automator::autobp[31]::initial_value" : [ 0.0 ],
					"upshot_automator::autobp[31]::input" : [ 0 ],
					"upshot_automator::autobp[31]::output" : [ 0 ],
					"upshot_automator::autobp[31]::ramp_time" : [ 1000.0 ],
					"upshot_automator::autobp[31]::toggle" : [ 0.0 ],
					"upshot_automator::autobp[31]::transportreset" : [ 0.0 ],
					"upshot_automator::autobp[30]::bar" : [ 1.0 ],
					"upshot_automator::autobp[30]::beat" : [ 0.0 ],
					"upshot_automator::autobp[30]::counter" : [ 1.0 ],
					"upshot_automator::autobp[30]::counter_incomingval" : [ 0.0 ],
					"upshot_automator::autobp[30]::counterbang" : [ 0.0 ],
					"upshot_automator::autobp[30]::counterreset" : [ 0.0 ],
					"upshot_automator::autobp[30]::custom_value" : [ 0.0 ],
					"upshot_automator::autobp[30]::destination_value" : [ 127.0 ],
					"upshot_automator::autobp[30]::initial_value" : [ 0.0 ],
					"upshot_automator::autobp[30]::input" : [ 0 ],
					"upshot_automator::autobp[30]::output" : [ 0 ],
					"upshot_automator::autobp[30]::ramp_time" : [ 1000.0 ],
					"upshot_automator::autobp[30]::toggle" : [ 0.0 ],
					"upshot_automator::autobp[30]::transportreset" : [ 0.0 ],
					"upshot_automator::autobp[49]::bar" : [ 1.0 ],
					"upshot_automator::autobp[49]::beat" : [ 0.0 ],
					"upshot_automator::autobp[49]::counter" : [ 1.0 ],
					"upshot_automator::autobp[49]::counter_incomingval" : [ 0.0 ],
					"upshot_automator::autobp[49]::counterbang" : [ 0.0 ],
					"upshot_automator::autobp[49]::counterreset" : [ 0.0 ],
					"upshot_automator::autobp[49]::custom_value" : [ 0.0 ],
					"upshot_automator::autobp[49]::destination_value" : [ 127.0 ],
					"upshot_automator::autobp[49]::initial_value" : [ 0.0 ],
					"upshot_automator::autobp[49]::input" : [ 0 ],
					"upshot_automator::autobp[49]::output" : [ 0 ],
					"upshot_automator::autobp[49]::ramp_time" : [ 1000.0 ],
					"upshot_automator::autobp[49]::toggle" : [ 0.0 ],
					"upshot_automator::autobp[49]::transportreset" : [ 0.0 ],
					"upshot_automator::autobp[48]::bar" : [ 1.0 ],
					"upshot_automator::autobp[48]::beat" : [ 0.0 ],
					"upshot_automator::autobp[48]::counter" : [ 1.0 ],
					"upshot_automator::autobp[48]::counter_incomingval" : [ 0.0 ],
					"upshot_automator::autobp[48]::counterbang" : [ 0.0 ],
					"upshot_automator::autobp[48]::counterreset" : [ 0.0 ],
					"upshot_automator::autobp[48]::custom_value" : [ 0.0 ],
					"upshot_automator::autobp[48]::destination_value" : [ 127.0 ],
					"upshot_automator::autobp[48]::initial_value" : [ 0.0 ],
					"upshot_automator::autobp[48]::input" : [ 0 ],
					"upshot_automator::autobp[48]::output" : [ 0 ],
					"upshot_automator::autobp[48]::ramp_time" : [ 1000.0 ],
					"upshot_automator::autobp[48]::toggle" : [ 0.0 ],
					"upshot_automator::autobp[48]::transportreset" : [ 0.0 ],
					"upshot_automator::autobp[47]::bar" : [ 1.0 ],
					"upshot_automator::autobp[47]::beat" : [ 0.0 ],
					"upshot_automator::autobp[47]::counter" : [ 1.0 ],
					"upshot_automator::autobp[47]::counter_incomingval" : [ 0.0 ],
					"upshot_automator::autobp[47]::counterbang" : [ 0.0 ],
					"upshot_automator::autobp[47]::counterreset" : [ 0.0 ],
					"upshot_automator::autobp[47]::custom_value" : [ 0.0 ],
					"upshot_automator::autobp[47]::destination_value" : [ 127.0 ],
					"upshot_automator::autobp[47]::initial_value" : [ 0.0 ],
					"upshot_automator::autobp[47]::input" : [ 0 ],
					"upshot_automator::autobp[47]::output" : [ 0 ],
					"upshot_automator::autobp[47]::ramp_time" : [ 1000.0 ],
					"upshot_automator::autobp[47]::toggle" : [ 0.0 ],
					"upshot_automator::autobp[47]::transportreset" : [ 0.0 ],
					"upshot_automator::autobp[46]::bar" : [ 1.0 ],
					"upshot_automator::autobp[46]::beat" : [ 0.0 ],
					"upshot_automator::autobp[46]::counter" : [ 1.0 ],
					"upshot_automator::autobp[46]::counter_incomingval" : [ 0.0 ],
					"upshot_automator::autobp[46]::counterbang" : [ 0.0 ],
					"upshot_automator::autobp[46]::counterreset" : [ 0.0 ],
					"upshot_automator::autobp[46]::custom_value" : [ 0.0 ],
					"upshot_automator::autobp[46]::destination_value" : [ 127.0 ],
					"upshot_automator::autobp[46]::initial_value" : [ 0.0 ],
					"upshot_automator::autobp[46]::input" : [ 0 ],
					"upshot_automator::autobp[46]::output" : [ 0 ],
					"upshot_automator::autobp[46]::ramp_time" : [ 1000.0 ],
					"upshot_automator::autobp[46]::toggle" : [ 0.0 ],
					"upshot_automator::autobp[46]::transportreset" : [ 0.0 ],
					"upshot_automator::autobp[45]::bar" : [ 1.0 ],
					"upshot_automator::autobp[45]::beat" : [ 0.0 ],
					"upshot_automator::autobp[45]::counter" : [ 1.0 ],
					"upshot_automator::autobp[45]::counter_incomingval" : [ 0.0 ],
					"upshot_automator::autobp[45]::counterbang" : [ 0.0 ],
					"upshot_automator::autobp[45]::counterreset" : [ 0.0 ],
					"upshot_automator::autobp[45]::custom_value" : [ 0.0 ],
					"upshot_automator::autobp[45]::destination_value" : [ 127.0 ],
					"upshot_automator::autobp[45]::initial_value" : [ 0.0 ],
					"upshot_automator::autobp[45]::input" : [ 0 ],
					"upshot_automator::autobp[45]::output" : [ 0 ],
					"upshot_automator::autobp[45]::ramp_time" : [ 1000.0 ],
					"upshot_automator::autobp[45]::toggle" : [ 0.0 ],
					"upshot_automator::autobp[45]::transportreset" : [ 0.0 ],
					"upshot_automator::autobp[44]::bar" : [ 1.0 ],
					"upshot_automator::autobp[44]::beat" : [ 0.0 ],
					"upshot_automator::autobp[44]::counter" : [ 1.0 ],
					"upshot_automator::autobp[44]::counter_incomingval" : [ 0.0 ],
					"upshot_automator::autobp[44]::counterbang" : [ 0.0 ],
					"upshot_automator::autobp[44]::counterreset" : [ 0.0 ],
					"upshot_automator::autobp[44]::custom_value" : [ 0.0 ],
					"upshot_automator::autobp[44]::destination_value" : [ 127.0 ],
					"upshot_automator::autobp[44]::initial_value" : [ 0.0 ],
					"upshot_automator::autobp[44]::input" : [ 0 ],
					"upshot_automator::autobp[44]::output" : [ 0 ],
					"upshot_automator::autobp[44]::ramp_time" : [ 1000.0 ],
					"upshot_automator::autobp[44]::toggle" : [ 0.0 ],
					"upshot_automator::autobp[44]::transportreset" : [ 0.0 ],
					"upshot_automator::autobp[43]::bar" : [ 1.0 ],
					"upshot_automator::autobp[43]::beat" : [ 0.0 ],
					"upshot_automator::autobp[43]::counter" : [ 1.0 ],
					"upshot_automator::autobp[43]::counter_incomingval" : [ 0.0 ],
					"upshot_automator::autobp[43]::counterbang" : [ 0.0 ],
					"upshot_automator::autobp[43]::counterreset" : [ 0.0 ],
					"upshot_automator::autobp[43]::custom_value" : [ 0.0 ],
					"upshot_automator::autobp[43]::destination_value" : [ 127.0 ],
					"upshot_automator::autobp[43]::initial_value" : [ 0.0 ],
					"upshot_automator::autobp[43]::input" : [ 0 ],
					"upshot_automator::autobp[43]::output" : [ 0 ],
					"upshot_automator::autobp[43]::ramp_time" : [ 1000.0 ],
					"upshot_automator::autobp[43]::toggle" : [ 0.0 ],
					"upshot_automator::autobp[43]::transportreset" : [ 0.0 ],
					"upshot_automator::autobp[42]::bar" : [ 1.0 ],
					"upshot_automator::autobp[42]::beat" : [ 0.0 ],
					"upshot_automator::autobp[42]::counter" : [ 1.0 ],
					"upshot_automator::autobp[42]::counter_incomingval" : [ 0.0 ],
					"upshot_automator::autobp[42]::counterbang" : [ 0.0 ],
					"upshot_automator::autobp[42]::counterreset" : [ 0.0 ],
					"upshot_automator::autobp[42]::custom_value" : [ 0.0 ],
					"upshot_automator::autobp[42]::destination_value" : [ 127.0 ],
					"upshot_automator::autobp[42]::initial_value" : [ 0.0 ],
					"upshot_automator::autobp[42]::input" : [ 0 ],
					"upshot_automator::autobp[42]::output" : [ 0 ],
					"upshot_automator::autobp[42]::ramp_time" : [ 1000.0 ],
					"upshot_automator::autobp[42]::toggle" : [ 0.0 ],
					"upshot_automator::autobp[42]::transportreset" : [ 0.0 ],
					"upshot_automator::autobp[41]::bar" : [ 1.0 ],
					"upshot_automator::autobp[41]::beat" : [ 0.0 ],
					"upshot_automator::autobp[41]::counter" : [ 1.0 ],
					"upshot_automator::autobp[41]::counter_incomingval" : [ 0.0 ],
					"upshot_automator::autobp[41]::counterbang" : [ 0.0 ],
					"upshot_automator::autobp[41]::counterreset" : [ 0.0 ],
					"upshot_automator::autobp[41]::custom_value" : [ 0.0 ],
					"upshot_automator::autobp[41]::destination_value" : [ 127.0 ],
					"upshot_automator::autobp[41]::initial_value" : [ 0.0 ],
					"upshot_automator::autobp[41]::input" : [ 0 ],
					"upshot_automator::autobp[41]::output" : [ 0 ],
					"upshot_automator::autobp[41]::ramp_time" : [ 1000.0 ],
					"upshot_automator::autobp[41]::toggle" : [ 0.0 ],
					"upshot_automator::autobp[41]::transportreset" : [ 0.0 ],
					"upshot_automator::autobp[40]::bar" : [ 1.0 ],
					"upshot_automator::autobp[40]::beat" : [ 0.0 ],
					"upshot_automator::autobp[40]::counter" : [ 1.0 ],
					"upshot_automator::autobp[40]::counter_incomingval" : [ 0.0 ],
					"upshot_automator::autobp[40]::counterbang" : [ 0.0 ],
					"upshot_automator::autobp[40]::counterreset" : [ 0.0 ],
					"upshot_automator::autobp[40]::custom_value" : [ 0.0 ],
					"upshot_automator::autobp[40]::destination_value" : [ 127.0 ],
					"upshot_automator::autobp[40]::initial_value" : [ 0.0 ],
					"upshot_automator::autobp[40]::input" : [ 0 ],
					"upshot_automator::autobp[40]::output" : [ 0 ],
					"upshot_automator::autobp[40]::ramp_time" : [ 1000.0 ],
					"upshot_automator::autobp[40]::toggle" : [ 0.0 ],
					"upshot_automator::autobp[40]::transportreset" : [ 0.0 ],
					"upshot_automator::autobp[99]::bar" : [ 1.0 ],
					"upshot_automator::autobp[99]::beat" : [ 0.0 ],
					"upshot_automator::autobp[99]::counter" : [ 1.0 ],
					"upshot_automator::autobp[99]::counter_incomingval" : [ 0.0 ],
					"upshot_automator::autobp[99]::counterbang" : [ 0.0 ],
					"upshot_automator::autobp[99]::counterreset" : [ 0.0 ],
					"upshot_automator::autobp[99]::custom_value" : [ 0.0 ],
					"upshot_automator::autobp[99]::destination_value" : [ 127.0 ],
					"upshot_automator::autobp[99]::initial_value" : [ 0.0 ],
					"upshot_automator::autobp[99]::input" : [ 0 ],
					"upshot_automator::autobp[99]::output" : [ 0 ],
					"upshot_automator::autobp[99]::ramp_time" : [ 1000.0 ],
					"upshot_automator::autobp[99]::toggle" : [ 0.0 ],
					"upshot_automator::autobp[99]::transportreset" : [ 0.0 ],
					"upshot_automator::autobp[98]::bar" : [ 1.0 ],
					"upshot_automator::autobp[98]::beat" : [ 0.0 ],
					"upshot_automator::autobp[98]::counter" : [ 1.0 ],
					"upshot_automator::autobp[98]::counter_incomingval" : [ 0.0 ],
					"upshot_automator::autobp[98]::counterbang" : [ 0.0 ],
					"upshot_automator::autobp[98]::counterreset" : [ 0.0 ],
					"upshot_automator::autobp[98]::custom_value" : [ 0.0 ],
					"upshot_automator::autobp[98]::destination_value" : [ 127.0 ],
					"upshot_automator::autobp[98]::initial_value" : [ 0.0 ],
					"upshot_automator::autobp[98]::input" : [ 0 ],
					"upshot_automator::autobp[98]::output" : [ 0 ],
					"upshot_automator::autobp[98]::ramp_time" : [ 1000.0 ],
					"upshot_automator::autobp[98]::toggle" : [ 0.0 ],
					"upshot_automator::autobp[98]::transportreset" : [ 0.0 ],
					"upshot_automator::autobp[97]::bar" : [ 1.0 ],
					"upshot_automator::autobp[97]::beat" : [ 0.0 ],
					"upshot_automator::autobp[97]::counter" : [ 1.0 ],
					"upshot_automator::autobp[97]::counter_incomingval" : [ 0.0 ],
					"upshot_automator::autobp[97]::counterbang" : [ 0.0 ],
					"upshot_automator::autobp[97]::counterreset" : [ 0.0 ],
					"upshot_automator::autobp[97]::custom_value" : [ 0.0 ],
					"upshot_automator::autobp[97]::destination_value" : [ 127.0 ],
					"upshot_automator::autobp[97]::initial_value" : [ 0.0 ],
					"upshot_automator::autobp[97]::input" : [ 0 ],
					"upshot_automator::autobp[97]::output" : [ 0 ],
					"upshot_automator::autobp[97]::ramp_time" : [ 1000.0 ],
					"upshot_automator::autobp[97]::toggle" : [ 0.0 ],
					"upshot_automator::autobp[97]::transportreset" : [ 0.0 ],
					"upshot_automator::autobp[96]::bar" : [ 1.0 ],
					"upshot_automator::autobp[96]::beat" : [ 0.0 ],
					"upshot_automator::autobp[96]::counter" : [ 1.0 ],
					"upshot_automator::autobp[96]::counter_incomingval" : [ 0.0 ],
					"upshot_automator::autobp[96]::counterbang" : [ 0.0 ],
					"upshot_automator::autobp[96]::counterreset" : [ 0.0 ],
					"upshot_automator::autobp[96]::custom_value" : [ 0.0 ],
					"upshot_automator::autobp[96]::destination_value" : [ 127.0 ],
					"upshot_automator::autobp[96]::initial_value" : [ 0.0 ],
					"upshot_automator::autobp[96]::input" : [ 0 ],
					"upshot_automator::autobp[96]::output" : [ 0 ],
					"upshot_automator::autobp[96]::ramp_time" : [ 1000.0 ],
					"upshot_automator::autobp[96]::toggle" : [ 0.0 ],
					"upshot_automator::autobp[96]::transportreset" : [ 0.0 ],
					"upshot_automator::autobp[95]::bar" : [ 1.0 ],
					"upshot_automator::autobp[95]::beat" : [ 0.0 ],
					"upshot_automator::autobp[95]::counter" : [ 1.0 ],
					"upshot_automator::autobp[95]::counter_incomingval" : [ 0.0 ],
					"upshot_automator::autobp[95]::counterbang" : [ 0.0 ],
					"upshot_automator::autobp[95]::counterreset" : [ 0.0 ],
					"upshot_automator::autobp[95]::custom_value" : [ 0.0 ],
					"upshot_automator::autobp[95]::destination_value" : [ 127.0 ],
					"upshot_automator::autobp[95]::initial_value" : [ 0.0 ],
					"upshot_automator::autobp[95]::input" : [ 0 ],
					"upshot_automator::autobp[95]::output" : [ 0 ],
					"upshot_automator::autobp[95]::ramp_time" : [ 1000.0 ],
					"upshot_automator::autobp[95]::toggle" : [ 0.0 ],
					"upshot_automator::autobp[95]::transportreset" : [ 0.0 ],
					"upshot_automator::autobp[94]::bar" : [ 1.0 ],
					"upshot_automator::autobp[94]::beat" : [ 0.0 ],
					"upshot_automator::autobp[94]::counter" : [ 1.0 ],
					"upshot_automator::autobp[94]::counter_incomingval" : [ 0.0 ],
					"upshot_automator::autobp[94]::counterbang" : [ 0.0 ],
					"upshot_automator::autobp[94]::counterreset" : [ 0.0 ],
					"upshot_automator::autobp[94]::custom_value" : [ 0.0 ],
					"upshot_automator::autobp[94]::destination_value" : [ 127.0 ],
					"upshot_automator::autobp[94]::initial_value" : [ 0.0 ],
					"upshot_automator::autobp[94]::input" : [ 0 ],
					"upshot_automator::autobp[94]::output" : [ 0 ],
					"upshot_automator::autobp[94]::ramp_time" : [ 1000.0 ],
					"upshot_automator::autobp[94]::toggle" : [ 0.0 ],
					"upshot_automator::autobp[94]::transportreset" : [ 0.0 ],
					"upshot_automator::autobp[93]::bar" : [ 1.0 ],
					"upshot_automator::autobp[93]::beat" : [ 0.0 ],
					"upshot_automator::autobp[93]::counter" : [ 1.0 ],
					"upshot_automator::autobp[93]::counter_incomingval" : [ 0.0 ],
					"upshot_automator::autobp[93]::counterbang" : [ 0.0 ],
					"upshot_automator::autobp[93]::counterreset" : [ 0.0 ],
					"upshot_automator::autobp[93]::custom_value" : [ 0.0 ],
					"upshot_automator::autobp[93]::destination_value" : [ 127.0 ],
					"upshot_automator::autobp[93]::initial_value" : [ 0.0 ],
					"upshot_automator::autobp[93]::input" : [ 0 ],
					"upshot_automator::autobp[93]::output" : [ 0 ],
					"upshot_automator::autobp[93]::ramp_time" : [ 1000.0 ],
					"upshot_automator::autobp[93]::toggle" : [ 0.0 ],
					"upshot_automator::autobp[93]::transportreset" : [ 0.0 ],
					"upshot_automator::autobp[92]::bar" : [ 1.0 ],
					"upshot_automator::autobp[92]::beat" : [ 0.0 ],
					"upshot_automator::autobp[92]::counter" : [ 1.0 ],
					"upshot_automator::autobp[92]::counter_incomingval" : [ 0.0 ],
					"upshot_automator::autobp[92]::counterbang" : [ 0.0 ],
					"upshot_automator::autobp[92]::counterreset" : [ 0.0 ],
					"upshot_automator::autobp[92]::custom_value" : [ 0.0 ],
					"upshot_automator::autobp[92]::destination_value" : [ 127.0 ],
					"upshot_automator::autobp[92]::initial_value" : [ 0.0 ],
					"upshot_automator::autobp[92]::input" : [ 0 ],
					"upshot_automator::autobp[92]::output" : [ 0 ],
					"upshot_automator::autobp[92]::ramp_time" : [ 1000.0 ],
					"upshot_automator::autobp[92]::toggle" : [ 0.0 ],
					"upshot_automator::autobp[92]::transportreset" : [ 0.0 ],
					"upshot_automator::autobp[91]::bar" : [ 1.0 ],
					"upshot_automator::autobp[91]::beat" : [ 0.0 ],
					"upshot_automator::autobp[91]::counter" : [ 1.0 ],
					"upshot_automator::autobp[91]::counter_incomingval" : [ 0.0 ],
					"upshot_automator::autobp[91]::counterbang" : [ 0.0 ],
					"upshot_automator::autobp[91]::counterreset" : [ 0.0 ],
					"upshot_automator::autobp[91]::custom_value" : [ 0.0 ],
					"upshot_automator::autobp[91]::destination_value" : [ 127.0 ],
					"upshot_automator::autobp[91]::initial_value" : [ 0.0 ],
					"upshot_automator::autobp[91]::input" : [ 0 ],
					"upshot_automator::autobp[91]::output" : [ 0 ],
					"upshot_automator::autobp[91]::ramp_time" : [ 1000.0 ],
					"upshot_automator::autobp[91]::toggle" : [ 0.0 ],
					"upshot_automator::autobp[91]::transportreset" : [ 0.0 ],
					"upshot_automator::autobp[90]::bar" : [ 1.0 ],
					"upshot_automator::autobp[90]::beat" : [ 0.0 ],
					"upshot_automator::autobp[90]::counter" : [ 1.0 ],
					"upshot_automator::autobp[90]::counter_incomingval" : [ 0.0 ],
					"upshot_automator::autobp[90]::counterbang" : [ 0.0 ],
					"upshot_automator::autobp[90]::counterreset" : [ 0.0 ],
					"upshot_automator::autobp[90]::custom_value" : [ 0.0 ],
					"upshot_automator::autobp[90]::destination_value" : [ 127.0 ],
					"upshot_automator::autobp[90]::initial_value" : [ 0.0 ],
					"upshot_automator::autobp[90]::input" : [ 0 ],
					"upshot_automator::autobp[90]::output" : [ 0 ],
					"upshot_automator::autobp[90]::ramp_time" : [ 1000.0 ],
					"upshot_automator::autobp[90]::toggle" : [ 0.0 ],
					"upshot_automator::autobp[90]::transportreset" : [ 0.0 ],
					"upshot_automator::autobp[89]::bar" : [ 1.0 ],
					"upshot_automator::autobp[89]::beat" : [ 0.0 ],
					"upshot_automator::autobp[89]::counter" : [ 1.0 ],
					"upshot_automator::autobp[89]::counter_incomingval" : [ 0.0 ],
					"upshot_automator::autobp[89]::counterbang" : [ 0.0 ],
					"upshot_automator::autobp[89]::counterreset" : [ 0.0 ],
					"upshot_automator::autobp[89]::custom_value" : [ 0.0 ],
					"upshot_automator::autobp[89]::destination_value" : [ 127.0 ],
					"upshot_automator::autobp[89]::initial_value" : [ 0.0 ],
					"upshot_automator::autobp[89]::input" : [ 0 ],
					"upshot_automator::autobp[89]::output" : [ 0 ],
					"upshot_automator::autobp[89]::ramp_time" : [ 1000.0 ],
					"upshot_automator::autobp[89]::toggle" : [ 0.0 ],
					"upshot_automator::autobp[89]::transportreset" : [ 0.0 ],
					"upshot_automator::autobp[88]::bar" : [ 1.0 ],
					"upshot_automator::autobp[88]::beat" : [ 0.0 ],
					"upshot_automator::autobp[88]::counter" : [ 1.0 ],
					"upshot_automator::autobp[88]::counter_incomingval" : [ 0.0 ],
					"upshot_automator::autobp[88]::counterbang" : [ 0.0 ],
					"upshot_automator::autobp[88]::counterreset" : [ 0.0 ],
					"upshot_automator::autobp[88]::custom_value" : [ 0.0 ],
					"upshot_automator::autobp[88]::destination_value" : [ 127.0 ],
					"upshot_automator::autobp[88]::initial_value" : [ 0.0 ],
					"upshot_automator::autobp[88]::input" : [ 0 ],
					"upshot_automator::autobp[88]::output" : [ 0 ],
					"upshot_automator::autobp[88]::ramp_time" : [ 1000.0 ],
					"upshot_automator::autobp[88]::toggle" : [ 0.0 ],
					"upshot_automator::autobp[88]::transportreset" : [ 0.0 ],
					"upshot_automator::autobp[87]::bar" : [ 1.0 ],
					"upshot_automator::autobp[87]::beat" : [ 0.0 ],
					"upshot_automator::autobp[87]::counter" : [ 1.0 ],
					"upshot_automator::autobp[87]::counter_incomingval" : [ 0.0 ],
					"upshot_automator::autobp[87]::counterbang" : [ 0.0 ],
					"upshot_automator::autobp[87]::counterreset" : [ 0.0 ],
					"upshot_automator::autobp[87]::custom_value" : [ 0.0 ],
					"upshot_automator::autobp[87]::destination_value" : [ 127.0 ],
					"upshot_automator::autobp[87]::initial_value" : [ 0.0 ],
					"upshot_automator::autobp[87]::input" : [ 0 ],
					"upshot_automator::autobp[87]::output" : [ 0 ],
					"upshot_automator::autobp[87]::ramp_time" : [ 1000.0 ],
					"upshot_automator::autobp[87]::toggle" : [ 0.0 ],
					"upshot_automator::autobp[87]::transportreset" : [ 0.0 ],
					"upshot_automator::autobp[86]::bar" : [ 1.0 ],
					"upshot_automator::autobp[86]::beat" : [ 0.0 ],
					"upshot_automator::autobp[86]::counter" : [ 1.0 ],
					"upshot_automator::autobp[86]::counter_incomingval" : [ 0.0 ],
					"upshot_automator::autobp[86]::counterbang" : [ 0.0 ],
					"upshot_automator::autobp[86]::counterreset" : [ 0.0 ],
					"upshot_automator::autobp[86]::custom_value" : [ 0.0 ],
					"upshot_automator::autobp[86]::destination_value" : [ 127.0 ],
					"upshot_automator::autobp[86]::initial_value" : [ 0.0 ],
					"upshot_automator::autobp[86]::input" : [ 0 ],
					"upshot_automator::autobp[86]::output" : [ 0 ],
					"upshot_automator::autobp[86]::ramp_time" : [ 1000.0 ],
					"upshot_automator::autobp[86]::toggle" : [ 0.0 ],
					"upshot_automator::autobp[86]::transportreset" : [ 0.0 ],
					"upshot_automator::autobp[85]::bar" : [ 1.0 ],
					"upshot_automator::autobp[85]::beat" : [ 0.0 ],
					"upshot_automator::autobp[85]::counter" : [ 1.0 ],
					"upshot_automator::autobp[85]::counter_incomingval" : [ 0.0 ],
					"upshot_automator::autobp[85]::counterbang" : [ 0.0 ],
					"upshot_automator::autobp[85]::counterreset" : [ 0.0 ],
					"upshot_automator::autobp[85]::custom_value" : [ 0.0 ],
					"upshot_automator::autobp[85]::destination_value" : [ 127.0 ],
					"upshot_automator::autobp[85]::initial_value" : [ 0.0 ],
					"upshot_automator::autobp[85]::input" : [ 0 ],
					"upshot_automator::autobp[85]::output" : [ 0 ],
					"upshot_automator::autobp[85]::ramp_time" : [ 1000.0 ],
					"upshot_automator::autobp[85]::toggle" : [ 0.0 ],
					"upshot_automator::autobp[85]::transportreset" : [ 0.0 ],
					"upshot_automator::autobp[84]::bar" : [ 1.0 ],
					"upshot_automator::autobp[84]::beat" : [ 0.0 ],
					"upshot_automator::autobp[84]::counter" : [ 1.0 ],
					"upshot_automator::autobp[84]::counter_incomingval" : [ 0.0 ],
					"upshot_automator::autobp[84]::counterbang" : [ 0.0 ],
					"upshot_automator::autobp[84]::counterreset" : [ 0.0 ],
					"upshot_automator::autobp[84]::custom_value" : [ 0.0 ],
					"upshot_automator::autobp[84]::destination_value" : [ 127.0 ],
					"upshot_automator::autobp[84]::initial_value" : [ 0.0 ],
					"upshot_automator::autobp[84]::input" : [ 0 ],
					"upshot_automator::autobp[84]::output" : [ 0 ],
					"upshot_automator::autobp[84]::ramp_time" : [ 1000.0 ],
					"upshot_automator::autobp[84]::toggle" : [ 0.0 ],
					"upshot_automator::autobp[84]::transportreset" : [ 0.0 ],
					"upshot_automator::autobp[83]::bar" : [ 1.0 ],
					"upshot_automator::autobp[83]::beat" : [ 0.0 ],
					"upshot_automator::autobp[83]::counter" : [ 1.0 ],
					"upshot_automator::autobp[83]::counter_incomingval" : [ 0.0 ],
					"upshot_automator::autobp[83]::counterbang" : [ 0.0 ],
					"upshot_automator::autobp[83]::counterreset" : [ 0.0 ],
					"upshot_automator::autobp[83]::custom_value" : [ 0.0 ],
					"upshot_automator::autobp[83]::destination_value" : [ 127.0 ],
					"upshot_automator::autobp[83]::initial_value" : [ 0.0 ],
					"upshot_automator::autobp[83]::input" : [ 0 ],
					"upshot_automator::autobp[83]::output" : [ 0 ],
					"upshot_automator::autobp[83]::ramp_time" : [ 1000.0 ],
					"upshot_automator::autobp[83]::toggle" : [ 0.0 ],
					"upshot_automator::autobp[83]::transportreset" : [ 0.0 ],
					"upshot_automator::autobp[82]::bar" : [ 1.0 ],
					"upshot_automator::autobp[82]::beat" : [ 0.0 ],
					"upshot_automator::autobp[82]::counter" : [ 1.0 ],
					"upshot_automator::autobp[82]::counter_incomingval" : [ 0.0 ],
					"upshot_automator::autobp[82]::counterbang" : [ 0.0 ],
					"upshot_automator::autobp[82]::counterreset" : [ 0.0 ],
					"upshot_automator::autobp[82]::custom_value" : [ 0.0 ],
					"upshot_automator::autobp[82]::destination_value" : [ 127.0 ],
					"upshot_automator::autobp[82]::initial_value" : [ 0.0 ],
					"upshot_automator::autobp[82]::input" : [ 0 ],
					"upshot_automator::autobp[82]::output" : [ 0 ],
					"upshot_automator::autobp[82]::ramp_time" : [ 1000.0 ],
					"upshot_automator::autobp[82]::toggle" : [ 0.0 ],
					"upshot_automator::autobp[82]::transportreset" : [ 0.0 ],
					"upshot_automator::autobp[81]::bar" : [ 1.0 ],
					"upshot_automator::autobp[81]::beat" : [ 0.0 ],
					"upshot_automator::autobp[81]::counter" : [ 1.0 ],
					"upshot_automator::autobp[81]::counter_incomingval" : [ 0.0 ],
					"upshot_automator::autobp[81]::counterbang" : [ 0.0 ],
					"upshot_automator::autobp[81]::counterreset" : [ 0.0 ],
					"upshot_automator::autobp[81]::custom_value" : [ 0.0 ],
					"upshot_automator::autobp[81]::destination_value" : [ 127.0 ],
					"upshot_automator::autobp[81]::initial_value" : [ 0.0 ],
					"upshot_automator::autobp[81]::input" : [ 0 ],
					"upshot_automator::autobp[81]::output" : [ 0 ],
					"upshot_automator::autobp[81]::ramp_time" : [ 1000.0 ],
					"upshot_automator::autobp[81]::toggle" : [ 0.0 ],
					"upshot_automator::autobp[81]::transportreset" : [ 0.0 ],
					"upshot_automator::autobp[80]::bar" : [ 1.0 ],
					"upshot_automator::autobp[80]::beat" : [ 0.0 ],
					"upshot_automator::autobp[80]::counter" : [ 1.0 ],
					"upshot_automator::autobp[80]::counter_incomingval" : [ 0.0 ],
					"upshot_automator::autobp[80]::counterbang" : [ 0.0 ],
					"upshot_automator::autobp[80]::counterreset" : [ 0.0 ],
					"upshot_automator::autobp[80]::custom_value" : [ 0.0 ],
					"upshot_automator::autobp[80]::destination_value" : [ 127.0 ],
					"upshot_automator::autobp[80]::initial_value" : [ 0.0 ],
					"upshot_automator::autobp[80]::input" : [ 0 ],
					"upshot_automator::autobp[80]::output" : [ 0 ],
					"upshot_automator::autobp[80]::ramp_time" : [ 1000.0 ],
					"upshot_automator::autobp[80]::toggle" : [ 0.0 ],
					"upshot_automator::autobp[80]::transportreset" : [ 0.0 ],
					"upshot_automator::autobp[79]::bar" : [ 1.0 ],
					"upshot_automator::autobp[79]::beat" : [ 0.0 ],
					"upshot_automator::autobp[79]::counter" : [ 1.0 ],
					"upshot_automator::autobp[79]::counter_incomingval" : [ 0.0 ],
					"upshot_automator::autobp[79]::counterbang" : [ 0.0 ],
					"upshot_automator::autobp[79]::counterreset" : [ 0.0 ],
					"upshot_automator::autobp[79]::custom_value" : [ 0.0 ],
					"upshot_automator::autobp[79]::destination_value" : [ 127.0 ],
					"upshot_automator::autobp[79]::initial_value" : [ 0.0 ],
					"upshot_automator::autobp[79]::input" : [ 0 ],
					"upshot_automator::autobp[79]::output" : [ 0 ],
					"upshot_automator::autobp[79]::ramp_time" : [ 1000.0 ],
					"upshot_automator::autobp[79]::toggle" : [ 0.0 ],
					"upshot_automator::autobp[79]::transportreset" : [ 0.0 ],
					"upshot_automator::autobp[78]::bar" : [ 1.0 ],
					"upshot_automator::autobp[78]::beat" : [ 0.0 ],
					"upshot_automator::autobp[78]::counter" : [ 1.0 ],
					"upshot_automator::autobp[78]::counter_incomingval" : [ 0.0 ],
					"upshot_automator::autobp[78]::counterbang" : [ 0.0 ],
					"upshot_automator::autobp[78]::counterreset" : [ 0.0 ],
					"upshot_automator::autobp[78]::custom_value" : [ 0.0 ],
					"upshot_automator::autobp[78]::destination_value" : [ 127.0 ],
					"upshot_automator::autobp[78]::initial_value" : [ 0.0 ],
					"upshot_automator::autobp[78]::input" : [ 0 ],
					"upshot_automator::autobp[78]::output" : [ 0 ],
					"upshot_automator::autobp[78]::ramp_time" : [ 1000.0 ],
					"upshot_automator::autobp[78]::toggle" : [ 0.0 ],
					"upshot_automator::autobp[78]::transportreset" : [ 0.0 ],
					"upshot_automator::autobp[77]::bar" : [ 1.0 ],
					"upshot_automator::autobp[77]::beat" : [ 0.0 ],
					"upshot_automator::autobp[77]::counter" : [ 1.0 ],
					"upshot_automator::autobp[77]::counter_incomingval" : [ 0.0 ],
					"upshot_automator::autobp[77]::counterbang" : [ 0.0 ],
					"upshot_automator::autobp[77]::counterreset" : [ 0.0 ],
					"upshot_automator::autobp[77]::custom_value" : [ 0.0 ],
					"upshot_automator::autobp[77]::destination_value" : [ 127.0 ],
					"upshot_automator::autobp[77]::initial_value" : [ 0.0 ],
					"upshot_automator::autobp[77]::input" : [ 0 ],
					"upshot_automator::autobp[77]::output" : [ 0 ],
					"upshot_automator::autobp[77]::ramp_time" : [ 1000.0 ],
					"upshot_automator::autobp[77]::toggle" : [ 0.0 ],
					"upshot_automator::autobp[77]::transportreset" : [ 0.0 ],
					"upshot_automator::autobp[76]::bar" : [ 1.0 ],
					"upshot_automator::autobp[76]::beat" : [ 0.0 ],
					"upshot_automator::autobp[76]::counter" : [ 1.0 ],
					"upshot_automator::autobp[76]::counter_incomingval" : [ 0.0 ],
					"upshot_automator::autobp[76]::counterbang" : [ 0.0 ],
					"upshot_automator::autobp[76]::counterreset" : [ 0.0 ],
					"upshot_automator::autobp[76]::custom_value" : [ 0.0 ],
					"upshot_automator::autobp[76]::destination_value" : [ 127.0 ],
					"upshot_automator::autobp[76]::initial_value" : [ 0.0 ],
					"upshot_automator::autobp[76]::input" : [ 0 ],
					"upshot_automator::autobp[76]::output" : [ 0 ],
					"upshot_automator::autobp[76]::ramp_time" : [ 1000.0 ],
					"upshot_automator::autobp[76]::toggle" : [ 0.0 ],
					"upshot_automator::autobp[76]::transportreset" : [ 0.0 ],
					"upshot_automator::autobp[75]::bar" : [ 1.0 ],
					"upshot_automator::autobp[75]::beat" : [ 0.0 ],
					"upshot_automator::autobp[75]::counter" : [ 1.0 ],
					"upshot_automator::autobp[75]::counter_incomingval" : [ 0.0 ],
					"upshot_automator::autobp[75]::counterbang" : [ 0.0 ],
					"upshot_automator::autobp[75]::counterreset" : [ 0.0 ],
					"upshot_automator::autobp[75]::custom_value" : [ 0.0 ],
					"upshot_automator::autobp[75]::destination_value" : [ 127.0 ],
					"upshot_automator::autobp[75]::initial_value" : [ 0.0 ],
					"upshot_automator::autobp[75]::input" : [ 0 ],
					"upshot_automator::autobp[75]::output" : [ 0 ],
					"upshot_automator::autobp[75]::ramp_time" : [ 1000.0 ],
					"upshot_automator::autobp[75]::toggle" : [ 0.0 ],
					"upshot_automator::autobp[75]::transportreset" : [ 0.0 ],
					"upshot_automator::autobp[74]::bar" : [ 1.0 ],
					"upshot_automator::autobp[74]::beat" : [ 0.0 ],
					"upshot_automator::autobp[74]::counter" : [ 1.0 ],
					"upshot_automator::autobp[74]::counter_incomingval" : [ 0.0 ],
					"upshot_automator::autobp[74]::counterbang" : [ 0.0 ],
					"upshot_automator::autobp[74]::counterreset" : [ 0.0 ],
					"upshot_automator::autobp[74]::custom_value" : [ 0.0 ],
					"upshot_automator::autobp[74]::destination_value" : [ 127.0 ],
					"upshot_automator::autobp[74]::initial_value" : [ 0.0 ],
					"upshot_automator::autobp[74]::input" : [ 0 ],
					"upshot_automator::autobp[74]::output" : [ 0 ],
					"upshot_automator::autobp[74]::ramp_time" : [ 1000.0 ],
					"upshot_automator::autobp[74]::toggle" : [ 0.0 ],
					"upshot_automator::autobp[74]::transportreset" : [ 0.0 ],
					"upshot_automator::autobp[73]::bar" : [ 1.0 ],
					"upshot_automator::autobp[73]::beat" : [ 0.0 ],
					"upshot_automator::autobp[73]::counter" : [ 1.0 ],
					"upshot_automator::autobp[73]::counter_incomingval" : [ 0.0 ],
					"upshot_automator::autobp[73]::counterbang" : [ 0.0 ],
					"upshot_automator::autobp[73]::counterreset" : [ 0.0 ],
					"upshot_automator::autobp[73]::custom_value" : [ 0.0 ],
					"upshot_automator::autobp[73]::destination_value" : [ 127.0 ],
					"upshot_automator::autobp[73]::initial_value" : [ 0.0 ],
					"upshot_automator::autobp[73]::input" : [ 0 ],
					"upshot_automator::autobp[73]::output" : [ 0 ],
					"upshot_automator::autobp[73]::ramp_time" : [ 1000.0 ],
					"upshot_automator::autobp[73]::toggle" : [ 0.0 ],
					"upshot_automator::autobp[73]::transportreset" : [ 0.0 ],
					"upshot_automator::autobp[72]::bar" : [ 1.0 ],
					"upshot_automator::autobp[72]::beat" : [ 0.0 ],
					"upshot_automator::autobp[72]::counter" : [ 1.0 ],
					"upshot_automator::autobp[72]::counter_incomingval" : [ 0.0 ],
					"upshot_automator::autobp[72]::counterbang" : [ 0.0 ],
					"upshot_automator::autobp[72]::counterreset" : [ 0.0 ],
					"upshot_automator::autobp[72]::custom_value" : [ 0.0 ],
					"upshot_automator::autobp[72]::destination_value" : [ 127.0 ],
					"upshot_automator::autobp[72]::initial_value" : [ 0.0 ],
					"upshot_automator::autobp[72]::input" : [ 0 ],
					"upshot_automator::autobp[72]::output" : [ 0 ],
					"upshot_automator::autobp[72]::ramp_time" : [ 1000.0 ],
					"upshot_automator::autobp[72]::toggle" : [ 0.0 ],
					"upshot_automator::autobp[72]::transportreset" : [ 0.0 ],
					"upshot_automator::autobp[71]::bar" : [ 1.0 ],
					"upshot_automator::autobp[71]::beat" : [ 0.0 ],
					"upshot_automator::autobp[71]::counter" : [ 1.0 ],
					"upshot_automator::autobp[71]::counter_incomingval" : [ 0.0 ],
					"upshot_automator::autobp[71]::counterbang" : [ 0.0 ],
					"upshot_automator::autobp[71]::counterreset" : [ 0.0 ],
					"upshot_automator::autobp[71]::custom_value" : [ 0.0 ],
					"upshot_automator::autobp[71]::destination_value" : [ 127.0 ],
					"upshot_automator::autobp[71]::initial_value" : [ 0.0 ],
					"upshot_automator::autobp[71]::input" : [ 0 ],
					"upshot_automator::autobp[71]::output" : [ 0 ],
					"upshot_automator::autobp[71]::ramp_time" : [ 1000.0 ],
					"upshot_automator::autobp[71]::toggle" : [ 0.0 ],
					"upshot_automator::autobp[71]::transportreset" : [ 0.0 ],
					"upshot_automator::autobp[70]::bar" : [ 1.0 ],
					"upshot_automator::autobp[70]::beat" : [ 0.0 ],
					"upshot_automator::autobp[70]::counter" : [ 1.0 ],
					"upshot_automator::autobp[70]::counter_incomingval" : [ 0.0 ],
					"upshot_automator::autobp[70]::counterbang" : [ 0.0 ],
					"upshot_automator::autobp[70]::counterreset" : [ 0.0 ],
					"upshot_automator::autobp[70]::custom_value" : [ 0.0 ],
					"upshot_automator::autobp[70]::destination_value" : [ 127.0 ],
					"upshot_automator::autobp[70]::initial_value" : [ 0.0 ],
					"upshot_automator::autobp[70]::input" : [ 0 ],
					"upshot_automator::autobp[70]::output" : [ 0 ],
					"upshot_automator::autobp[70]::ramp_time" : [ 1000.0 ],
					"upshot_automator::autobp[70]::toggle" : [ 0.0 ],
					"upshot_automator::autobp[70]::transportreset" : [ 0.0 ],
					"upshot_automator::autobp[69]::bar" : [ 1.0 ],
					"upshot_automator::autobp[69]::beat" : [ 0.0 ],
					"upshot_automator::autobp[69]::counter" : [ 1.0 ],
					"upshot_automator::autobp[69]::counter_incomingval" : [ 0.0 ],
					"upshot_automator::autobp[69]::counterbang" : [ 0.0 ],
					"upshot_automator::autobp[69]::counterreset" : [ 0.0 ],
					"upshot_automator::autobp[69]::custom_value" : [ 0.0 ],
					"upshot_automator::autobp[69]::destination_value" : [ 127.0 ],
					"upshot_automator::autobp[69]::initial_value" : [ 0.0 ],
					"upshot_automator::autobp[69]::input" : [ 0 ],
					"upshot_automator::autobp[69]::output" : [ 0 ],
					"upshot_automator::autobp[69]::ramp_time" : [ 1000.0 ],
					"upshot_automator::autobp[69]::toggle" : [ 0.0 ],
					"upshot_automator::autobp[69]::transportreset" : [ 0.0 ],
					"upshot_automator::autobp[68]::bar" : [ 1.0 ],
					"upshot_automator::autobp[68]::beat" : [ 0.0 ],
					"upshot_automator::autobp[68]::counter" : [ 1.0 ],
					"upshot_automator::autobp[68]::counter_incomingval" : [ 0.0 ],
					"upshot_automator::autobp[68]::counterbang" : [ 0.0 ],
					"upshot_automator::autobp[68]::counterreset" : [ 0.0 ],
					"upshot_automator::autobp[68]::custom_value" : [ 0.0 ],
					"upshot_automator::autobp[68]::destination_value" : [ 127.0 ],
					"upshot_automator::autobp[68]::initial_value" : [ 0.0 ],
					"upshot_automator::autobp[68]::input" : [ 0 ],
					"upshot_automator::autobp[68]::output" : [ 0 ],
					"upshot_automator::autobp[68]::ramp_time" : [ 1000.0 ],
					"upshot_automator::autobp[68]::toggle" : [ 0.0 ],
					"upshot_automator::autobp[68]::transportreset" : [ 0.0 ],
					"upshot_automator::autobp[67]::bar" : [ 1.0 ],
					"upshot_automator::autobp[67]::beat" : [ 0.0 ],
					"upshot_automator::autobp[67]::counter" : [ 1.0 ],
					"upshot_automator::autobp[67]::counter_incomingval" : [ 0.0 ],
					"upshot_automator::autobp[67]::counterbang" : [ 0.0 ],
					"upshot_automator::autobp[67]::counterreset" : [ 0.0 ],
					"upshot_automator::autobp[67]::custom_value" : [ 0.0 ],
					"upshot_automator::autobp[67]::destination_value" : [ 127.0 ],
					"upshot_automator::autobp[67]::initial_value" : [ 0.0 ],
					"upshot_automator::autobp[67]::input" : [ 0 ],
					"upshot_automator::autobp[67]::output" : [ 0 ],
					"upshot_automator::autobp[67]::ramp_time" : [ 1000.0 ],
					"upshot_automator::autobp[67]::toggle" : [ 0.0 ],
					"upshot_automator::autobp[67]::transportreset" : [ 0.0 ],
					"upshot_automator::autobp[66]::bar" : [ 1.0 ],
					"upshot_automator::autobp[66]::beat" : [ 0.0 ],
					"upshot_automator::autobp[66]::counter" : [ 1.0 ],
					"upshot_automator::autobp[66]::counter_incomingval" : [ 0.0 ],
					"upshot_automator::autobp[66]::counterbang" : [ 0.0 ],
					"upshot_automator::autobp[66]::counterreset" : [ 0.0 ],
					"upshot_automator::autobp[66]::custom_value" : [ 0.0 ],
					"upshot_automator::autobp[66]::destination_value" : [ 127.0 ],
					"upshot_automator::autobp[66]::initial_value" : [ 0.0 ],
					"upshot_automator::autobp[66]::input" : [ 0 ],
					"upshot_automator::autobp[66]::output" : [ 0 ],
					"upshot_automator::autobp[66]::ramp_time" : [ 1000.0 ],
					"upshot_automator::autobp[66]::toggle" : [ 0.0 ],
					"upshot_automator::autobp[66]::transportreset" : [ 0.0 ],
					"upshot_automator::autobp[65]::bar" : [ 1.0 ],
					"upshot_automator::autobp[65]::beat" : [ 0.0 ],
					"upshot_automator::autobp[65]::counter" : [ 1.0 ],
					"upshot_automator::autobp[65]::counter_incomingval" : [ 0.0 ],
					"upshot_automator::autobp[65]::counterbang" : [ 0.0 ],
					"upshot_automator::autobp[65]::counterreset" : [ 0.0 ],
					"upshot_automator::autobp[65]::custom_value" : [ 0.0 ],
					"upshot_automator::autobp[65]::destination_value" : [ 127.0 ],
					"upshot_automator::autobp[65]::initial_value" : [ 0.0 ],
					"upshot_automator::autobp[65]::input" : [ 0 ],
					"upshot_automator::autobp[65]::output" : [ 0 ],
					"upshot_automator::autobp[65]::ramp_time" : [ 1000.0 ],
					"upshot_automator::autobp[65]::toggle" : [ 0.0 ],
					"upshot_automator::autobp[65]::transportreset" : [ 0.0 ],
					"upshot_automator::autobp[64]::bar" : [ 1.0 ],
					"upshot_automator::autobp[64]::beat" : [ 0.0 ],
					"upshot_automator::autobp[64]::counter" : [ 1.0 ],
					"upshot_automator::autobp[64]::counter_incomingval" : [ 0.0 ],
					"upshot_automator::autobp[64]::counterbang" : [ 0.0 ],
					"upshot_automator::autobp[64]::counterreset" : [ 0.0 ],
					"upshot_automator::autobp[64]::custom_value" : [ 0.0 ],
					"upshot_automator::autobp[64]::destination_value" : [ 127.0 ],
					"upshot_automator::autobp[64]::initial_value" : [ 0.0 ],
					"upshot_automator::autobp[64]::input" : [ 0 ],
					"upshot_automator::autobp[64]::output" : [ 0 ],
					"upshot_automator::autobp[64]::ramp_time" : [ 1000.0 ],
					"upshot_automator::autobp[64]::toggle" : [ 0.0 ],
					"upshot_automator::autobp[64]::transportreset" : [ 0.0 ],
					"upshot_automator::autobp[63]::bar" : [ 1.0 ],
					"upshot_automator::autobp[63]::beat" : [ 0.0 ],
					"upshot_automator::autobp[63]::counter" : [ 1.0 ],
					"upshot_automator::autobp[63]::counter_incomingval" : [ 0.0 ],
					"upshot_automator::autobp[63]::counterbang" : [ 0.0 ],
					"upshot_automator::autobp[63]::counterreset" : [ 0.0 ],
					"upshot_automator::autobp[63]::custom_value" : [ 0.0 ],
					"upshot_automator::autobp[63]::destination_value" : [ 127.0 ],
					"upshot_automator::autobp[63]::initial_value" : [ 0.0 ],
					"upshot_automator::autobp[63]::input" : [ 0 ],
					"upshot_automator::autobp[63]::output" : [ 0 ],
					"upshot_automator::autobp[63]::ramp_time" : [ 1000.0 ],
					"upshot_automator::autobp[63]::toggle" : [ 0.0 ],
					"upshot_automator::autobp[63]::transportreset" : [ 0.0 ],
					"upshot_automator::autobp[62]::bar" : [ 1.0 ],
					"upshot_automator::autobp[62]::beat" : [ 0.0 ],
					"upshot_automator::autobp[62]::counter" : [ 1.0 ],
					"upshot_automator::autobp[62]::counter_incomingval" : [ 0.0 ],
					"upshot_automator::autobp[62]::counterbang" : [ 0.0 ],
					"upshot_automator::autobp[62]::counterreset" : [ 0.0 ],
					"upshot_automator::autobp[62]::custom_value" : [ 0.0 ],
					"upshot_automator::autobp[62]::destination_value" : [ 127.0 ],
					"upshot_automator::autobp[62]::initial_value" : [ 0.0 ],
					"upshot_automator::autobp[62]::input" : [ 0 ],
					"upshot_automator::autobp[62]::output" : [ 0 ],
					"upshot_automator::autobp[62]::ramp_time" : [ 1000.0 ],
					"upshot_automator::autobp[62]::toggle" : [ 0.0 ],
					"upshot_automator::autobp[62]::transportreset" : [ 0.0 ],
					"upshot_automator::autobp[61]::bar" : [ 1.0 ],
					"upshot_automator::autobp[61]::beat" : [ 0.0 ],
					"upshot_automator::autobp[61]::counter" : [ 1.0 ],
					"upshot_automator::autobp[61]::counter_incomingval" : [ 0.0 ],
					"upshot_automator::autobp[61]::counterbang" : [ 0.0 ],
					"upshot_automator::autobp[61]::counterreset" : [ 0.0 ],
					"upshot_automator::autobp[61]::custom_value" : [ 0.0 ],
					"upshot_automator::autobp[61]::destination_value" : [ 127.0 ],
					"upshot_automator::autobp[61]::initial_value" : [ 0.0 ],
					"upshot_automator::autobp[61]::input" : [ 0 ],
					"upshot_automator::autobp[61]::output" : [ 0 ],
					"upshot_automator::autobp[61]::ramp_time" : [ 1000.0 ],
					"upshot_automator::autobp[61]::toggle" : [ 0.0 ],
					"upshot_automator::autobp[61]::transportreset" : [ 0.0 ],
					"upshot_automator::autobp[60]::bar" : [ 1.0 ],
					"upshot_automator::autobp[60]::beat" : [ 0.0 ],
					"upshot_automator::autobp[60]::counter" : [ 1.0 ],
					"upshot_automator::autobp[60]::counter_incomingval" : [ 0.0 ],
					"upshot_automator::autobp[60]::counterbang" : [ 0.0 ],
					"upshot_automator::autobp[60]::counterreset" : [ 0.0 ],
					"upshot_automator::autobp[60]::custom_value" : [ 0.0 ],
					"upshot_automator::autobp[60]::destination_value" : [ 127.0 ],
					"upshot_automator::autobp[60]::initial_value" : [ 0.0 ],
					"upshot_automator::autobp[60]::input" : [ 0 ],
					"upshot_automator::autobp[60]::output" : [ 0 ],
					"upshot_automator::autobp[60]::ramp_time" : [ 1000.0 ],
					"upshot_automator::autobp[60]::toggle" : [ 0.0 ],
					"upshot_automator::autobp[60]::transportreset" : [ 0.0 ],
					"upshot_automator::autobp[59]::bar" : [ 1.0 ],
					"upshot_automator::autobp[59]::beat" : [ 0.0 ],
					"upshot_automator::autobp[59]::counter" : [ 1.0 ],
					"upshot_automator::autobp[59]::counter_incomingval" : [ 0.0 ],
					"upshot_automator::autobp[59]::counterbang" : [ 0.0 ],
					"upshot_automator::autobp[59]::counterreset" : [ 0.0 ],
					"upshot_automator::autobp[59]::custom_value" : [ 0.0 ],
					"upshot_automator::autobp[59]::destination_value" : [ 127.0 ],
					"upshot_automator::autobp[59]::initial_value" : [ 0.0 ],
					"upshot_automator::autobp[59]::input" : [ 0 ],
					"upshot_automator::autobp[59]::output" : [ 0 ],
					"upshot_automator::autobp[59]::ramp_time" : [ 1000.0 ],
					"upshot_automator::autobp[59]::toggle" : [ 0.0 ],
					"upshot_automator::autobp[59]::transportreset" : [ 0.0 ],
					"upshot_automator::autobp[58]::bar" : [ 1.0 ],
					"upshot_automator::autobp[58]::beat" : [ 0.0 ],
					"upshot_automator::autobp[58]::counter" : [ 1.0 ],
					"upshot_automator::autobp[58]::counter_incomingval" : [ 0.0 ],
					"upshot_automator::autobp[58]::counterbang" : [ 0.0 ],
					"upshot_automator::autobp[58]::counterreset" : [ 0.0 ],
					"upshot_automator::autobp[58]::custom_value" : [ 0.0 ],
					"upshot_automator::autobp[58]::destination_value" : [ 127.0 ],
					"upshot_automator::autobp[58]::initial_value" : [ 0.0 ],
					"upshot_automator::autobp[58]::input" : [ 0 ],
					"upshot_automator::autobp[58]::output" : [ 0 ],
					"upshot_automator::autobp[58]::ramp_time" : [ 1000.0 ],
					"upshot_automator::autobp[58]::toggle" : [ 0.0 ],
					"upshot_automator::autobp[58]::transportreset" : [ 0.0 ],
					"upshot_automator::autobp[57]::bar" : [ 1.0 ],
					"upshot_automator::autobp[57]::beat" : [ 0.0 ],
					"upshot_automator::autobp[57]::counter" : [ 1.0 ],
					"upshot_automator::autobp[57]::counter_incomingval" : [ 0.0 ],
					"upshot_automator::autobp[57]::counterbang" : [ 0.0 ],
					"upshot_automator::autobp[57]::counterreset" : [ 0.0 ],
					"upshot_automator::autobp[57]::custom_value" : [ 0.0 ],
					"upshot_automator::autobp[57]::destination_value" : [ 127.0 ],
					"upshot_automator::autobp[57]::initial_value" : [ 0.0 ],
					"upshot_automator::autobp[57]::input" : [ 0 ],
					"upshot_automator::autobp[57]::output" : [ 0 ],
					"upshot_automator::autobp[57]::ramp_time" : [ 1000.0 ],
					"upshot_automator::autobp[57]::toggle" : [ 0.0 ],
					"upshot_automator::autobp[57]::transportreset" : [ 0.0 ],
					"upshot_automator::autobp[56]::bar" : [ 1.0 ],
					"upshot_automator::autobp[56]::beat" : [ 0.0 ],
					"upshot_automator::autobp[56]::counter" : [ 1.0 ],
					"upshot_automator::autobp[56]::counter_incomingval" : [ 0.0 ],
					"upshot_automator::autobp[56]::counterbang" : [ 0.0 ],
					"upshot_automator::autobp[56]::counterreset" : [ 0.0 ],
					"upshot_automator::autobp[56]::custom_value" : [ 0.0 ],
					"upshot_automator::autobp[56]::destination_value" : [ 127.0 ],
					"upshot_automator::autobp[56]::initial_value" : [ 0.0 ],
					"upshot_automator::autobp[56]::input" : [ 0 ],
					"upshot_automator::autobp[56]::output" : [ 0 ],
					"upshot_automator::autobp[56]::ramp_time" : [ 1000.0 ],
					"upshot_automator::autobp[56]::toggle" : [ 0.0 ],
					"upshot_automator::autobp[56]::transportreset" : [ 0.0 ],
					"upshot_automator::autobp[55]::bar" : [ 1.0 ],
					"upshot_automator::autobp[55]::beat" : [ 0.0 ],
					"upshot_automator::autobp[55]::counter" : [ 1.0 ],
					"upshot_automator::autobp[55]::counter_incomingval" : [ 0.0 ],
					"upshot_automator::autobp[55]::counterbang" : [ 0.0 ],
					"upshot_automator::autobp[55]::counterreset" : [ 0.0 ],
					"upshot_automator::autobp[55]::custom_value" : [ 0.0 ],
					"upshot_automator::autobp[55]::destination_value" : [ 127.0 ],
					"upshot_automator::autobp[55]::initial_value" : [ 0.0 ],
					"upshot_automator::autobp[55]::input" : [ 0 ],
					"upshot_automator::autobp[55]::output" : [ 0 ],
					"upshot_automator::autobp[55]::ramp_time" : [ 1000.0 ],
					"upshot_automator::autobp[55]::toggle" : [ 0.0 ],
					"upshot_automator::autobp[55]::transportreset" : [ 0.0 ],
					"upshot_automator::autobp[54]::bar" : [ 1.0 ],
					"upshot_automator::autobp[54]::beat" : [ 0.0 ],
					"upshot_automator::autobp[54]::counter" : [ 1.0 ],
					"upshot_automator::autobp[54]::counter_incomingval" : [ 0.0 ],
					"upshot_automator::autobp[54]::counterbang" : [ 0.0 ],
					"upshot_automator::autobp[54]::counterreset" : [ 0.0 ],
					"upshot_automator::autobp[54]::custom_value" : [ 0.0 ],
					"upshot_automator::autobp[54]::destination_value" : [ 127.0 ],
					"upshot_automator::autobp[54]::initial_value" : [ 0.0 ],
					"upshot_automator::autobp[54]::input" : [ 0 ],
					"upshot_automator::autobp[54]::output" : [ 0 ],
					"upshot_automator::autobp[54]::ramp_time" : [ 1000.0 ],
					"upshot_automator::autobp[54]::toggle" : [ 0.0 ],
					"upshot_automator::autobp[54]::transportreset" : [ 0.0 ],
					"upshot_automator::autobp[53]::bar" : [ 1.0 ],
					"upshot_automator::autobp[53]::beat" : [ 0.0 ],
					"upshot_automator::autobp[53]::counter" : [ 1.0 ],
					"upshot_automator::autobp[53]::counter_incomingval" : [ 0.0 ],
					"upshot_automator::autobp[53]::counterbang" : [ 0.0 ],
					"upshot_automator::autobp[53]::counterreset" : [ 0.0 ],
					"upshot_automator::autobp[53]::custom_value" : [ 0.0 ],
					"upshot_automator::autobp[53]::destination_value" : [ 127.0 ],
					"upshot_automator::autobp[53]::initial_value" : [ 0.0 ],
					"upshot_automator::autobp[53]::input" : [ 0 ],
					"upshot_automator::autobp[53]::output" : [ 0 ],
					"upshot_automator::autobp[53]::ramp_time" : [ 1000.0 ],
					"upshot_automator::autobp[53]::toggle" : [ 0.0 ],
					"upshot_automator::autobp[53]::transportreset" : [ 0.0 ],
					"upshot_automator::autobp[52]::bar" : [ 1.0 ],
					"upshot_automator::autobp[52]::beat" : [ 0.0 ],
					"upshot_automator::autobp[52]::counter" : [ 1.0 ],
					"upshot_automator::autobp[52]::counter_incomingval" : [ 0.0 ],
					"upshot_automator::autobp[52]::counterbang" : [ 0.0 ],
					"upshot_automator::autobp[52]::counterreset" : [ 0.0 ],
					"upshot_automator::autobp[52]::custom_value" : [ 0.0 ],
					"upshot_automator::autobp[52]::destination_value" : [ 127.0 ],
					"upshot_automator::autobp[52]::initial_value" : [ 0.0 ],
					"upshot_automator::autobp[52]::input" : [ 0 ],
					"upshot_automator::autobp[52]::output" : [ 0 ],
					"upshot_automator::autobp[52]::ramp_time" : [ 1000.0 ],
					"upshot_automator::autobp[52]::toggle" : [ 0.0 ],
					"upshot_automator::autobp[52]::transportreset" : [ 0.0 ],
					"upshot_automator::autobp[51]::bar" : [ 1.0 ],
					"upshot_automator::autobp[51]::beat" : [ 0.0 ],
					"upshot_automator::autobp[51]::counter" : [ 1.0 ],
					"upshot_automator::autobp[51]::counter_incomingval" : [ 0.0 ],
					"upshot_automator::autobp[51]::counterbang" : [ 0.0 ],
					"upshot_automator::autobp[51]::counterreset" : [ 0.0 ],
					"upshot_automator::autobp[51]::custom_value" : [ 0.0 ],
					"upshot_automator::autobp[51]::destination_value" : [ 127.0 ],
					"upshot_automator::autobp[51]::initial_value" : [ 0.0 ],
					"upshot_automator::autobp[51]::input" : [ 0 ],
					"upshot_automator::autobp[51]::output" : [ 0 ],
					"upshot_automator::autobp[51]::ramp_time" : [ 1000.0 ],
					"upshot_automator::autobp[51]::toggle" : [ 0.0 ],
					"upshot_automator::autobp[51]::transportreset" : [ 0.0 ],
					"upshot_automator::autobp[50]::bar" : [ 1.0 ],
					"upshot_automator::autobp[50]::beat" : [ 1.0 ],
					"upshot_automator::autobp[50]::counter" : [ 1.0 ],
					"upshot_automator::autobp[50]::counter_incomingval" : [ 0.0 ],
					"upshot_automator::autobp[50]::counterbang" : [ 0.0 ],
					"upshot_automator::autobp[50]::counterreset" : [ 0.0 ],
					"upshot_automator::autobp[50]::custom_value" : [ 0.0 ],
					"upshot_automator::autobp[50]::destination_value" : [ 127.0 ],
					"upshot_automator::autobp[50]::initial_value" : [ 0.0 ],
					"upshot_automator::autobp[50]::input" : [ 0 ],
					"upshot_automator::autobp[50]::output" : [ 0 ],
					"upshot_automator::autobp[50]::ramp_time" : [ 1000.0 ],
					"upshot_automator::autobp[50]::toggle" : [ 0.0 ],
					"upshot_automator::autobp[50]::transportreset" : [ 0.0 ],
					"upshot_transport::bars" : [ 8 ],
					"upshot_transport::beats" : [ 3 ],
					"upshot_transport::bpm" : [ 120.0 ],
					"upshot_transport::click-state" : [ 0.0 ],
					"upshot_transport::live.text" : [ 0.0 ],
					"upshot_transport::location" : [ 14640.0 ],
					"upshot_transport::pulse[1]" : [ 0.0 ],
					"upshot_transport::taptotempo" : [ 0.0 ],
					"upshot_transport::timesig-beats" : [ 4 ],
					"upshot_transport::timesig-unit" : [ "4" ],
					"upshot_transport::transport[1]" : [ 0.0 ],
					"upshot_transport::units" : [ 240.0 ],
					"upshot_transport::volume" : [ 0.0 ]
				}

			}

		}

	}

}
