{
	"pattrstorage" : 	{
		"name" : "upshot",
		"slots" : 		{
			"1" : 			{
				"id" : 1,
				"data" : 				{
					"upshot_lpcontrol::sliders1::sliders::slide::number" : [ 0 ],
					"upshot_lpcontrol::sliders1::sliders::slide[1]::number" : [ 6 ],
					"upshot_lpcontrol::sliders1::sliders::slide[2]::number" : [ 2 ],
					"upshot_lpcontrol::sliders1::sliders::slide[3]::number" : [ 6 ],
					"upshot_lpcontrol::sliders1::sliders::slide[4]::number" : [ 4 ],
					"upshot_lpcontrol::sliders1::sliders::slide[5]::number" : [ 5 ],
					"upshot_lpcontrol::sliders1::sliders::slide[6]::number" : [ 7 ],
					"upshot_lpcontrol::sliders1::sliders::slide[7]::number" : [ 3 ],
					"upshot_lpcontrol::sliders1::slider" : [ 127 ],
					"upshot_lpcontrol::sliders1::slider[1]" : [ 18 ],
					"upshot_lpcontrol::sliders1::slider[2]" : [ 90 ],
					"upshot_lpcontrol::sliders1::slider[3]" : [ 18 ],
					"upshot_lpcontrol::sliders1::slider[4]" : [ 54 ],
					"upshot_lpcontrol::sliders1::slider[5]" : [ 36 ],
					"upshot_lpcontrol::sliders1::slider[6]" : [ 0 ],
					"upshot_lpcontrol::sliders1::slider[7]" : [ 72 ],
					"upshot_lpcontrol::sliders2::sliders::slide::number" : [ 0 ],
					"upshot_lpcontrol::sliders2::sliders::slide[1]::number" : [ 1 ],
					"upshot_lpcontrol::sliders2::sliders::slide[2]::number" : [ 2 ],
					"upshot_lpcontrol::sliders2::sliders::slide[3]::number" : [ 3 ],
					"upshot_lpcontrol::sliders2::sliders::slide[4]::number" : [ 4 ],
					"upshot_lpcontrol::sliders2::sliders::slide[5]::number" : [ 5 ],
					"upshot_lpcontrol::sliders2::sliders::slide[6]::number" : [ 6 ],
					"upshot_lpcontrol::sliders2::sliders::slide[7]::number" : [ 7 ],
					"upshot_lpcontrol::sliders3::sliders::slide::number" : [ 7 ],
					"upshot_lpcontrol::sliders3::sliders::slide[1]::number" : [ 6 ],
					"upshot_lpcontrol::sliders3::sliders::slide[2]::number" : [ 5 ],
					"upshot_lpcontrol::sliders3::sliders::slide[3]::number" : [ 4 ],
					"upshot_lpcontrol::sliders3::sliders::slide[4]::number" : [ 3 ],
					"upshot_lpcontrol::sliders3::sliders::slide[5]::number" : [ 2 ],
					"upshot_lpcontrol::sliders3::sliders::slide[6]::number" : [ 1 ],
					"upshot_lpcontrol::sliders3::sliders::slide[7]::number" : [ 0 ],
					"upshot_lpcontrol::patcher::number" : [ 914 ],
					"upshot_lpcontrol::patcher::number[1]" : [ 4.0 ],
					"upshot_lpcontrol::patcher::number[2]" : [ 0.0 ],
					"upshot_lpcontrol::patcher::recallxyx000" : [ 0.0 ],
					"upshot_lpcontrol::patcher::recallxyy000" : [ 4.0 ],
					"upshot_lpcontrol::patcher[1]::number" : [ 100 ],
					"upshot_lpcontrol::patcher[1]::number[1]" : [ 0.0 ],
					"upshot_lpcontrol::patcher[1]::number[2]" : [ 5.0 ],
					"upshot_lpcontrol::patcher[1]::recallxyx000" : [ 5.0 ],
					"upshot_lpcontrol::patcher[1]::recallxyy000" : [ 0.0 ],
					"upshot_lpcontrol::matrixctrl[1]" : [ 0, 0, 1, 1, 6, 1, 2, 2, 1, 3, 6, 1, 4, 4, 1, 5, 5, 1, 6, 7, 1, 7, 3, 1 ],
					"upshot_lpcontrol::matrixctrl[2]" : [ 0, 0, 1, 1, 1, 1, 2, 2, 1, 3, 3, 1, 4, 4, 1, 5, 5, 1, 6, 6, 1, 7, 7, 1 ],
					"upshot_lpcontrol::matrixctrl[3]" : [ 0, 7, 1, 1, 6, 1, 2, 5, 1, 3, 4, 1, 4, 3, 1, 5, 2, 1, 6, 1, 1, 7, 0, 1 ],
					"upshot_lpcontrol::matrixctrl[4]" : [ 4, 0, 1, 4, 1, 1, 4, 2, 1, 4, 3, 1, 4, 4, 1, 4, 5, 1, 4, 6, 1, 4, 7, 1, 7, 5, 1, 7, 6, 1, 7, 7, 1 ],
					"upshot_lpcontrol::matrixctrl[5]" : [ 5, 0, 1, 5, 1, 1, 5, 2, 1, 5, 3, 1, 5, 4, 1, 5, 5, 1, 5, 6, 1, 5, 7, 1, 7, 0, 1, 7, 1, 1, 7, 2, 1 ],
					"upshot_lpcontrol::matrixctrl[6]" : [ 0, 4, 1, 7, 3, 1, 7, 4, 1, 7, 5, 1, 7, 6, 1, 7, 7, 1 ],
					"upshot_lpcontrol::matrixctrl[7]" : [ 5, 0, 1, 7, 0, 1, 7, 1, 1, 7, 2, 1, 7, 3, 1, 7, 4, 1, 7, 5, 1, 7, 6, 1, 7, 7, 1 ],
					"upshot_lpcontrol::matrixctrl[8]" : [ 0, 0, 0 ],
					"upshot_lpcontrol::number" : [ 250 ],
					"upshot_lpcontrol::number[1]" : [ 250 ],
					"upshot_lpcontrol::number[2]" : [ 250 ],
					"upshot_lpcontrol::pagenr" : [ 5.0 ],
					"upshot_lpcontrol::pagenumber" : [ 1 ],
					"upshot_lpcontrol::refresh" : [ 0.0 ],
					"upshot_lpcontrol::refresh[1]" : [ 0.0 ],
					"upshot_lpcontrol::root" : [ 24 ],
					"upshot_lpcontrol::scale" : [ 0 ],
					"upshot_lpcontrol::select-launchpadinout" : [ 3 ],
					"upshot_lpcontrol::select-midiout" : [ 2 ],
					"upshot_lpcontrol::slidetime" : [ 250.0 ],
					"upshot_lpcontrol::velocity" : [ 127 ]
				}

			}

		}

	}

}
