<?xml version="1.0" encoding="utf-8" standalone="yes"?>

<?xml-stylesheet href="./_c74_ref.xsl" type="text/xsl"?>

<c74object name="us.8x8matrix" module="upshot" kind="patcher">
	<digest>8x8 audio matrix</digest>
	<description>an 8x8 audio matrix</description>

	<!--METADATA-->
	<metadatalist>
		<metadata name="author">Benjamin Van Esser</metadata>
		<metadata name="tag">Upshot</metadata>
		<metadata name="tag">Routing</metadata>
		<metadata name="tag">8x8 matrix</metadata>
	</metadatalist>

	<!--MESSAGES-->
	<methodlist>
		<method name="signal">
			<digest>
			input signal
			</digest>
			<description>
			</description>
		</method>
		<method name="int">
			<digest>
			channel volume
			</digest>
			<description>
			</description>
		</method>
		<method name="bang">
			<digest>
			channel volume
			</digest>
			<description>
			</description>
		</method>
	</methodlist>

	<!--INLETS-->
	<misc name="Input">
		<entry name="inlets 1, 4, 7, 10, 13, 16, 19, 22">
			<description>
				audio signal (input)
			</description>
		</entry>
		<entry name="inlets 2, 5, 8, 11, 14, 17, 20, 23">
			<description>
			  set "audio from" (1-8)
			</description>
		</entry>
		<entry name="inlets 3, 6, 9, 12, 15, 18, 21, 24">
			<description>
			  set "audio to" (1-8)
			</description>
		</entry>
	</misc>

	<!--OUTLETS-->
	<misc name="Output">
		<entry name="outlets 1-8">
			<description>
				audio signal (output: 1-8)
			</description>
		</entry>
	</misc>

	<!--SEEALSO-->
		<seealsolist>
			matrix
		</seealsolist>

</c74object>
