<?xml version="1.0" encoding="utf-8" standalone="yes"?>

<?xml-stylesheet href="./_c74_ref.xsl" type="text/xsl"?>

<c74object name="us.fauxstereo" module="upshot" kind="patcher">
	<digest>fake stereo output from mono input</digest>
	<description>us.fauxstereo turns a mono audio input into a fake stereo output by doubling the signal and delaying one of them.</description>

	<!--METADATA-->
	<metadatalist>
		<metadata name="author">Benjamin Van Esser</metadata>
		<metadata name="tag">Upshot</metadata>
		<metadata name="tag">Audio effect</metadata>
		<metadata name="tag">Faux stereo</metadata>
	</metadatalist>

	<!--MESSAGES-->
	<methodlist>
		<method name="signal">
			<arglist />
			<digest>
				Audio input
			</digest>
			<description>
			</description>
		</method>
		<method name="int">
			<digest>
			Function depends on inlet
			</digest>
			<description>
			</description>
		</method>
		<method name="float">
			<digest>
			Function depends on inlet
			</digest>
			<description>
			</description>
		</method>
	</methodlist>

	<!--INLETS-->
	<misc name="Input">
		<entry name="inlet 1">
			<description>
				Audio signal
			</description>
		</entry>
		<entry name="inlet 2">
			<description>
				width (0-127)
			</description>
		</entry>
	</misc>

	<!--OUTLETS-->
	<misc name="Output">
		<entry name="outlet 1">
			<description>
				Audio signal (L)
			</description>
		</entry>
		<entry name="outlet 2">
			<description>
				Audio signal (R)
			</description>
		</entry>
	</misc>

	<!--SEEALSO-->
		<seealsolist>
			<seealso name="tapin~"/>
			<seealso name="tapout~"/>
		</seealsolist>

</c74object>
