<?xml version="1.0" encoding="utf-8" standalone="yes"?>

<?xml-stylesheet href="./_c74_ref.xsl" type="text/xsl"?>

<c74object name="us.phaselooper" module="upshot" kind="patcher">
	<digest>Phaselooper audio effect</digest>
	<description>us.phaselooper reaches back to Steve Reich's first tape pieces, such as 'It's Gonna Rain' and 'Come Out'. Record a sound, loop it and shift one channel slightly ahead of the other to evoke the same effect as these minimalist masterpieces.</description>

	<!--METADATA-->
	<metadatalist>
		<metadata name="author">Benjamin Van Esser</metadata>
		<metadata name="tag">Upshot</metadata>
		<metadata name="tag">Audio effect</metadata>
		<metadata name="tag">Phaselooper</metadata>
	</metadatalist>

	<!--MESSAGES-->
	<methodlist>
		<method name="signal">
			<arglist />
			<digest>
				Audio input
			</digest>
			<description>
			</description>
		</method>
		<method name="int">
			<digest>
			Function depends on inlet
			</digest>
			<description>
			</description>
		</method>
		<method name="float">
			<digest>
			Function depends on inlet
			</digest>
			<description>
			</description>
		</method>
	</methodlist>

	<!--INLETS-->
	<misc name="Input">
		<entry name="inlet 1">
			<description>
				Audio signal (L)
			</description>
		</entry>
		<entry name="inlet 2">
			<description>
				Audio signal (R)
			</description>
		</entry>
		<entry name="inlet 3">
			<description>
				state (0, 1; recording is automatically followed by playback)
			</description>
		</entry>
		<entry name="inlet 4">
			<description>
				sync (bang)
			</description>
		</entry>
		<entry name="inlet 5">
			<description>
				buffer size (0-127 = 20ms-5000ms)
			</description>
		</entry>
		<entry name="inlet 6">
			<description>
				shift factor (0-127)
			</description>
		</entry>
		<entry name="inlet 7">
			<description>
				output volume (0-127)
			</description>
		</entry>
	</misc>

	<!--OUTLETS-->
	<misc name="Output">
		<entry name="outlet 1">
			<description>
				Audio signal (L)
			</description>
		</entry>
		<entry name="outlet 2">
			<description>
				Audio signal (R)
			</description>
		</entry>
	</misc>

	<!--SEEALSO-->
		<seealsolist>
			<seealso name="buffer~"/>
			<seealso name="record~"/>
			<seealso name="groove~"/>
		</seealsolist>

</c74object>
