<?xml version="1.0" encoding="utf-8" standalone="yes"?>

<?xml-stylesheet href="./_c74_ref.xsl" type="text/xsl"?>

<c74object name="us.polysynth" module="upshot" kind="patcher">
	<digest>Polyphonic synth</digest>
	<description>a simple polyphonic FM synth</description>

	<!--METADATA-->
	<metadatalist>
		<metadata name="author">Benjamin Van Esser</metadata>
		<metadata name="tag">Upshot</metadata>
		<metadata name="tag">Instrument</metadata>
		<metadata name="tag">Polysynth</metadata>
	</metadatalist>

	<!--MESSAGES-->
	<methodlist>
		<method name="int">
			<digest>
			Function depends on inlet
			</digest>
			<description>
			</description>
		</method>
		<method name="float">
			<digest>
			Function depends on inlet
			</digest>
			<description>
			</description>
		</method>
		<method name="list">
			<digest>
			Function depends on inlet
			</digest>
			<description>
			</description>
		</method>
	</methodlist>

	<!--INLETS-->
	<misc name="Input">
		<entry name="inlet 1">
			<description>
				note input (pitch, velocity)
			</description>
		</entry>
		<entry name="inlet 2">
			<description>
			  carrier-attack (0-127)
			</description>
		</entry>
		<entry name="inlet 3">
			<description>
				carrier-decay (0-127)
			</description>
		</entry>
		<entry name="inlet 4">
			<description>
				carrier-sustain (0-127)
			</description>
		</entry>
		<entry name="inlet 5">
			<description>
				carrier-release (0-127)
			</description>
		</entry>
		<entry name="inlet 6">
			<description>
				modulator-ratio (0-127)
			</description>
		</entry>
		<entry name="inlet 7">
			<description>
				modulator-brightness (0-127)
			</description>
		</entry>
		<entry name="inlet 8">
			<description>
				modulator-attack (0-127)
			</description>
		</entry>
		<entry name="inlet 9">
			<description>
				modulator-decay (0-127)
			</description>
		</entry>
		<entry name="inlet 10">
			<description>
				modulator-sustain (0-127)
			</description>
		</entry>
		<entry name="inlet 11">
			<description>
				modulator-release (0-127)
			</description>
		</entry>
		<entry name="inlet 12">
			<description>
				oscillator (0-127)
			</description>
		</entry>
		<entry name="inlet 13">
			<description>
				volume (0-127)
			</description>
		</entry>
	</misc>

	<!--OUTLETS-->
	<misc name="Output">
		<entry name="outlet 1">
			<description>
			Audio signal (L)
			</description>
			</entry>
			<entry name="outlet 2">
				<description>
				Audio signal (R)
				</description>
				</entry>
	</misc>


	<!--SEEALSO-->
		<seealsolist>
			<seealso name="cycle~"/>
			<seealso name="saw~"/>
			<seealso name="rect~"/>
			<seealso name="triangle~"/>
			<seealso name="poly"/>
			<seealso name="poly~"/>
		</seealsolist>

</c74object>
