<?xml version="1.0" encoding="utf-8" standalone="yes"?>

<?xml-stylesheet href="./_c74_ref.xsl" type="text/xsl"?>

<c74object name="us.samplerack" module="upshot" kind="patcher">
	<digest>Sample Rack</digest>
	<description>a velocity sensitive Ableton Live styled drum rack. Load samples by dragging them to the numbered tiles. To delete, select a tile and hit Backspace. Takes .wav, .aif and .mp3</description>

	<!--METADATA-->
	<metadatalist>
		<metadata name="author">Benjamin Van Esser</metadata>
		<metadata name="tag">Upshot</metadata>
		<metadata name="tag">Instrument</metadata>
		<metadata name="tag">Samplerack</metadata>
	</metadatalist>

	<!--MESSAGES-->
	<methodlist>
		<method name="int">
			<digest>
			Function depends on inlet
			</digest>
			<description>
			</description>
		</method>
		<method name="float">
			<digest>
			Function depends on inlet
			</digest>
			<description>
			</description>
		</method>
		<method name="bang">
			<digest>
			Function depends on inlet
			</digest>
			<description>
			</description>
		</method>
	</methodlist>

	<!--INLETS-->
	<misc name="Input">
		<entry name="inlet 1">
			<description>
				note (pitch, velocity)
			</description>
		</entry>
		<entry name="inlet 2">
			<description>
			  volume (0-127)
			</description>
		</entry>
	</misc>

	<!--OUTLETS-->
	<misc name="Output">
		<entry name="outlet 1">
			<description>
				signal output (L)
			</description>
		</entry>
		<entry name="outlet 2">
			<description>
			  signal output (R)
			</description>
		</entry>
	</misc>


	<!--SEEALSO-->
		<seealsolist>
			<seealso name="play~"/>
			<seealso name="poly~"/>
			<seealso name="kslider"/>
		</seealsolist>

</c74object>
