<?xml version="1.0" encoding="utf-8" standalone="yes"?>

<?xml-stylesheet href="./_c74_ref.xsl" type="text/xsl"?>

<c74object name="us.orbitalsequencer" module="upshot" kind="patcher">
	<digest>a euclidean sequencer</digest>
	<description>us.orbitalsequencer is a euclidean sequencer</description>

	<!--METADATA-->
	<metadatalist>
		<metadata name="author">Benjamin Van Esser</metadata>
		<metadata name="tag">Upshot</metadata>
		<metadata name="tag">Sequencer</metadata>
		<metadata name="tag">Orbital Sequencer</metadata>
	</metadatalist>

	<!--MESSAGES-->
	<methodlist>
		<method name="int">
			<digest>
			Function depends on inlet
			</digest>
			<description>
			</description>
		</method>
		<method name="float">
			<digest>
			Function depends on inlet
			</digest>
			<description>
			</description>
		</method>
		<method name="bang">
			<digest>
			Function depends on inlet
			</digest>
			<description>
			</description>
		</method>
	</methodlist>

	<!--INLETS-->
	<misc name="Input">
		<entry name="inlet 1">
			<description>
				state (0, 1)
			</description>
		</entry>
		<entry name="inlet 2">
			<description>
				output state orbit 1 (0, 1)
			</description>
		</entry>
		<entry name="inlet 3">
			<description>
			  output state orbit 2 (0, 1)
			</description>
		</entry>
		<entry name="inlet 4">
			<description>
				output state orbit 3 (0, 1)
			</description>
		</entry>
		<entry name="inlet 5">
			<description>
				output state orbit 4 (0, 1)
			</description>
		</entry>
		<entry name="inlet 6">
			<description>
				output state orbit 5 (0, 1)
			</description>
		</entry>
		<entry name="inlet 7">
			<description>
				output state orbit 6 (0, 1)
			</description>
		</entry>
		<entry name="inlet 8">
			<description>
				output state orbit 7 (0, 1)
			</description>
		</entry>
		<entry name="inlet 9">
			<description>
				output state orbit 8 (0, 1)
			</description>
		</entry>
		<entry name="inlet 10">
			<description>
				scanner mode (0-127)
			</description>
		</entry>
		<entry name="inlet 11">
			<description>
				revolution period (0-127)
			</description>
		</entry>
	</misc>

	<!--OUTLETS-->
	<misc name="Output">
		<entry name="outlet 1">
			<description>
			note output (pitch, velocity)
		</description>
	</entry>
	    <entry name="outlet 2">
		    <description>
		    bang orbit 1
	    </description>
    </entry>
    <entry name="outlet 3">
			<description>
			bang orbit 2
		</description>
	</entry>
	<entry name="outlet 4">
			<description>
			bang orbit 3
		</description>
	</entry>
	<entry name="outlet 5">
			<description>
			bang orbit 4
		</description>
	</entry>
	<entry name="outlet 6">
			<description>
			bang orbit 5
		</description>
	</entry>
	<entry name="outlet 7">
			<description>
			bang orbit 6
		</description>
	</entry>
	<entry name="outlet 8">
			<description>
			bang orbit 7
		</description>
	</entry>
	<entry name="outlet 9">
			<description>
			bang orbit 8
		</description>
	</entry>
	</misc>


	<!--SEEALSO-->
		<seealsolist>
			<seealso name="live.step"/>
		</seealsolist>

</c74object>
