<?xml version="1.0" encoding="utf-8" standalone="yes"?>

<?xml-stylesheet href="./_c74_ref.xsl" type="text/xsl"?>

<c74object name="us.glitch" module="upshot" kind="patcher">
	<digest>Glitch noise audio effect</digest>
	<description>a stereo glitch noise generator, based on groove~, degrade~ and stutter~ objects</description>

	<!--METADATA-->
	<metadatalist>
		<metadata name="author">Benjamin Van Esser</metadata>
		<metadata name="tag">Upshot</metadata>
		<metadata name="tag">Audio effect</metadata>
		<metadata name="tag">Glitch</metadata>
	</metadatalist>

	<!--MESSAGES-->
	<methodlist>
		<method name="signal">
			<arglist />
			<digest>
				Audio input
			</digest>
			<description>
			</description>
		</method>
		<method name="int">
			<digest>
			Function depends on inlet
			</digest>
			<description>
			</description>
		</method>
		<method name="float">
			<digest>
			Function depends on inlet
			</digest>
			<description>
			</description>
		</method>
		<method name="bang">
			<digest>
			Function depends on inlet
			</digest>
			<description>
			</description>
		</method>
	</methodlist>

	<!--INLETS-->
	<misc name="Input">
		<entry name="inlet 1">
			<description>
				Audio signal (L)
			</description>
		</entry>
		<entry name="inlet 2">
			<description>
				Audio signal (R)
			</description>
		</entry>
		<entry name="inlet 3">
			<description>
				state (0, 1)
			</description>
		</entry>
		<entry name="inlet 4">
			<description>
				refresh buffer (0, 1)
			</description>
		</entry>
		<entry name="inlet 5">
			<description>
				refresh glitch pattern (bang)
			</description>
		</entry>
		<entry name="inlet 6">
			<description>
				randomize glitch selection (0, 1)
			</description>
		</entry>
		<entry name="inlet 7">
			<description>
				reset glitch selection (bang)
			</description>
		</entry>
		<entry name="inlet 8">
			<description>
				reset glitch parameters (bang)
			</description>
		</entry>
		<entry name="inlet 9">
			<description>
				randomize glitch pattern (0, 1)
			</description>
		</entry>
		<entry name="inlet 10">
			<description>
				output volume (0-127)
			</description>
		</entry>
	</misc>

	<!--OUTLETS-->
	<misc name="Output">
		<entry name="outlet 1">
			<description>
				Audio signal (L)
			</description>
		</entry>
		<entry name="outlet 2">
			<description>
				Audio signal (R)
			</description>
		</entry>
	</misc>

	<!--SEEALSO-->
		<seealsolist>
			<seealso name="groove~"/>
			<seealso name="degrade~"/>
			<seealso name="stutter~"/>
		</seealsolist>

</c74object>
