<?xml version="1.0" encoding="utf-8" standalone="yes"?>

<?xml-stylesheet href="./_c74_ref.xsl" type="text/xsl"?>

<c74object name="us.artefacts" module="upshot" kind="patcher">
	<digest>artefact sampler</digest>
	<description>Play back artefacts (pops, clicks, etc) based on buffer content. Smaller I/O vector sizes allow for shorter artefacts.</description>

	<!--METADATA-->
	<metadatalist>
		<metadata name="author">Benjamin Van Esser</metadata>
		<metadata name="tag">Upshot</metadata>
		<metadata name="tag">Instrument</metadata>
		<metadata name="tag">Artefacts</metadata>
	</metadatalist>

	<!--MESSAGES-->
	<methodlist>
		<method name="bang">
			<digest>
			Function depends on inlet
			</digest>
			<description>
			</description>
		</method>
		<method name="int">
			<digest>
			Function depends on inlet
			</digest>
			<description>
			</description>
		</method>
		<method name="float">
			<digest>
			Function depends on inlet
			</digest>
			<description>
			</description>
		</method>
	</methodlist>

	<!--INLETS-->
	<misc name="Input">
		<entry name="inlet 1">
			<description>
				Audio signal (L)
			</description>
		</entry>
		<entry name="inlet 2">
			<description>
			  Audio signal (R)
			</description>
		</entry>
		<entry name="inlet 3">
			<description>
				note input (pitch, velocity)
			</description>
		</entry>
		<entry name="inlet 4">
			<description>
				record (bang)
			</description>
		</entry>
		<entry name="inlet 5">
			<description>
				artefact duration (0-127 = 3ms-10ms)
			</description>
		</entry>
		<entry name="inlet 6">
			<description>
				range minimum (0-127)
			</description>
		</entry>
		<entry name="inlet 7">
			<description>
				range maximum (0-127)
			</description>
		</entry>
		<entry name="inlet 8">
			<description>
				reset range (bang)
			</description>
		</entry>
		<entry name="inlet 9">
			<description>
				output volume (0-127)
			</description>
		</entry>
	</misc>

	<!--OUTLETS-->
	<misc name="Output">
		<entry name="outlet 1">
			<description>
				Audio Signal (L)
			</description>
		</entry>
		<entry name="outlet 2">
			<description>
				Audio Signal (R)
			</description>
		</entry>
	</misc>


	<!--SEEALSO-->
		<seealsolist>
			<seealso name="groove~"/>
		</seealsolist>

</c74object>
