<?xml version="1.0" encoding="utf-8" standalone="yes"?>

<?xml-stylesheet href="./_c74_ref.xsl" type="text/xsl"?>

<c74object name="us.morse" module="upshot" kind="patcher">
	<digest>a sequencer based on morse code</digest>
	<description>us.morse is a morse code generator and sequencer. Text input can include lower case alphanumeric characters, [spaces], apostrophe and period</description>

	<!--METADATA-->
	<metadatalist>
		<metadata name="author">Benjamin Van Esser</metadata>
		<metadata name="tag">Upshot</metadata>
		<metadata name="tag">Sequencer</metadata>
		<metadata name="tag">Morse</metadata>
	</metadatalist>

	<!--MESSAGES-->
	<methodlist>
		<method name="int">
			<digest>
			Function depends on inlet
			</digest>
			<description>
			</description>
		</method>
		<method name="float">
			<digest>
			Function depends on inlet
			</digest>
			<description>
			</description>
		</method>
		<method name="bang">
			<digest>
			Function depends on inlet
			</digest>
			<description>
			</description>
			</method>
			<method name="message">
				<digest>
				1st inlet - set text message
				</digest>
				<description>
				</description>
		</method>
	</methodlist>

	<!--INLETS-->
	<misc name="Input">
		<entry name="inlet 1">
			<description>
				set text (message)
			</description>
		</entry>
		<entry name="inlet 2">
			<description>
			  start/stop sequence (0, 1)
			</description>
		</entry>
		<entry name="inlet 3">
			<description>
				loop sequence (0, 1)
			</description>
		</entry>
		<entry name="inlet 4">
			<description>
				sync to transport (0, 1)
			</description>
		</entry>
		<entry name="inlet 5">
			<description>
				dit value (0-127)
			</description>
		</entry>
		<entry name="inlet 6">
			<description>
				pitch (0-127)
			</description>
		</entry>
		<entry name="inlet 7">
			<description>
				velocity (0-127)
			</description>
		</entry>
		<entry name="inlet 8">
			<description>
				scale (0-13)
			</description>
		</entry>
		<entry name="inlet 9">
			<description>
				root (0-127)
			</description>
		</entry>
	</misc>
	<entry name="inlet 10">
		<description>
			randomize pitch (0, 1)
		</description>
	</entry>
	<entry name="inlet 11">
		<description>
			output volume (0-127)
		</description>
	</entry>

	<!--OUTLETS-->
	<misc name="Output">
		<entry name="outlet 1">
			<description>
			audio signal (L)
			</description>
		</entry>
		<entry name="outlet 2">
				<description>
				audio signal (R)
				</description>
		</entry>
		<entry name="outlet 3">
				<description>
				note output (pitch, velocity)
				</description>
		</entry>
<entry name="outlet 4">
		<description>
		rhythm (bang)
		</description>
</entry>
	</misc>


	<!--SEEALSO-->
		<seealsolist>
			<seealso name="coll"/>
			<seealso name="textedit"/>
			<seealso name="itoa"/>
			<seealso name="metro"/>
			<seealso name="counter"/>
		</seealsolist>

</c74object>
