<?xml version="1.0" encoding="utf-8" standalone="yes"?>

<?xml-stylesheet href="./_c74_ref.xsl" type="text/xsl"?>

<c74object name="us.musicaltyping" module="upshot" kind="patcher">
	<digest>use computer keyboard to make music</digest>
	<description>us.musicaltyping makes typing on your computer keyboard fun! Change the position of your cursor to change the attack and decay the synth, clicking changes the wavetype.</description>

	<!--METADATA-->
	<metadatalist>
		<metadata name="author">Benjamin Van Esser</metadata>
		<metadata name="tag">Upshot</metadata>
		<metadata name="tag">Misc</metadata>
		<metadata name="tag">Musical typing</metadata>
	</metadatalist>

	<!--MESSAGES-->
	<methodlist>
		<method name="bang">
			<arglist />
			<digest>
				Function depends on inlet
			</digest>
			<description>
			</description>
		</method>
		<method name="int">
			<digest>
			Function depends on inlet
			</digest>
			<description>
			</description>
		</method>
		<method name="float">
			<digest>
			Function depends on inlet
			</digest>
			<description>
			</description>
		</method>
	</methodlist>

	<!--INLETS-->
	<misc name="Input">
		<entry name="inlet 1">
			<description>
				state (0, 1)
			</description>
		</entry>
		<entry name="inlet 2">
			<description>
				highest note (0-127)
			</description>
		</entry>
		<entry name="inlet 3">
			<description>
				lowest note (0-127)
			</description>
		</entry>
		<entry name="inlet 4">
			<description>
				scale (0-13)
			</description>
		</entry>
		<entry name="inlet 5">
			<description>
				root (0-127)
			</description>
		</entry>
		<entry name="inlet 6">
			<description>
				output volume (0-127)
			</description>
		</entry>
	</misc>

	<!--OUTLETS-->
	<misc name="Output">
		<entry name="outlet 1">
			<description>
				Audio signal (L)
			</description>
		</entry>
		<entry name="outlet 2">
			<description>
				Audio signal (R)
			</description>
		</entry>
		<entry name="outlet 3">
			<description>
				note output (pitch, velocity)
			</description>
		</entry>
	</misc>

	<!--SEEALSO-->
		<seealsolist>
			<seealso name="poly~"/>
			<seealso name="makenote"/>
		</seealsolist>

</c74object>
