<?xml version="1.0" encoding="utf-8" standalone="yes"?>

<?xml-stylesheet href="./_c74_ref.xsl" type="text/xsl"?>

<c74object name="us.1bitprobability" module="upshot" kind="patcher">
	<digest>probability calculator</digest>
	<description>trigger us.1bitprobability to output a result of 0 or 1 in accordance with the probability factor for each outcome</description>

	<!--METADATA-->
	<metadatalist>
		<metadata name="author">Benjamin Van Esser</metadata>
		<metadata name="tag">Upshot</metadata>
		<metadata name="tag">MISC</metadata>
		<metadata name="tag">1bit probability</metadata>
	</metadatalist>

	<!--MESSAGES-->
	<methodlist>
		<method name="int">
			<digest>
			Function depends on inlet
			</digest>
			<description>
			</description>
		</method>
		<method name="float">
			<digest>
			Function depends on inlet
			</digest>
			<description>
			</description>
		</method>
		<method name="bang">
			<digest>
			Function depends on inlet
			</digest>
			<description>
			</description>
		</method>
	</methodlist>

	<!--INLETS-->
	<misc name="Input">
		<entry name="inlet 1">
			<description>
				trigger probability calculation (bang)
			</description>
		</entry>
		<entry name="inlet 2">
			<description>
			  probability for a result of 0 (0-127)
			</description>
		</entry>
		<entry name="inlet 3">
			<description>
				probability for a result of 1 (0-127)
			</description>
		</entry>
	</misc>

	<!--OUTLETS-->
	<misc name="Output">
		<entry name="outlet 1">
			<description>
				output (0, 1)
			</description>
		</entry>
	</misc>


	<!--SEEALSO-->
		<seealsolist>
			<seealso name="itable"/>
		</seealsolist>

</c74object>
