<?xml version="1.0" encoding="utf-8" standalone="yes"?>

<?xml-stylesheet href="./_c74_ref.xsl" type="text/xsl"?>

<c74object name="us.bursts" module="upshot" kind="patcher">
	<digest>number generator</digest>
	<description>us.bursts generates a stream of numbers, bursting from lower to higher values depending on the probability settings.</description>

	<!--METADATA-->
	<metadatalist>
		<metadata name="author">Benjamin Van Esser</metadata>
		<metadata name="tag">Upshot</metadata>
		<metadata name="tag">Generator</metadata>
		<metadata name="tag">Wavelope</metadata>
	</metadatalist>

	<!--MESSAGES-->
	<methodlist>
		<method name="int">
			<digest>
			Function depends on inlet
			</digest>
			<description>
			</description>
		</method>
		<method name="float">
			<digest>
			Function depends on inlet
			</digest>
			<description>
			</description>
		</method>
	</methodlist>

	<!--INLETS-->
	<misc name="Input">
		<entry name="inlet 1">
			<description>
				state (0, 1))
			</description>
		</entry>
		<entry name="inlet 2">
			<description>
			  burst probability (0-127)
			</description>
		</entry>
		<entry name="inlet 3">
			<description>
				smoothing (0-127)
			</description>
		</entry>
		<entry name="inlet 4">
			<description>
				floor (0-127)
			</description>
		</entry>
		<entry name="inlet 5">
			<description>
				ceiling (0-127)
			</description>
		</entry>
	</misc>

	<!--OUTLETS-->
	<misc name="Output">
		<entry name="outlet 1">
			<description>
			bursts output (0-127)
			</description>
			</entry>
	</misc>


	<!--SEEALSO-->
		<seealsolist>
			<seealso name="random"/>
			<seealso name="line"/>
		</seealsolist>

</c74object>
