<?xml version="1.0" encoding="utf-8" standalone="yes"?>

<?xml-stylesheet href="./_c74_ref.xsl" type="text/xsl"?>

<c74object name="us.density" module="upshot" kind="patcher">
	<digest>density calculation utility</digest>
	<description>use us.density to calculate the density of an incoming stream of bangs</description>

	<!--METADATA-->
	<metadatalist>
		<metadata name="author">Benjamin Van Esser</metadata>
		<metadata name="tag">Upshot</metadata>
		<metadata name="tag">TRACKING</metadata>
		<metadata name="tag">Density</metadata>
	</metadatalist>

	<!--MESSAGES-->
	<methodlist>
		<method name="int">
			<digest>
			Function depends on inlet
			</digest>
			<description>
			</description>
		</method>
		<method name="float">
			<digest>
			Function depends on inlet
			</digest>
			<description>
			</description>
		</method>
	</methodlist>

	<!--INLETS-->
	<misc name="Input">
		<entry name="inlet 1">
			<description>
				state (0, 1)
			</description>
		</entry>
		<entry name="inlet 2">
			<description>
			  input (bang)
			</description>
		</entry>
		<entry name="inlet 3">
			<description>
			  smooth (0-127)
			</description>
		</entry>
		<entry name="inlet 4">
			<description>
			  flip density trigger (0, 1)
			</description>
		</entry>
		<entry name="inlet 5">
			<description>
			  density trigger threshold (0-127)
			</description>
		</entry>
	</misc>

	<!--OUTLETS-->
	<misc name="Output">
		<entry name="outlet 1">
			<description>
				density output (0-127)
			</description>
		</entry>
	</misc>


	<!--SEEALSO-->
		<seealsolist>
			<seealso name="timer"/>
			<seealso name="scale"/>
			<seealso name="if"/>
		</seealsolist>

</c74object>
