<?xml version="1.0" encoding="utf-8" standalone="yes"?>

<?xml-stylesheet href="./_c74_ref.xsl" type="text/xsl"?>

<c74object name="us.varlooper" module="upshot" kind="patcher">
	<digest>Phaselooper audio effect</digest>
	<description>uus.varlooper loops up to 6 decaying voices simultaneously with a range of random variations (direction, pitch, speed, width, length).</description>

	<!--METADATA-->
	<metadatalist>
		<metadata name="author">Benjamin Van Esser</metadata>
		<metadata name="tag">Upshot</metadata>
		<metadata name="tag">Audio effect</metadata>
		<metadata name="tag">Varlooper</metadata>
	</metadatalist>

	<!--MESSAGES-->
	<methodlist>
		<method name="signal">
			<arglist />
			<digest>
				Audio input
			</digest>
			<description>
			</description>
		</method>
		<method name="int">
			<digest>
			Function depends on inlet
			</digest>
			<description>
			</description>
		</method>
		<method name="float">
			<digest>
			Function depends on inlet
			</digest>
			<description>
			</description>
		</method>
	</methodlist>

	<!--INLETS-->
	<misc name="Input">
		<entry name="inlet 1">
			<description>
				Audio signal (L)
			</description>
		</entry>
		<entry name="inlet 2">
			<description>
				Audio signal (R)
			</description>
		</entry>
		<entry name="inlet 3">
			<description>
				trigger (bang)
			</description>
		</entry>
		<entry name="inlet 4">
			<description>
				voices (0-127 = 1-6)
			</description>
		</entry>
		<entry name="inlet 5">
			<description>
				period (0-127 = normal/deviant/dynamic)
			</description>
		</entry>
		<entry name="inlet 6">
			<description>
				pitch mode (0-127 = 0-2)
			</description>
		</entry>
		<entry name="inlet 7">
			<description>
				width (0-127)
			</description>
		</entry>
		<entry name="inlet 8">
			<description>
				output volume (0-127)
			</description>
		</entry>
	</misc>

	<!--OUTLETS-->
	<misc name="Output">
		<entry name="outlet 1">
			<description>
				Audio signal (L)
			</description>
		</entry>
		<entry name="outlet 2">
			<description>
				Audio signal (R)
			</description>
		</entry>
	</misc>

	<!--SEEALSO-->
		<seealsolist>
			<seealso name="buffer~"/>
			<seealso name="record~"/>
			<seealso name="groove~"/>
		</seealsolist>

</c74object>
