<?xml version="1.0" encoding="utf-8" standalone="yes"?>

<?xml-stylesheet href="./_c74_ref.xsl" type="text/xsl"?>

<c74object name="us.touchoscaccelerometer" module="upshot" kind="patcher">
	<digest>TouchOSC Accelerometer utility</digest>
	<description>get x, y and z data from your mobile device's accelerometer using touchoscaccelerometer</description>

	<!--METADATA-->
	<metadatalist>
		<metadata name="author">Benjamin Van Esser</metadata>
		<metadata name="tag">Upshot</metadata>
		<metadata name="tag">MISC</metadata>
		<metadata name="tag">TouchOSC accelerometer</metadata>
	</metadatalist>

	<!--MESSAGES-->
	<methodlist>
		<method name="int">
			<digest>
			smoothing factor (0-127)
			</digest>
			<description>
			</description>
		</method>
	</methodlist>

	<!--MISC-->
	<misc name="Setup">
		<entry name="TouchOSC">
			<description>
				- make sure your computer and mobile device are connected to the same network
			<br/> - go to TouchOSC's Connection settings and enable OSC
			<br/> - fill out your computer's IP address in the 'Host' section and keep an eye on the outgoing Port
			<br/> - go to Layout/Options and enable Accelerometer (/accxyz)
		  <br/> - tap 'Done'
			</description>
		</entry>
		<entry name="us.touchoscaccelerometer">
			<description>
				give the incoming UDP port the same value as TouchOSC's outgoing Port (8000 = default)
			</description>
		</entry>
	</misc>

	<!--INLETS-->
	<misc name="Input">
		<entry name="inlet 1">
			<description>
				smoothing factor (0-127)
			</description>
		</entry>
	</misc>

	<!--OUTLETS-->
	<misc name="Output">
		<entry name="outlet 1">
			<description>
			  x-axis (roll) (0.-127.)
			</description>
		</entry>
		<entry name="outlet 2">
			<description>
			  y-axis (pitch) (0.-127.)
			</description>
		</entry>

		<entry name="outlet 2">
			<description>
			  z-axis (yaw) (0.-127.)
			</description>
		</entry>
	</misc>


	<!--SEEALSO-->
		<seealsolist>
			<seealso name="udpreceive"/>
		</seealsolist>

</c74object>
