<?xml version="1.0" encoding="utf-8" standalone="yes"?>

<?xml-stylesheet href="./_c74_ref.xsl" type="text/xsl"?>

<c74object name="us.pi" module="upshot" kind="patcher">
	<digest>a sequencer based on π</digest>
	<description>step through π's first 1000 decimals to generate notes</description>

	<!--METADATA-->
	<metadatalist>
		<metadata name="author">Benjamin Van Esser</metadata>
		<metadata name="tag">Upshot</metadata>
		<metadata name="tag">Sequencer</metadata>
		<metadata name="tag">Pi</metadata>
	</metadatalist>

	<!--MESSAGES-->
	<methodlist>
		<method name="int">
			<digest>
			Function depends on inlet
			</digest>
			<description>
			</description>
		</method>
		<method name="float">
			<digest>
			Function depends on inlet
			</digest>
			<description>
			</description>
		</method>
		<method name="bang">
			<digest>
			Function depends on inlet
			</digest>
			<description>
			</description>
		</method>
	</methodlist>

	<!--INLETS-->
	<misc name="Input">
		<entry name="inlets 1">
			<description>
				trigger next decimal (bang)
			</description>
		</entry>
		<entry name="inlet 2">
			<description>
				velocity (0-127)
			</description>
		</entry>
		<entry name="inlet 3">
			<description>
			  root (0-127)
			</description>
		</entry>
		<entry name="inlet 4">
			<description>
				scale (0-127)
			</description>
		</entry>
		<entry name="inlet 5">
			<description>
				octave spread (0-127)
			</description>
		</entry>
		<entry name="inlet 6">
			<description>
				flush hanging midi notes (bang)
			</description>
		</entry>
	</misc>

	<!--OUTLETS-->
	<misc name="Output">
		<entry name="outlet 1">
			<description>
			note output (pitch, velocity)
		</description>
	</entry>
	</misc>


	<!--SEEALSO-->
		<seealsolist>
			<seealso name="counter"/>
			<seealso name="zl"/>
		</seealsolist>

</c74object>
