<?xml version="1.0" encoding="utf-8" standalone="yes"?>

<?xml-stylesheet href="./_c74_ref.xsl" type="text/xsl"?>

<c74object name="us.divisions" module="upshot" kind="patcher">
	<digest>Euclidean sequencer</digest>
	<description>us.divisions is a euclidean sequencer. Divisions is slaved to Max's transport and can be configured to spit out up to 24 different kind of tuplets, which take place over an adjustable amount of beats. Hover cursor over inlets and outlets to reveal function and input/output.</description>

	<!--METADATA-->
	<metadatalist>
		<metadata name="author">Benjamin Van Esser</metadata>
		<metadata name="tag">Upshot</metadata>
		<metadata name="tag">Sequencer</metadata>
		<metadata name="tag">Divisions</metadata>
	</metadatalist>

	<!--MESSAGES-->
	<methodlist>
		<method name="int">
			<digest>
			Function depends on inlet
			</digest>
			<description>
			</description>
		</method>
		<method name="float">
			<digest>
			Function depends on inlet
			</digest>
			<description>
			</description>
		</method>
		<method name="bang">
			<digest>
			Function depends on inlet
			</digest>
			<description>
			</description>
		</method>
	</methodlist>

	<!--INLETS-->
	<misc name="Input">
		<entry name="inlet 1">
			<description>
				state (0, 1)
			</description>
		</entry>
		<entry name="inlet 2">
			<description>
			  pitch (0-127)
			</description>
		</entry>
		<entry name="inlet 3">
			<description>
				randomize pitch (0, 1)
			</description>
		</entry>
		<entry name="inlet 4">
			<description>
				velocity (0-127 = 1 24)
			</description>
		</entry>
		<entry name="inlet 5">
			<description>
				division (0-127 = 1 24)
			</description>
		</entry>
		<entry name="inlet 6">
			<description>
				beats (0-127 = 1-16)
			</description>
		</entry>
		<entry name="inlet 7">
			<description>
				randomize division (0, 1)
			</description>
		</entry>
	</misc>

	<!--OUTLETS-->
	<misc name="Output">
		<entry name="outlet 1">
			<description>
			note output (pitch, velocity)
		</description>
	</entry>
	</misc>


	<!--SEEALSO-->
		<seealsolist>
			<seealso name="coll"/>
		</seealsolist>

</c74object>
