<?xml version="1.0" encoding="utf-8" standalone="yes"?>

<?xml-stylesheet href="./_c74_ref.xsl" type="text/xsl"?>

<c74object name="us.transport" module="upshot" kind="patcher">
	<digest></digest>
	<description>us.transport is an adaptation of Max's global transport for optimizing compatibility with other Upshot patchers</description>

	<!--METADATA-->
	<metadatalist>
		<metadata name="author">Benjamin Van Esser</metadata>
		<metadata name="tag">Upshot</metadata>
		<metadata name="tag">MIDI</metadata>
		<metadata name="tag">Transport</metadata>
	</metadatalist>

	<!--MESSAGES-->
	<methodlist>
		<method name="int">
			<digest>
			Function depends on inlet
			</digest>
			<description>
			</description>
		</method>
		<method name="float">
			<digest>
			Function depends on inlet
			</digest>
			<description>
			</description>
		</method>
		<method name="bang">
			<digest>
			Function depends on inlet
			</digest>
			<description>
			</description>
		</method>
	</methodlist>

	<!--INLETS-->
	<misc name="Input">
		<entry name="inlet 1">
			<description>
				transport state (0, 1)
			</description>
		</entry>
		<entry name="inlet 2">
			<description>
			  bars (int)
			</description>
		</entry>
		<entry name="inlet 3">
			<description>
				beats (int)
			</description>
		</entry>
		<entry name="inlet 4">
			<description>
				tap to tempo (bang)
			</description>
		</entry>
		<entry name="inlet 5">
			<description>
				time signature: beats (0-127)
			</description>
		</entry>
		<entry name="inlet 6">
			<description>
				time signature: unit (0-4)
			</description>
		</entry>
		<entry name="inlet 7">
			<description>
				reset transport (bang)
			</description>
		</entry>
		<entry name="inlet 8">
			<description>
				click volume (0-127)
			</description>
		</entry>
	</misc>

	<!--OUTLETS-->
	<misc name="Output">
		<entry name="outlet 1">
			<description>
				transport state (0, 1)
			</description>
		</entry>
		<entry name="outlet 2">
			<description>
				list (bars, beats)
			</description>
		</entry>
		<entry name="outlet 3">
			<description>
				BPM (int)
			</description>
		</entry>
		<entry name="outlet 4">
			<description>
				time signature: list (beats, units)
			</description>
		</entry>
		<entry name="outlet 5">
			<description>
				pulse (bang)
			</description>
		</entry>
	</misc>


	<!--SEEALSO-->
		<seealsolist>
			<seealso name="transport"/>
		</seealsolist>

</c74object>
