<?xml version="1.0" encoding="utf-8" standalone="yes"?>

<?xml-stylesheet href="./_c74_ref.xsl" type="text/xsl"?>

<c74object name="us.output" module="upshot" kind="patcher">
	<digest>audio output</digest>
	<description>output audio (16 channels) and set output volume</description>

	<!--METADATA-->
	<metadatalist>
		<metadata name="author">Benjamin Van Esser</metadata>
		<metadata name="tag">Upshot</metadata>
		<metadata name="tag">Routing</metadata>
		<metadata name="tag">Output</metadata>
	</metadatalist>

	<!--MESSAGES-->
	<methodlist>
		<method name="signal">
			<digest>
			output signal
			</digest>
			<description>
			</description>
		</method>
		<method name="int">
			<digest>
			output volume
			</digest>
			<description>
			</description>
		</method>
	</methodlist>

	<!--INLETS-->
	<misc name="Input">
		<entry name="inlets 1-16">
			<description>
				signal input to output channels 1 to 16
			</description>
		</entry>
		<entry name="inlet 2">
			<description>
			  output volume (0-127)
			</description>
		</entry>
	</misc>


	<!--SEEALSO-->
		<seealsolist>
			<seealso name="dac~"/>
			<seealso name="ezdac~"/>
		</seealsolist>

</c74object>
