<?xml version="1.0" encoding="utf-8" standalone="yes"?>

<?xml-stylesheet href="./_c74_ref.xsl" type="text/xsl"?>

<c74object name="us.snake" module="upshot" kind="patcher">
	<digest>game of snake</digest>
	<description>play the game of snake and generate bangs, notes and x/y coördinates</description>

	<!--METADATA-->
	<metadatalist>
		<metadata name="author">Benjamin Van Esser</metadata>
		<metadata name="tag">Upshot</metadata>
		<metadata name="tag">Sequencer</metadata>
		<metadata name="tag">Snake</metadata>
	</metadatalist>

	<!--MESSAGES-->
	<methodlist>
		<method name="none">
			<digest>
			This abstraction has no inlets
			</digest>
			<description>
			</description>
		</method>
	</methodlist>


	<!--OUTLETS-->
	<misc name="Output">
		<entry name="outlet 1">
			<description>
				x-axis (0.-127.)
			</description>
		</entry>
		<entry name="outlet 2">
			<description>
				y-axis (0.-127.)
			</description>
		</entry>
		<entry name="outlet 3">
			<description>
				score (0-127), reach 100 points to win
			</description>
		</entry>
		<entry name="outlet 4">
			<description>
				food +1 (bang)
			</description>
		</entry>
		<entry name="outlet 5">
			<description>
				note output upon food change (0-127 -> depends on position in grid)
			</description>
		</entry>
	</misc>


	<!--SEEALSO-->
		<seealsolist>
			<seealso name="matrixctrl"/>
			<seealso name="coll"/>
			<seealso name="counter"/>
			<seealso name="line"/>
		</seealsolist>

</c74object>
