<?xml version="1.0" encoding="utf-8" standalone="yes"?>

<?xml-stylesheet href="./_c74_ref.xsl" type="text/xsl"?>

<c74object name="us.wavelope" module="upshot" kind="patcher">
	<digest>Wave shape based envelope generator</digest>
	<description>use us.wavelope to generate envelopes using wave shapes (signal driven)</description>

	<!--METADATA-->
	<metadatalist>
		<metadata name="author">Benjamin Van Esser</metadata>
		<metadata name="tag">Upshot</metadata>
		<metadata name="tag">Generator</metadata>
		<metadata name="tag">Wavelope</metadata>
	</metadatalist>

	<!--MESSAGES-->
	<methodlist>
		<method name="int">
			<digest>
			Function depends on inlet
			</digest>
			<description>
			</description>
		</method>
		<method name="float">
			<digest>
			Function depends on inlet
			</digest>
			<description>
			</description>
		</method>
	</methodlist>

	<!--INLETS-->
	<misc name="Input">
		<entry name="inlet 1">
			<description>
				select wave shape (0-127)
			</description>
		</entry>
		<entry name="inlet 2">
			<description>
			  state/speed - (0-127; 0=off)
			</description>
		</entry>
		<entry name="inlet 3">
			<description>
				output range - low value (0-127)
			</description>
		</entry>
		<entry name="inlet 4">
			<description>
				output range - high value (0-127)
			</description>
		</entry>
	</misc>

	<!--OUTLETS-->
	<misc name="Output">
		<entry name="outlet 1">
			<description>
			wavelope output (0-127)
			</description>
			</entry>
	</misc>


	<!--SEEALSO-->
		<seealsolist>
			<seealso name="cycle~"/>
			<seealso name="phasor~"/>
			<seealso name="rect~"/>
			<seealso name="triangle~"/>
			<seealso name="noise~"/>
		</seealsolist>

</c74object>
