<?xml version="1.0" encoding="utf-8" standalone="yes"?>

<?xml-stylesheet href="./_c74_ref.xsl" type="text/xsl"?>

<c74object name="us.pi" module="upshot" kind="patcher">
	<digest>a sequencer based on the Procession of Echternach</digest>
	<description>us.echternach is a sequencer which progresses like the ancient Procession of Echternach, in which participants take three steps forward, followed by two steps backward, etc. The Procession of Echternach is an annual Roman Catholic dancing procession held at Echternach, in eastern Luxembourg. It is the last traditional dancing procession in Europe. The procession is held every Whit Tuesday around the streets of the city of Echternach. It honours Willibrord, the patron saint of Luxembourg, who established the Abbey of Echternach. More information: (https://en.wikipedia.org/wiki/Dancing_procession_of_Echternach)</description>

	<!--METADATA-->
	<metadatalist>
		<metadata name="author">Benjamin Van Esser</metadata>
		<metadata name="tag">Upshot</metadata>
		<metadata name="tag">Sequencer</metadata>
		<metadata name="tag">Echternach</metadata>
	</metadatalist>

	<!--MESSAGES-->
	<methodlist>
		<method name="int">
			<digest>
			Function depends on inlet
			</digest>
			<description>
			</description>
		</method>
		<method name="float">
			<digest>
			Function depends on inlet
			</digest>
			<description>
			</description>
		</method>
		<method name="bang">
			<digest>
			Function depends on inlet
			</digest>
			<description>
			</description>
		</method>
	</methodlist>

	<!--INLETS-->
	<misc name="Input">
		<entry name="inlets 1">
			<description>
				state (0, 1)
			</description>
		</entry>
		<entry name="inlet 2">
			<description>
				reset (bang)
			</description>
		</entry>
		<entry name="inlet 3">
			<description>
			  number of steps (0-127 -> 2-16)
			</description>
		</entry>
		<entry name="inlet 4">
			<description>
				quantization on/off (0, 1)
			</description>
		</entry>
	</misc>

	<!--OUTLETS-->
	<misc name="Output">
		<entry name="outlet 1">
			<description>
			note output (pitch, velocity)
		</description>
	</entry>
	<entry name="outlet 2">
		<description>
		pulse (bang)
	</description>
</entry>
	</misc>


	<!--SEEALSO-->
		<seealsolist>
			<seealso name="counter"/>
			<seealso name="metro"/>
		</seealsolist>

</c74object>
