<?xml version="1.0" encoding="utf-8" standalone="yes"?>

<?xml-stylesheet href="./_c74_ref.xsl" type="text/xsl"?>

<c74object name="us.mapping" module="upshot" kind="patcher">
	<digest>MIDI mapping utility</digest>
	<description>use us.mapping to map MIDI controllers to objects in your patch and/or Upshot patchers. us.mapping uses Max 8's MIDI Map functionality. Press MIDI to map your MIDI controllers, press KEY to map your computer keyboard to objects. Advanced options, such as removing, saving and loading mappings can be found in the mapping window (click 'show mapping window').</description>

	<!--METADATA-->
	<metadatalist>
		<metadata name="author">Benjamin Van Esser</metadata>
		<metadata name="tag">Upshot</metadata>
		<metadata name="tag">MIDI</metadata>
		<metadata name="tag">Mapping</metadata>
	</metadatalist>

	<!--MESSAGES-->
	<methodlist>

	</methodlist>

	<!--INLETS-->

	<!--OUTLETS-->

	<!--SEEALSO-->
		<seealsolist>
		</seealsolist>

</c74object>
