<?xml version="1.0" encoding="utf-8" standalone="yes"?>

<?xml-stylesheet href="./_c74_ref.xsl" type="text/xsl"?>

<c74object name="us.stepsequencer" module="upshot" kind="patcher">
	<digest>a simple step sequencer</digest>
	<description>us.stepsequencer is a basic step sequencer, based on the live.step object.</description>

	<!--METADATA-->
	<metadatalist>
		<metadata name="author">Benjamin Van Esser</metadata>
		<metadata name="tag">Upshot</metadata>
		<metadata name="tag">Sequencer</metadata>
		<metadata name="tag">Step sequencer</metadata>
	</metadatalist>

	<!--MESSAGES-->
	<methodlist>
		<method name="int">
			<digest>
			Function depends on inlet
			</digest>
			<description>
			</description>
		</method>
		<method name="float">
			<digest>
			Function depends on inlet
			</digest>
			<description>
			</description>
		</method>
		<method name="bang">
			<digest>
			Function depends on inlet
			</digest>
			<description>
			</description>
		</method>
	</methodlist>

	<!--INLETS-->
	<misc name="Input">
		<entry name="inlet 1">
			<description>
				state (0, 1)
			</description>
		</entry>
		<entry name="inlet 2">
			<description>
				next step (bang)
			</description>
		</entry>
		<entry name="inlet 3">
			<description>
			  interval (0-20)
			</description>
		</entry>
		<entry name="inlet 4">
			<description>
				number of steps (1-64)
			</description>
		</entry>
		<entry name="inlet 5">
			<description>
				loop maximum (1-64)
			</description>
		</entry>
		<entry name="inlet 6">
			<description>
				loop maximum (1-64)
			</description>
		</entry>
	</misc>

	<!--OUTLETS-->
	<misc name="Output">
		<entry name="outlet 1">
			<description>
			note output (pitch, velocity)
		</description>
	</entry>
	<entry name="outlet 2">
		<description>
		note output (step (1-64)
	</description>
</entry>
	</misc>


	<!--SEEALSO-->
		<seealsolist>
			<seealso name="live.step"/>
		</seealsolist>

</c74object>
