<?xml version="1.0" encoding="utf-8" standalone="yes"?>

<?xml-stylesheet href="./_c74_ref.xsl" type="text/xsl"?>

<c74object name="us.nodes" module="upshot" kind="patcher">
	<digest>Nodes envelope generator</digest>
	<description>use us.nodes to generate envelopes (based on the nodes object)</description>

	<!--METADATA-->
	<metadatalist>
		<metadata name="author">Benjamin Van Esser</metadata>
		<metadata name="tag">Upshot</metadata>
		<metadata name="tag">Generator</metadata>
		<metadata name="tag">Nodes</metadata>
	</metadatalist>

	<!--MESSAGES-->
	<methodlist>
		<method name="int">
			<digest>
			Function depends on inlet
			</digest>
			<description>
			</description>
		</method>
		<method name="float">
			<digest>
			Function depends on inlet
			</digest>
			<description>
			</description>
		</method>
		<method name="bang">
			<digest>
			Function depends on inlet
			</digest>
			<description>
			</description>
		</method>
	</methodlist>

	<!--INLETS-->
	<misc name="Input">
		<entry name="inlet 1">
			<description>
				mode (0-2)
			</description>
		</entry>
		<entry name="inlet 2">
			<description>
			  reset slider to center position (bang)
			</description>
		</entry>
		<entry name="inlet 3">
			<description>
				slider x-position (0-127)
			</description>
		</entry>
		<entry name="inlet 4">
			<description>
				slider y-position (0-127)
			</description>
		</entry>
		<entry name="inlet 5">
			<description>
				random speed (0-127)
			</description>
		</entry>
		<entry name="inlet 6">
			<description>
				circle direction (0-2)
			</description>
		</entry>
		<entry name="inlet 7">
			<description>
				circle speed (0-127)
			</description>
		</entry>
		<entry name="inlet 8">
			<description>
				circle width (0-127)
			</description>
		</entry>
		<entry name="inlet 9">
			<description>
				number of nodes (0-127)
			</description>
		</entry>
		<entry name="inlet 10">
			<description>
				nodes size (0-127)
			</description>
		</entry>
	</misc>

	<!--OUTLETS-->
	<misc name="Output">
		<entry name="outlets 1 to 8">
			<description>
			int (0-127)
			</description>
			</entry>
			<entry name="outlet 9">
				<description>
				collision (bang; only occurs in random mode)
				</description>
				</entry>
	</misc>


	<!--SEEALSO-->
		<seealsolist>
			<seealso name="nodes"/>
		</seealsolist>

</c74object>
