<?xml version="1.0" encoding="utf-8" standalone="yes"?>

<?xml-stylesheet href="./_c74_ref.xsl" type="text/xsl"?>

<c74object name="us.slicer" module="upshot" kind="patcher">
	<digest>Polyphonic sample slicer</digest>
	<description>Slice buffer content into 128 slices and play them back using MIDI note messages (pitch, velocity). us.slicer is polyphonic (16 voices).</description>

	<!--METADATA-->
	<metadatalist>
		<metadata name="author">Benjamin Van Esser</metadata>
		<metadata name="tag">Upshot</metadata>
		<metadata name="tag">Instrument</metadata>
		<metadata name="tag">Slicer</metadata>
	</metadatalist>

	<!--MESSAGES-->
	<methodlist>
		<method name="int">
			<digest>
			Function depends on inlet
			</digest>
			<description>
			</description>
		</method>
		<method name="float">
			<digest>
			Function depends on inlet
			</digest>
			<description>
			</description>
		</method>
		<method name="bang">
			<digest>
			Function depends on inlet
			</digest>
			<description>
			</description>
		</method>
	</methodlist>

	<!--INLETS-->
	<misc name="Input">
		<entry name="inlet 1">
			<description>
				signal input (L)
			</description>
		</entry>
		<entry name="inlet 2">
			<description>
			  signal input (R)
			</description>
		</entry>
		<entry name="inlet 3">
			<description>
				note input (pitch, velocity)
			</description>
		</entry>
		<entry name="inlet 4">
			<description>
				record (bang)
			</description>
		</entry>
		<entry name="inlet 5">
			<description>
				buffer size (0-127 = 10 preset sizes)
			</description>
		</entry>
		<entry name="inlet 6">
			<description>
				slice duration (0-127 = 10ms-5000ms)
			</description>
		</entry>
		<entry name="inlet 7">
			<description>
				interpolation [adjust fade-in and fade-out time of slice] (0-127 = 10ms-100ms)
			</description>
		</entry>
		<entry name="inlet 8">
			<description>
				range minimum (0-127)
			</description>
		</entry>
		<entry name="inlet 9">
			<description>
				range maximum (0-127)
			</description>
		</entry>
		<entry name="inlet 10">
			<description>
				volume (0-127)
			</description>
		</entry>
	</misc>

	<!--OUTLETS-->
	<misc name="Output">
		<entry name="outlet 1">
			<description>
				signal output (L)
			</description>
		</entry>
		<entry name="outlet 2">
			<description>
			  signal output (R)
			</description>
		</entry>
	</misc>


	<!--SEEALSO-->
		<seealsolist>
			<seealso name="groove~"/>
			<seealso name="waveform~"/>
			<seealso name="kslider"/>
		</seealsolist>

</c74object>
