<?xml version="1.0" encoding="utf-8" standalone="yes"?>

<?xml-stylesheet href="./_c74_ref.xsl" type="text/xsl"?>

<c74object name="us.chordmorpher" module="upshot" kind="patcher">
	<digest>chord morphing instrument</digest>
	<description>morph from one chord to another in a specified time interval</description>

	<!--METADATA-->
	<metadatalist>
		<metadata name="author">Benjamin Van Esser</metadata>
		<metadata name="tag">Upshot</metadata>
		<metadata name="tag">Instrument</metadata>
		<metadata name="tag">Chord morpher</metadata>
	</metadatalist>

	<!--MESSAGES-->
	<methodlist>
		<method name="int">
			<digest>
			Function depends on inlet
			</digest>
			<description>
			</description>
		</method>
		<method name="float">
			<digest>
			Function depends on inlet
			</digest>
			<description>
			</description>
		</method>
		<method name="bang">
			<digest>
			Function depends on inlet
			</digest>
			<description>
			</description>
		</method>
	</methodlist>

	<!--INLETS-->
	<misc name="Input">
		<entry name="inlet 1">
			<description>
				note input (pitch, velocity)
			</description>
		</entry>
		<entry name="inlet 2">
			<description>
			  morph (bang)
			</description>
		</entry>
		<entry name="inlet 3">
			<description>
				oscillator (0-127)
			</description>
		</entry>
		<entry name="inlet 4">
			<description>
				minimum morph time (0.-127.)
			</description>
		</entry>
		<entry name="inlet 5">
			<description>
				morph spray (0.-127.)
			</description>
		</entry>
		<entry name="inlet 6">
			<description>
				flush (bang) - clear kslider
			</description>
		</entry>
		<entry name="inlet 7">
			<description>
				reset (bang) - stops output, flushes kslider
			</description>
		</entry>
		<entry name="inlet 8">
			<description>
				volume (0-127)
			</description>
		</entry>
	</misc>

	<!--OUTLETS-->
	<misc name="Output">
		<entry name="outlet 1">
			<description>
				signal output (L)
			</description>
		</entry>
		<entry name="outlet 2">
			<description>
			  signal output (R)
			</description>
		</entry>
	</misc>


	<!--SEEALSO-->
		<seealsolist>
			<seealso name="kslider"/>
			<seealso name="poly~"/>
		</seealsolist>

</c74object>
