<?xml version="1.0" encoding="utf-8" standalone="yes"?>

<?xml-stylesheet href="./_c74_ref.xsl" type="text/xsl"?>

<c74object name="us.dynamicstutter" module="upshot" kind="patcher">
	<digest>Dynamic stutter audio effect</digest>
	<description>a groove~ based stutter effect</description>

	<!--METADATA-->
	<metadatalist>
		<metadata name="author">Benjamin Van Esser</metadata>
		<metadata name="tag">Upshot</metadata>
		<metadata name="tag">Audio effect</metadata>
		<metadata name="tag">Dynamic stutter</metadata>
	</metadatalist>

	<!--MESSAGES-->
	<methodlist>
		<method name="signal">
			<arglist />
			<digest>
				Audio input
			</digest>
			<description>
			</description>
		</method>
		<method name="int">
			<digest>
			Function depends on inlet
			</digest>
			<description>
			</description>
		</method>
		<method name="float">
			<digest>
			Function depends on inlet
			</digest>
			<description>
			</description>
		</method>
	</methodlist>

	<!--INLETS-->
	<misc name="Input">
		<entry name="inlet 1">
			<description>
				Audio signal (L)
			</description>
		</entry>
		<entry name="inlet 2">
			<description>
				Audio signal (R)
			</description>
		</entry>
		<entry name="inlet 3">
			<description>
				state (0, 1)
			</description>
		</entry>
		<entry name="inlet 4">
			<description>
				loop-start (0-127)
			</description>
		</entry>
		<entry name="inlet 5">
			<description>
				loop-end (0-127)
			</description>
		</entry>
		<entry name="inlet 6">
			<description>
				randomize stutter selection (0, 1)
			</description>
		</entry>
		<entry name="inlet 7">
			<description>
			output volume (0-127)
			</description>
		</entry>
	</misc>

	<!--OUTLETS-->
	<misc name="Output">
		<entry name="outlet 1">
			<description>
				Audio signal (L)
			</description>
		</entry>
		<entry name="outlet 2">
			<description>
				Audio signal (R)
			</description>
		</entry>
		<entry name="outlet 3">
			<description>
				sync (bang)
			</description>
		</entry>
	</misc>

	<!--SEEALSO-->
		<seealsolist>
			<seealso name="groove~"/>
		</seealsolist>

</c74object>
