<?xml version="1.0" encoding="utf-8" standalone="yes"?>

<?xml-stylesheet href="./_c74_ref.xsl" type="text/xsl"?>

<c74object name="us.udp" module="upshot" kind="patcher">
	<digest>User Datagram Protocol</digest>
	<description>send and receive data over a network using the User Datagram Protocol </description>

	<!--METADATA-->
	<metadatalist>
		<metadata name="author">Benjamin Van Esser</metadata>
		<metadata name="tag">Upshot</metadata>
		<metadata name="tag">MISC</metadata>
		<metadata name="tag">udp</metadata>
	</metadatalist>

	<!--MESSAGES-->
	<methodlist>
		<method name="anything">
			<digest>
			Function depends on inlet
			</digest>
			<description>
			</description>
		</method>
	</methodlist>

	<!--INLETS-->
	<misc name="Input">
		<entry name="inlet 1">
			<description>
				UDPsend input (anything)
			</description>
		</entry>
	</misc>

	<!--OUTLETS-->
	<misc name="Output">
		<entry name="outlet 1">
			<description>
			  UDPreceive output (anything)
			</description>
		</entry>
	</misc>


	<!--SEEALSO-->
		<seealsolist>
			<seealso name="udpsend"/>
			<seealso name="udpreceive"/>
		</seealsolist>

</c74object>
