<?xml version="1.0" encoding="utf-8" standalone="yes"?>

<?xml-stylesheet href="./_c74_ref.xsl" type="text/xsl"?>

<c74object name="us.patterns" module="upshot" kind="patcher">
	<digest>pattern sequencer</digest>
	<description>us.patterns is a pattern sequencer with a tracker interface</description>

	<!--METADATA-->
	<metadatalist>
		<metadata name="author">Benjamin Van Esser</metadata>
		<metadata name="tag">Upshot</metadata>
		<metadata name="tag">Sequencer</metadata>
		<metadata name="tag">Patterns</metadata>
	</metadatalist>

	<!--MESSAGES-->
	<methodlist>
		<method name="int">
			<digest>
			Function depends on inlet
			</digest>
			<description>
			</description>
		</method>
		<method name="float">
			<digest>
			Function depends on inlet
			</digest>
			<description>
			</description>
		</method>
	</methodlist>

	<!--INLETS-->
	<misc name="Input">
		<entry name="inlet 1">
			<description>
				master pulse (0-127)
			</description>
		</entry>
		<entry name="inlet 2">
			<description>
				number of patterns (0-127)
			</description>
		</entry>
	</misc>

	<!--OUTLETS-->
	<misc name="Output">
		<entry name="outlet 1">
			<description>
			note output (pitch, velocity)
		</description>
	</entry>
	<entry name="outlet 2">
		<description>
		extra 1 (0-127)
	</description>
</entry>
<entry name="outlet 3">
	<description>
	extra 2 (0-127)
</description>
</entry>
<entry name="outlet 4">
	<description>
	extra 3 (0-127)
</description>
</entry>
	</misc>


	<!--SEEALSO-->
		<seealsolist>
			<seealso name="live.grid"/>
		</seealsolist>

</c74object>
