<?xml version="1.0" encoding="utf-8" standalone="yes"?>

<?xml-stylesheet href="./_c74_ref.xsl" type="text/xsl"?>

<c74object name="us.trackpadxy" module="upshot" kind="patcher">
	<digest>trackpad xy-controller</digest>
	<description>us.trackpadxy uses fingerpinger to turn your laptop's trackpad into an xy-pad. For more information on fingerpinger, go to https://www.anyma.ch/2009/research/multitouch-external-for-maxmsp/</description>

	<!--METADATA-->
	<metadatalist>
		<metadata name="author">Benjamin Van Esser</metadata>
		<metadata name="tag">Upshot</metadata>
		<metadata name="tag">TRACKING</metadata>
		<metadata name="tag">Trackpad xy</metadata>
	</metadatalist>

	<!--MESSAGES-->
	<methodlist>
		<method name="int">
			<digest>
			Function depends on inlet
			</digest>
			<description>
			</description>
		</method>
		<method name="float">
			<digest>
			Function depends on inlet
			</digest>
			<description>
			</description>
		</method>
		<method name="bang">
			<digest>
			Function depends on inlet
			</digest>
			<description>
			</description>
		</method>
	</methodlist>

	<!--INLETS-->
	<misc name="Input">
		<entry name="inlet 1">
			<description>
				state (0, 1)
			</description>
		</entry>
	</misc>

	<!--OUTLETS-->
	<misc name="Output">
		<entry name="outlet 1">
			<description>
				x-axis (0-127)
			</description>
		</entry>
		<entry name="outlet 2">
			<description>
				y-axis (0-127)
			</description>
		</entry>
	</misc>


	<!--SEEALSO-->
		<seealsolist>
			<seealso name="mousestate"/>
			<seealso name="pictslider"/>
		</seealsolist>

</c74object>
