<?xml version="1.0" encoding="utf-8" standalone="yes"?>

<?xml-stylesheet href="./_c74_ref.xsl" type="text/xsl"?>

<c74object name="us.velocityreplacer" module="upshot" kind="patcher">
	<digest>velocity replacer</digest>
	<description>replace the velocity of a selected incoming note with a new one</description>

	<!--METADATA-->
	<metadatalist>
		<metadata name="author">Benjamin Van Esser</metadata>
		<metadata name="tag">Upshot</metadata>
		<metadata name="tag">MIDI</metadata>
		<metadata name="tag">Velocity replacer</metadata>
	</metadatalist>

	<!--MESSAGES-->
	<methodlist>
		<method name="list">
			<digest>
			pitch, velocity (leftmost inlet)
			</digest>
			<description>
			</description>
		</method>
		<method name="int">
			<digest>
			Function depends on inlet
			</digest>
			<description>
			</description>
		</method>
		<method name="float">
			<digest>
			Function depends on inlet
			</digest>
			<description>
			</description>
		</method>
	</methodlist>

	<!--INLETS-->
	<misc name="Input">
		<entry name="inlet 1">
			<description>
				note input (pitch, velocity)
			</description>
		</entry>
		<entry name="inlet 2">
			<description>
			  select note (0-127)
			</description>
		</entry>
		<entry name="inlet 3">
			<description>
			  new velocity (0-127)
			</description>
		</entry>
	</misc>

	<!--OUTLETS-->
	<misc name="Output">
		<entry name="outlet 1">
			<description>
				note output (pitch, velocity)
			</description>
		</entry>
	</misc>


	<!--SEEALSO-->
		<seealsolist>
			<seealso name="route"/>
		</seealsolist>

</c74object>
