<?xml version="1.0" encoding="utf-8" standalone="yes"?>

<?xml-stylesheet href="./_c74_ref.xsl" type="text/xsl"?>

<c74object name="us.texttospeech" module="upshot" kind="patcher">
	<digest>text to speech engine</digest>
	<description>us.texttospeech is an experimental text to speech engine, based on the shell object</description>

	<!--METADATA-->
	<metadatalist>
		<metadata name="author">Benjamin Van Esser</metadata>
		<metadata name="tag">Upshot</metadata>
		<metadata name="tag">Misc</metadata>
		<metadata name="tag">Text to speech</metadata>
	</metadatalist>

	<!--MESSAGES-->
	<methodlist>
		<method name="int">
			<digest>
			Function depends on inlet
			</digest>
			<description>
			</description>
		</method>
		<method name="float">
			<digest>
			Function depends on inlet
			</digest>
			<description>
			</description>
		</method>
		<method name="bang">
			<digest>
			Function depends on inlet
			</digest>
			<description>
			</description>
		</method>
	</methodlist>

	<!--INLETS-->
	<misc name="Input">
		<entry name="inlet 1">
			<description>
				output text (bang)
			</description>
		</entry>
		<entry name="inlet 2">
			<description>
			  set and output text (list)
			</description>
		</entry>
		<entry name="inlet 3">
			<description>
				output volume (0-127)
			</description>
		</entry>
	</misc>

	<!--OUTLETS-->
	<misc name="Output">
		<entry name="outlet 1">
			<description>
			Audio signal (L)
			</description>
			</entry>
			<entry name="outlet 2">
				<description>
				Audio signal (R)
				</description>
				</entry>
	</misc>


	<!--SEEALSO-->
		<seealsolist>
			<seealso name="shell"/>
		</seealsolist>

</c74object>
