<?xml version="1.0" encoding="utf-8" standalone="yes"?>

<?xml-stylesheet href="./_c74_ref.xsl" type="text/xsl"?>

<c74object name="us.phaselope" module="upshot" kind="patcher">
	<digest>Wave shape based envelope generator</digest>
	<description>Use us.phaselope to generate envelopes based on (max) 8 LFOs, where LFO 2 to 8 shift phase to LFO 1 at (x-1)*1/y (x = oscillator number, y = number of oscillators).</description>

	<!--METADATA-->
	<metadatalist>
		<metadata name="author">Benjamin Van Esser</metadata>
		<metadata name="tag">Upshot</metadata>
		<metadata name="tag">Generator</metadata>
		<metadata name="tag">Phaselope</metadata>
	</metadatalist>

	<!--MESSAGES-->
	<methodlist>
		<method name="int">
			<digest>
			Function depends on inlet
			</digest>
			<description>
			</description>
		</method>
		<method name="float">
			<digest>
			Function depends on inlet
			</digest>
			<description>
			</description>
		</method>
	</methodlist>

	<!--INLETS-->
	<misc name="Input">
		<entry name="inlet 1">
			<description>
				speed (frequency/quantization) (0.-127.)
			</description>
		</entry>
		<entry name="inlet 2">
			<description>
			  number of active LFOs (0-127)
			</description>
		</entry>
		<entry name="inlet 3">
			<description>
				mode (0, 1 = free, quantized)
			</description>
		</entry>
		<entry name="inlet 4">
			<description>
				select wave shape (0-127)
			</description>
		</entry>
		<entry name="inlet 5">
			<description>
				range minimum (0-127)
			</description>
		</entry>

		<entry name="inlet 6">
			<description>
				range maximum (0-127)
			</description>
		</entry>
	</misc>

	<!--OUTLETS-->
	<misc name="Output">
		<entry name="outlets 1 to 8">
			<description>
			LFO output (0.-127.)
			</description>
			</entry>
	</misc>


	<!--SEEALSO-->
		<seealsolist>
			<seealso name="cycle~"/>
			<seealso name="phasor~"/>
			<seealso name="rect~"/>
			<seealso name="triangle~"/>
			<seealso name="noise~"/>
			<seealso name="buffer~"/>
		</seealsolist>

</c74object>
