<?xml version="1.0" encoding="utf-8" standalone="yes"?>

<?xml-stylesheet href="./_c74_ref.xsl" type="text/xsl"?>

<c74object name="us.endlessreverb" module="upshot" kind="patcher">
	<digest>Endless reverb audio effect</digest>
	<description>An endless reverb/freeze-like audio effect, based on the yafr~ abstraction</description>

	<!--METADATA-->
	<metadatalist>
		<metadata name="author">Benjamin Van Esser</metadata>
		<metadata name="tag">Upshot</metadata>
		<metadata name="tag">Audio effect</metadata>
		<metadata name="tag">Endless reverb</metadata>
	</metadatalist>

	<!--MESSAGES-->
	<methodlist>
		<method name="signal">
			<arglist />
			<digest>
				Audio input
			</digest>
			<description>
			</description>
		</method>
		<method name="int">
			<digest>
			Function depends on inlet
			</digest>
			<description>
			</description>
		</method>
		<method name="float">
			<digest>
			Function depends on inlet
			</digest>
			<description>
			</description>
		</method>
	</methodlist>

	<!--INLETS-->
	<misc name="Input">
		<entry name="inlet 1">
			<description>
				Audio signal (L)
			</description>
		</entry>
		<entry name="inlet 2">
			<description>
				Audio signal (R)
			</description>
		</entry>
		<entry name="inlet 3">
			<description>
			grab/release (0, 1)
			</description>
		</entry>
		<entry name="inlet 4">
			<description>
				Fade time (0-127)
			</description>
		</entry>
		<entry name="inlet 5">
			<description>
				Volume (0-127)
			</description>
		</entry>
	</misc>

	<!--OUTLETS-->
	<misc name="Output">
		<entry name="outlet 1">
			<description>
				Audio signal (L)
			</description>
		</entry>
		<entry name="outlet 2">
			<description>
				Audio signal (R)
			</description>
		</entry>
	</misc>

	<!--SEEALSO-->
		<seealsolist>
			<seealso name="tapin~"/>
			<seealso name="tapout~"/>
			<seealso name="onepole~"/>
			<seealso name="allpass~"/>
			<seealso name="biquad~"/>

		</seealsolist>

</c74object>
