<?xml version="1.0" encoding="utf-8" standalone="yes"?>

<?xml-stylesheet href="./_c74_ref.xsl" type="text/xsl"?>

<c74object name="us.clicker" module="upshot" kind="patcher">
	<digest>Artefact instrument</digest>
	<description>us.clicker is an instrument that produces pops, clicks and artefacts, based on the click~ object.</description>

	<!--METADATA-->
	<metadatalist>
		<metadata name="author">Benjamin Van Esser</metadata>
		<metadata name="tag">Upshot</metadata>
		<metadata name="tag">Instrument</metadata>
		<metadata name="tag">Clicker</metadata>
	</metadatalist>

	<!--MESSAGES-->
	<methodlist>
		<method name="int">
			<digest>
			Function depends on inlet
			</digest>
			<description>
			</description>
		</method>
		<method name="float">
			<digest>
			Function depends on inlet
			</digest>
			<description>
			</description>
		</method>
		<method name="bang">
			<digest>
			Function depends on inlet
			</digest>
			<description>
			</description>
		</method>
	</methodlist>

	<!--INLETS-->
	<misc name="Input">
		<entry name="inlet 1">
			<description>
				sub state (0, 1)
			</description>
		</entry>
		<entry name="inlet 2">
			<description>
			  sub overdrive (0-127)
			</description>
		</entry>
		<entry name="inlet 3">
			<description>
				kick resonance (0-127)
			</description>
		</entry>
		<entry name="inlet 4">
			<description>
				kick input (bang)
			</description>
		</entry>
		<entry name="inlet 5">
			<description>
				kick resonance (0-127)
			</description>
		</entry>
		<entry name="inlet 6">
			<description>
				kick pan (0-127)
			</description>
		</entry>
		<entry name="inlet 7">
			<description>
				impulse input (bang)
			</description>
		</entry>
		<entry name="inlet 8">
			<description>
				impulse resonance (0-127)
			</description>
		</entry>
		<entry name="inlet 9">
			<description>
				impulse pan (0-127)
			</description>
		</entry>
		<entry name="inlet 10">
			<description>
				click input (bang)
			</description>
		</entry>
		<entry name="inlet 11">
			<description>
				click 1 resonance (0-127)
			</description>
		</entry>
		<entry name="inlet 12">
			<description>
				click 1 pan (0-127)
			</description>
		</entry>
		<entry name="inlet 13">
			<description>
				click 2 input (bang)
			</description>
		</entry>
		<entry name="inlet 14">
			<description>
				click 2 resonance (0-127)
			</description>
		</entry>
		<entry name="inlet 15">
			<description>
				click 2 pan (0-127)
			</description>
		</entry>
		<entry name="inlet 16">
			<description>
				kitl 1 input (bang)
			</description>
		</entry>
		<entry name="inlet 17">
			<description>
				kitl 1 pan (bang)
			</description>
		</entry>
		<entry name="inlet 19">
			<description>
				kitl 2 input (bang)
			</description>
		</entry>
		<entry name="inlet 20">
			<description>
				kitl 2 pan (bang)
			</description>
		</entry>
	</misc>

	<!--OUTLETS-->
	<misc name="Output">
		<entry name="outlet 1">
			<description>
			Audio signal (L)
			</description>
			</entry>
			<entry name="outlet 2">
				<description>
				Audio signal (R)
				</description>
				</entry>
	</misc>


	<!--SEEALSO-->
		<seealsolist>
			<seealso name="click~"/>
		</seealsolist>

</c74object>
