<?xml version="1.0" encoding="utf-8" standalone="yes"?>

<?xml-stylesheet href="./_c74_ref.xsl" type="text/xsl"?>

<c74object name="us.reversedelay" module="upshot" kind="patcher">
	<digest>Reverse delay audio effect</digest>
	<description>instant reversal of picked up input with delay options</description>

	<!--METADATA-->
	<metadatalist>
		<metadata name="author">Benjamin Van Esser</metadata>
		<metadata name="tag">Upshot</metadata>
		<metadata name="tag">Audio effect</metadata>
		<metadata name="tag">Reverse delay</metadata>
	</metadatalist>

	<!--MESSAGES-->
	<methodlist>
		<method name="signal">
			<arglist />
			<digest>
				Audio input
			</digest>
			<description>
			</description>
		</method>
		<method name="int">
			<digest>
			Function depends on inlet
			</digest>
			<description>
			</description>
		</method>
		<method name="float">
			<digest>
			Function depends on inlet
			</digest>
			<description>
			</description>
		</method>
	</methodlist>

	<!--INLETS-->
	<misc name="Input">
		<entry name="inlet 1">
			<description>
				Audio signal (L)
			</description>
		</entry>
		<entry name="inlet 2">
			<description>
				Audio signal (R)
			</description>
		</entry>
		<entry name="inlet 3">
			<description>
				reverse time (0-127)
			</description>
		</entry>
		<entry name="inlet 4">
			<description>
				playback speed (0-127)
			</description>
		</entry>
		<entry name="inlet 5">
			<description>
				treshold (0-127)
			</description>
		</entry>
		<entry name="inlet 6">
			<description>
				delay time (0-127)
			</description>
		</entry>
		<entry name="inlet 7">
			<description>
				feedback (0-127)
			</description>
		</entry>
		<entry name="inlet 8">
			<description>
				delay dry/wet (0-127)
			</description>
		</entry>
		<entry name="inlet 9">
			<description>
				output volume (0-127)
			</description>
		</entry>
	</misc>

	<!--OUTLETS-->
	<misc name="Output">
		<entry name="outlet 1">
			<description>
				Audio signal (L)
			</description>
		</entry>
		<entry name="outlet 2">
			<description>
				Audio signal (R)
			</description>
		</entry>
	</misc>

	<!--SEEALSO-->
		<seealsolist>
			<seealso name="groove~"/>
			<seealso name="tapin~"/>
			<seealso name="tapout~"/>
		</seealsolist>

</c74object>
