<?xml version="1.0" encoding="utf-8" standalone="yes"?>

<?xml-stylesheet href="./_c74_ref.xsl" type="text/xsl"?>

<c74object name="us.audiofootswitch" module="upshot" kind="patcher">
	<digest>Footswitch utility</digest>
	<description>Connect your 1/4'' jack MIDI pedal to an audio input to receive triggers. Adjust sensitivity to tune in to the sweet spot of your pedal. Adjusting the gain of your audio input can help finding that sweet spot.</description>

	<!--METADATA-->
	<metadatalist>
		<metadata name="author">Benjamin Van Esser</metadata>
		<metadata name="tag">Upshot</metadata>
		<metadata name="tag">MIDI</metadata>
		<metadata name="tag">Audio footswitch</metadata>
	</metadatalist>

	<!--MESSAGES-->
	<methodlist>
		<method name="int">
			<digest>
			Function depends on inlet
			</digest>
			<description>
			</description>
		</method>
		<method name="float">
			<digest>
			Function depends on inlet
			</digest>
			<description>
			</description>
		</method>
		<method name="signal">
			<digest>
			Signal to be tested
			</digest>
			<description>
			</description>
		</method>
	</methodlist>

	<!--INLETS-->
	<misc name="Input">
		<entry name="inlet 1">
			<description>
				Audio signal
			</description>
		</entry>
		<entry name="inlet 2">
			<description>
			  sensitivity (0.-127.)
			</description>
		</entry>
	</misc>

	<!--OUTLETS-->
	<misc name="Output">
		<entry name="outlet 1">
			<description>
				footswitch output (bang)
			</description>
		</entry>
		<entry name="outlet 2">
			<description>
				footswitch output (0-127)
			</description>
		</entry>
	</misc>


	<!--SEEALSO-->
		<seealsolist>
			<seealso name="peakamp~"/>
		</seealsolist>

</c74object>
