<?xml version="1.0" encoding="utf-8" standalone="yes"?>

<?xml-stylesheet href="./_c74_ref.xsl" type="text/xsl"?>

<c74object name="us.manualarp" module="upshot" kind="patcher">
	<digest>Manual arpeggiator</digest>
	<description>arpeggiate on a chosen chord with single note input</description>

	<!--METADATA-->
	<metadatalist>
		<metadata name="author">Benjamin Van Esser</metadata>
		<metadata name="tag">Upshot</metadata>
		<metadata name="tag">MIDI</metadata>
		<metadata name="tag">manualarp</metadata>
	</metadatalist>

	<!--MESSAGES-->
	<methodlist>
		<method name="int">
			<digest>
			Function depends on inlet
			</digest>
			<description>
			</description>
		</method>
		<method name="float">
			<digest>
			Function depends on inlet
			</digest>
			<description>
			</description>
		</method>
		<method name="list">
			<digest>
			Note input (pitch, velocity)
			</digest>
			<description>
			</description>
		</method>
	</methodlist>

	<!--INLETS-->
	<misc name="Input">
		<entry name="inlet 1">
			<description>
				note input (pitch, velocity)
			</description>
		</entry>
		<entry name="inlet 2">
			<description>
			  chord (0-127)
			</description>
		</entry>
		<entry name="inlet 3">
			<description>
			  number of steps (0-127)
			</description>
			<entry name="inlet 4">
				<description>
				  step (0-127)
				</description>
			</entry>
		</entry>
	</misc>

	<!--OUTLETS-->
	<misc name="Output">
		<entry name="outlet 1">
			<description>
				note output (pitch, velocity)
			</description>
		</entry>
	</misc>


	<!--SEEALSO-->
		<seealsolist>
			<seealso name="coll"/>
		</seealsolist>

</c74object>
