<?xml version="1.0" encoding="utf-8" standalone="yes"?>

<?xml-stylesheet href="./_c74_ref.xsl" type="text/xsl"?>

<c74object name="us.collide" module="upshot" kind="patcher">
	<digest>a sequencer based on Newton's cradle</digest>
	<description>us.collide outputs notes, bangs and numbers whenever the active cells of 2 neighboring rows in the matrix are equal to one another.</description>

	<!--METADATA-->
	<metadatalist>
		<metadata name="author">Benjamin Van Esser</metadata>
		<metadata name="tag">Upshot</metadata>
		<metadata name="tag">Sequencer</metadata>
		<metadata name="tag">Collide</metadata>
	</metadatalist>

	<!--MESSAGES-->
	<methodlist>
		<method name="int">
			<digest>
			Function depends on inlet
			</digest>
			<description>
			</description>
		</method>
		<method name="float">
			<digest>
			Function depends on inlet
			</digest>
			<description>
			</description>
		</method>
		<method name="bang">
			<digest>
			Function depends on inlet
			</digest>
			<description>
			</description>
		</method>
	</methodlist>

	<!--INLETS-->
	<misc name="Input">
		<entry name="inlets 1 to 7">
			<description>
				activate rows 1 to 7 (0, 1)
			</description>
		</entry>
		<entry name="inlet 8">
			<description>
				mode (0-127)
			</description>
		</entry>
		<entry name="inlet 9">
			<description>
			  sync (on/off) (0, 1)
			</description>
		</entry>
		<entry name="inlet 10">
			<description>
				velocity (0-127)
			</description>
		</entry>
		<entry name="inlet 11">
			<description>
				duration (0-127)
			</description>
		</entry>
		<entry name="inlet 12">
			<description>
				range minimum (0-127)
			</description>
		</entry>
		<entry name="inlet 13">
			<description>
				range maximum (0-127)
			</description>
		</entry>
	</misc>

	<!--OUTLETS-->
	<misc name="Output">
		<entry name="outlet 1">
			<description>
			note output (pitch, velocity)
		</description>
	</entry>
	<entry name="outlets 2 to 7">
		<description>
		collisions 1 to 6 (bang)
	</description>
</entry>
<entry name="outlets 8 to 13">
	<description>
	collisions 1 to 6 (0.-127.)
</description>
</entry>
	</misc>


	<!--SEEALSO-->
		<seealsolist>
			<seealso name="counter"/>
			<seealso name="matrixctrl"/>
		</seealsolist>

</c74object>
