<?xml version="1.0" encoding="utf-8" standalone="yes"?>

<?xml-stylesheet href="./_c74_ref.xsl" type="text/xsl"?>

<c74object name="us.playlist" module="upshot" kind="patcher">
	<digest>Playlist</digest>
	<description>playlist~, optimized for use with Upshot. us.playlist takes a maximum of 10 items</description>

	<!--METADATA-->
	<metadatalist>
		<metadata name="author">Benjamin Van Esser</metadata>
		<metadata name="tag">Upshot</metadata>
		<metadata name="tag">Misc</metadata>
		<metadata name="tag">Playlist</metadata>
	</metadatalist>

	<!--MESSAGES-->
	<methodlist>
		<method name="int">
			<digest>
			Function depends on inlet
			</digest>
			<description>
			</description>
		</method>
		<method name="float">
			<digest>
			Function depends on inlet
			</digest>
			<description>
			</description>
		</method>
		<method name="bang">
			<digest>
			Function depends on inlet
			</digest>
			<description>
			</description>
		</method>
	</methodlist>

	<!--INLETS-->
	<misc name="Input">
		<entry name="inlet 1">
			<description>
				playback speed (0.-127.)
			</description>
		</entry>
		<entry name="inlet 2">
			<description>
			  reset playback speed to normal (bang)
			</description>
		</entry>
		<entry name="inlet 3 to 13">
			<description>
				playback clips 1 to 10 (bang)
			</description>
		</entry>
		<entry name="inlet 14">
			<description>
				stop currently playing clip (bang)
			</description>
		</entry>
		<entry name="inlet 15">
			<description>
				output volume (0-127)
			</description>
		</entry>
	</misc>

	<!--OUTLETS-->
	<misc name="Output">
		<entry name="outlet 1">
			<description>
			Audio Signal (L)
			</description>
			</entry>
		<entry name="outlet 1">
			<description>
			Audio Signal (R)
			</description>
			</entry>
	</misc>


	<!--SEEALSO-->
		<seealsolist>
			<seealso name="playlist~"/>
		</seealsolist>

</c74object>
