<?xml version="1.0" encoding="utf-8" standalone="yes"?>

<?xml-stylesheet href="./_c74_ref.xsl" type="text/xsl"?>

<c74object name="us.midifileplayer" module="upshot" kind="patcher">
	<digest>MIDI footswitch utility</digest>
	<description>us.midipedal is a utility for bipolar MIDI-pedals. It listens for CC64 (standard footswitch CC) and allows for minimum and maximum output value specification. Hover cursor over the outlet to reveal function and output.</description>

	<!--METADATA-->
	<metadatalist>
		<metadata name="author">Benjamin Van Esser</metadata>
		<metadata name="tag">Upshot</metadata>
		<metadata name="tag">MIDI</metadata>
		<metadata name="tag">Midi file Player</metadata>
	</metadatalist>

	<!--MESSAGES-->
	<methodlist>
		<method name="int">
			<digest>
			Footswitch output
			</digest>
			<description>
			</description>
		</method>
		<method name="float">
			<digest>
			Footswitch output
			</digest>
			<description>
			</description>
		</method>
	</methodlist>

	<!--INLETS-->

	<!--OUTLETS-->
	<misc name="Output">
		<entry name="outlet 1">
			<description>
				footswitch output (0-127)
			</description>
		</entry>
	</misc>


	<!--SEEALSO-->
		<seealsolist>
			<seealso name="midiparse"/>
		</seealsolist>

</c74object>
