<?xml version="1.0" encoding="utf-8" standalone="yes"?>

<?xml-stylesheet href="./_c74_ref.xsl" type="text/xsl"?>

<c74object name="us.quantizer" module="upshot" kind="patcher">
	<digest>quantization utility</digest>
	<description>use us.quantizer to quantize incoming MIDI-note messages to a specified time interval</description>

	<!--METADATA-->
	<metadatalist>
		<metadata name="author">Benjamin Van Esser</metadata>
		<metadata name="tag">Upshot</metadata>
		<metadata name="tag">MIDI</metadata>
		<metadata name="tag">Quantizer</metadata>
	</metadatalist>

	<!--MESSAGES-->
	<methodlist>
		<method name="int">
			<digest>
			Function depends on inlet
			</digest>
			<description>
			</description>
		</method>
		<method name="float">
			<digest>
			Function depends on inlet
			</digest>
			<description>
			</description>
		</method>
		<method name="bang">
			<digest>
			Function depends on inlet
			</digest>
			<description>
			</description>
		</method>
	</methodlist>

	<!--INLETS-->
	<misc name="Input">
		<entry name="inlet 1">
			<description>
				start/stop transport (0, 1)
			</description>
		</entry>
		<entry name="inlet 2">
			<description>
			  note input (pitch, velocity)
				<br/> both note-on and note-off messages need to be present for us.quantize to work
			</description>
		</entry>
		<entry name="inlet 3">
			<description>
				quantize to interval (0-11)
			</description>
		</entry>
		<entry name="inlet 4">
			<description>
				bypass (0, 1)
			</description>
		</entry>
	</misc>

	<!--OUTLETS-->
	<misc name="Output">
		<entry name="outlet 1">
			<description>
				quantized note output (pitch, velocity)
			</description>
		</entry>
	</misc>


	<!--SEEALSO-->
		<seealsolist>
			<seealso name="borax"/>
			<seealso name="metro"/>
			<seealso name="transport"/>
		</seealsolist>

</c74object>
