<?xml version="1.0" encoding="utf-8" standalone="yes"?>

<?xml-stylesheet href="./_c74_ref.xsl" type="text/xsl"?>

<c74object name="us.16chanpanner" module="upshot" kind="patcher">
	<digest>16 channel panner</digest>
	<description>a 16 channel panner, based on the pan2S abstraction</description>

	<!--METADATA-->
	<metadatalist>
		<metadata name="author">Benjamin Van Esser</metadata>
		<metadata name="tag">Upshot</metadata>
		<metadata name="tag">Routing</metadata>
		<metadata name="tag">16 channel panner</metadata>
	</metadatalist>

	<!--MESSAGES-->
	<methodlist>
		<method name="signal">
			<digest>
			input signal
			</digest>
			<description>
			</description>
		</method>
		<method name="int">
			<digest>
			panner position
			</digest>
			<description>
			</description>
		</method>
	</methodlist>

	<!--INLETS-->
	<misc name="Input">
		<entry name="inlet 1">
			<description>
				audio signal (L)
			</description>
		</entry>
		<entry name="inlet 2">
			<description>
			  audio signal (R)
			</description>
		</entry>
		<entry name="inlet 3">
			<description>
			  panning (0-127)
			</description>
		</entry>
		</misc>

	<!--OUTLETS-->
	<misc name="Output">
		<entry name="outlets 1-16">
			<description>
				audio signal (1-16)
			</description>
		</entry>
	</misc>

	<!--SEEALSO-->
		<seealsolist>
		</seealsolist>

</c74object>
