<?xml version="1.0" encoding="utf-8" standalone="yes"?>

<?xml-stylesheet href="./_c74_ref.xsl" type="text/xsl"?>

<c74object name="us.beams" module="upshot" kind="patcher">
	<digest>rhythm generator</digest>
	<description>us.beams is a simple rhythm generator which allows for defining the weight of occurence for a specific note value to activate.</description>

	<!--METADATA-->
	<metadatalist>
		<metadata name="author">Benjamin Van Esser</metadata>
		<metadata name="tag">Upshot</metadata>
		<metadata name="tag">Sequencer</metadata>
		<metadata name="tag">Beams</metadata>
	</metadatalist>

	<!--MESSAGES-->
	<methodlist>
		<method name="int">
			<digest>
			Function depends on inlet
			</digest>
			<description>
			</description>
		</method>
		<method name="float">
			<digest>
			Function depends on inlet
			</digest>
			<description>
			</description>
		</method>
		<method name="bang">
			<digest>
			Function depends on inlet
			</digest>
			<description>
			</description>
		</method>
	</methodlist>

	<!--INLETS-->
	<misc name="Input">
		<entry name="inlet 1">
			<description>
				state (0, 1)
			</description>
		</entry>
		<entry name="inlet 2">
			<description>
				pitch (0-127)
			</description>
		</entry>
		<entry name="inlet 3">
			<description>
			  velocity (0-127)
			</description>
		</entry>
		<entry name="inlet 4">
			<description>
				randomize pitch (0, 1)
			</description>
		</entry>
		<entry name="inlet 5">
			<description>
				weight 4n (0-127)
			</description>
		</entry>
		<entry name="inlet 6">
			<description>
				weight 8nd (0-127)
			</description>
		</entry>
		<entry name="inlet 7">
			<description>
				weight 8n (0-127)
			</description>
		</entry>
		<entry name="inlet 8">
			<description>
				weight 16n (0-127)
			</description>
		</entry>
		<entry name="inlet 9">
			<description>
				weight 32n (0-127)
			</description>
		</entry>
		<entry name="inlet 10">
			<description>
				change probability (0-127) - the probability for a change in note value to occur
			</description>
		</entry>
		<entry name="inlet 11">
			<description>
				rest probability (0-127) - the probability for a rest to occur
			</description>
		</entry>
	</misc>

	<!--OUTLETS-->
	<misc name="Output">
		<entry name="outlet 1">
			<description>
			note output (pitch, velocity)
		</description>
	</entry>
	<entry name="outlet 2">
		<description>
		rhythm (bang)
	</description>
</entry>
	</misc>


	<!--SEEALSO-->
		<seealsolist>
			<seealso name="metro"/>
			<seealso name="phasor~"/>
		</seealsolist>

</c74object>
