<?xml version="1.0" encoding="utf-8" standalone="yes"?>

<?xml-stylesheet href="./_c74_ref.xsl" type="text/xsl"?>

<c74object name="us.truerandom" module="upshot" kind="patcher">
	<digest>repetitionless random</digest>
	<description>us.truerandom is a repetitionless random solution, based on a patch by John Bischoff</description>

	<!--METADATA-->
	<metadatalist>
		<metadata name="author">Benjamin Van Esser</metadata>
		<metadata name="tag">Upshot</metadata>
		<metadata name="tag">Misc</metadata>
		<metadata name="tag">True random</metadata>
	</metadatalist>

	<!--MESSAGES-->
	<methodlist>
		<method name="int">
			<digest>
			random range
			</digest>
			<description>
			</description>
		</method>
		<method name="bang">
			<digest>
			Input
			</digest>
			<description>
			</description>
		</method>
	</methodlist>

	<!--INLETS-->
	<misc name="Input">
		<entry name="inlet 1">
			<description>
				input (bang)
			</description>
		</entry>
		<entry name="inlet 2">
			<description>
				random minimum (int)
			</description>
		</entry>
		<entry name="inlet 2">
			<description>
				random maximum (int)
			</description>
		</entry>
	</misc>

	<!--OUTLETS-->
	<misc name="Output">
		<entry name="outlet 1">
			<description>
			output (int)
			</description>
			</entry>
	</misc>


	<!--SEEALSO-->
		<seealsolist>
			<seealso name="urn"/>
		</seealsolist>

</c74object>
