<?xml version="1.0" encoding="utf-8" standalone="yes"?>

<?xml-stylesheet href="./_c74_ref.xsl" type="text/xsl"?>

<c74object name="us.autocontrol" module="upshot" kind="patcher">
	<digest>trigger a bang, toggle or random value</digest>
	<description>trigger or send a bang to us.autocontrol and output a bang, toggle or random value</description>

	<!--METADATA-->
	<metadatalist>
		<metadata name="author">Benjamin Van Esser</metadata>
		<metadata name="tag">Upshot</metadata>
		<metadata name="tag">Generator</metadata>
		<metadata name="tag">Auto control</metadata>
	</metadatalist>

	<!--MESSAGES-->
	<methodlist>
		<method name="bang">
			<digest>
			trigger us.autocontrol
			</digest>
			<description>
			</description>
		</method>
		<method name="int">
			<digest>
			Function depends on inlet
			</digest>
			<description>
			</description>
		</method>
		<method name="float">
			<digest>
			Function depends on inlet
			</digest>
			<description>
			</description>
		</method>
	</methodlist>

	<!--INLETS-->
	<misc name="Input">
		<entry name="inlet 1">
			<description>
				trigger from input (bang)
			</description>
		</entry>
		<entry name="inlet 2">
			<description>
				change mode (0, 1 = input, auto)
			</description>
		</entry>
		<entry name="inlet 3">
			<description>
				trigger interval (0-127), only active when in 'auto' mode
			</description>
		</entry>
		<entry name="inlet 4">
			<description>
				trigger probability (0-127)
			</description>
		</entry>
	</misc>

	<!--OUTLETS-->
	<misc name="Output">
		<entry name="outlet 1">
			<description>
			bang (bang)
			</description>
			</entry>
		<entry name="outlet 2">
			<description>
			toggle (0, 1)
			</description>
		</entry>
		<entry name="outlet 3">
			<description>
			random value (0-127)
			</description>
		</entry>
	</misc>


	<!--SEEALSO-->
		<seealsolist>
			<seealso name="random"/>
		</seealsolist>

</c74object>
