<?xml version="1.0" encoding="utf-8" standalone="yes"?>

<?xml-stylesheet href="./_c74_ref.xsl" type="text/xsl"?>

<c74object name="us.8chanmonomixer" module="upshot" kind="patcher">
	<digest>8 channel mixer</digest>
	<description>an 8 channel mixer with mono input and output</description>

	<!--METADATA-->
	<metadatalist>
		<metadata name="author">Benjamin Van Esser</metadata>
		<metadata name="tag">Upshot</metadata>
		<metadata name="tag">Routing</metadata>
		<metadata name="tag">8 channel mono mixer</metadata>
	</metadatalist>

	<!--MESSAGES-->
	<methodlist>
		<method name="signal">
			<digest>
			input signal
			</digest>
			<description>
			</description>
		</method>
		<method name="int">
			<digest>
			channel volume
			</digest>
			<description>
			</description>
		</method>
		<method name="bang">
			<digest>
			channel volume
			</digest>
			<description>
			</description>
		</method>
	</methodlist>

	<!--INLETS-->
	<misc name="Input">
		<entry name="inlets 1, 3, 5, 7, 9, 11, 13, 15">
			<description>
				audio signal
			</description>
		</entry>
		<entry name="inlets 2, 4, 6, 8, 10, 12, 14, 16">
			<description>
			  volume - channels 1-8 (0-127)
			</description>
		</entry>
	</misc>

	<!--OUTLETS-->
	<misc name="Output">
		<entry name="outlets 1-8">
			<description>
				audio signal (1-8)
			</description>
		</entry>
	</misc>

	<!--SEEALSO-->
		<seealsolist>
		</seealsolist>

</c74object>
