<?xml version="1.0" encoding="utf-8" standalone="yes"?>

<?xml-stylesheet href="./_c74_ref.xsl" type="text/xsl"?>

<c74object name="us.zerogravity" module="upshot" kind="patcher">
	<digest>zerogravity note generator</digest>
	<description>us.zerogravity uses the collision coordinates of 6 moving balls to generate notes and trigger bangs</description>

	<!--METADATA-->
	<metadatalist>
		<metadata name="author">Benjamin Van Esser</metadata>
		<metadata name="tag">Upshot</metadata>
		<metadata name="tag">Sequencer</metadata>
		<metadata name="tag">Zerogravity</metadata>
	</metadatalist>

	<!--MESSAGES-->
	<methodlist>
		<method name="int">
			<digest>
			Function depends on inlet
			</digest>
			<description>
			</description>
		</method>
		<method name="float">
			<digest>
			Function depends on inlet
			</digest>
			<description>
			</description>
		</method>
		<method name="bang">
			<digest>
			Function depends on inlet
			</digest>
			<description>
			</description>
			</method>
			<method name="message">
				<digest>
				1st inlet - set text message
				</digest>
				<description>
				</description>
		</method>
	</methodlist>

	<!--INLETS-->
	<misc name="Input">
		<entry name="inlet 1">
			<description>
				state (O, 1)
			</description>
		</entry>
		<entry name="inlet 2">
			<description>
			  retrigger (bang)
			</description>
		</entry>
		<entry name="inlet 3">
			<description>
				ball size (0-127)
			</description>
		</entry>
		<entry name="inlet 4">
			<description>
				ball speed (0-127)
			</description>
		</entry>
		<entry name="inlet 5">
			<description>
				duration (0-127)
			</description>
		</entry>
		<entry name="inlet 6">
			<description>
				scale (0-127)
			</description>
		</entry>
		<entry name="inlet 7">
			<description>
				flush (bang)
			</description>
		</entry>
		<entry name="inlet 8">
			<description>
				sync (0, 1)
			</description>
		</entry>
		<entry name="inlet 9">
			<description>
				speed limit/quantization (0-127)
			</description>
		</entry>
	</misc>
	<entry name="inlet 10">
		<description>
			range min (0-127)
		</description>
	</entry>
	<entry name="inlet 11">
		<description>
			range max (0-127)
		</description>
	</entry>

	<!--OUTLETS-->
	<misc name="Output">
		<entry name="outlet 1">
			<description>
			note output (pitch, velocity)
			</description>
		</entry>
		<entry name="outlet 2">
				<description>
				ball 0 (bang)
				</description>
		</entry>
		<entry name="outlet 3">
				<description>
				ball 1 (bang)
				</description>
		</entry>
		<entry name="outlet 4">
		<description>
		ball 2 (bang)
		</description>
		</entry>
		<entry name="outlet 5">
		<description>
		ball 3 (bang)
		</description>
		</entry>
		<entry name="outlet 6">
		<description>
		ball 4 (bang)
		</description>
		</entry>
		<entry name="outlet 7">
		<description>
		ball 5 (bang)
		</description>
		</entry>
	</misc>

	
	<!--SEEALSO-->
		<seealsolist>
			<seealso name="js"/>
		</seealsolist>

</c74object>
