<?xml version="1.0" encoding="utf-8" standalone="yes"?>

<?xml-stylesheet href="./_c74_ref.xsl" type="text/xsl"?>

<c74object name="us.many2one" module="upshot" kind="patcher">
	<digest>many-to-one MIDI mapping utility</digest>
	<description>use us.many2one to control one parameter with multiple controllers</description>

	<!--METADATA-->
	<metadatalist>
		<metadata name="author">Benjamin Van Esser</metadata>
		<metadata name="tag">Upshot</metadata>
		<metadata name="tag">MIDI</metadata>
		<metadata name="tag">Many2one</metadata>
	</metadatalist>

	<!--MESSAGES-->
	<methodlist>
		<method name="int">
			<digest>
			Function depends on inlet
			</digest>
			<description>
			</description>
		</method>
		<method name="float">
			<digest>
			Function depends on inlet
			</digest>
			<description>
			</description>
		</method>
	</methodlist>

	<!--INLETS-->
	<misc name="Input">
		<entry name="inlet 1">
			<description>
				target CC number (0-127)
			</description>
		</entry>
		<entry name="inlet 2">
			<description>
			  target channel (1-16)
			</description>
		</entry>
		<entry name="inlet 3">
			<description>
				input 1 (0-127)
			</description>
		</entry>
		<entry name="inlet 4">
			<description>
				input 2 (0-127)
			</description>
		</entry>
		<entry name="inlet 5">
			<description>
				input 3 (0-127)
			</description>
		</entry>
		<entry name="inlet 6">
			<description>
				input 4 (0-127)
			</description>
		</entry>
		<entry name="inlet 7">
			<description>
				input 5 (0-127)
			</description>
		</entry>
	</misc>

	<!--OUTLETS-->
	<misc name="Output">
		<entry name="outlet 1">
			<description>
				output 'main' value (0-127)
			</description>
		</entry>
	</misc>


	<!--SEEALSO-->
		<seealsolist>
			<seealso name="midiformat"/>
			<seealso name="midiout"/>
			<seealso name="midiinfo"/>
		</seealsolist>

</c74object>
