<?xml version="1.0" encoding="utf-8" standalone="yes"?>

<?xml-stylesheet href="./_c74_ref.xsl" type="text/xsl"?>

<c74object name="us.gameoflife" module="upshot" kind="patcher">
	<digest>Game of life event generator</digest>
	<description>Use Conway's Game of Life to trigger events for 8 slots (based on the jit.conway object). Triggers occur in correspondance with the probability factor which is linked to 'liveliness' of the grid.</description>

	<!--METADATA-->
	<metadatalist>
		<metadata name="author">Benjamin Van Esser</metadata>
		<metadata name="tag">Upshot</metadata>
		<metadata name="tag">Generator</metadata>
		<metadata name="tag">Game of life</metadata>
	</metadatalist>

	<!--MESSAGES-->
	<methodlist>
		<method name="int">
			<digest>
			Function depends on inlet
			</digest>
			<description>
			</description>
		</method>
		<method name="float">
			<digest>
			Function depends on inlet
			</digest>
			<description>
			</description>
		</method>
		<method name="bang">
			<digest>
			Function depends on inlet
			</digest>
			<description>
			</description>
		</method>
	</methodlist>

	<!--INLETS-->
	<misc name="Input">
		<entry name="inlet 1">
			<description>
				start/stop game of life (0, 1)
			</description>
		</entry>
		<entry name="inlet 2">
			<description>
				spawn life (bang - only when game of life is active)
			</description>
		</entry>
		<entry name="inlet 3">
			<description>
				game of life speed (0-127)
			</description>
		</entry>
		<entry name="inlet 4">
			<description>
				trigger probability (0-127)
			</description>
		</entry>
		<entry name="inlet 5">
			<description>
				dial mode (0, 1 = ramp, jump)
			</description>
		</entry>
		<entry name="inlet 6">
			<description>
				ramp time (0-127)
			</description>
		</entry>
	</misc>

	<!--OUTLETS-->
	<misc name="Output">
		<entry name="uneven outlets">
			<description>
				bang
			</description>
		</entry>
		<entry name="even outlets">
			<description>
				int (0-127)
			</description>
		</entry>
		<entry name="all outlets">
			<description>
				us.gameoflife outputs bangs and integers from 8 slots (outlets 1+2, 3+4, 5+6, 7+8, 9+10, 11+12, 13+14, 15+16)
			</description>
		</entry>
	</misc>

	<!--SEEALSO-->
		<seealsolist>
			<seealso name="jit.conway"/>
		</seealsolist>

</c74object>
