<?xml version="1.0" encoding="utf-8" standalone="yes"?>

<?xml-stylesheet href="./_c74_ref.xsl" type="text/xsl"?>

<c74object name="us.2chanpanner" module="upshot" kind="patcher">
	<digest>stereo panner</digest>
	<description>a stereo panner, based on the pan2S abstraction</description>

	<!--METADATA-->
	<metadatalist>
		<metadata name="author">Benjamin Van Esser</metadata>
		<metadata name="tag">Upshot</metadata>
		<metadata name="tag">Routing</metadata>
		<metadata name="tag">2 channel Panner</metadata>
	</metadatalist>

	<!--MESSAGES-->
	<methodlist>
		<method name="signal">
			<digest>
			input signal
			</digest>
			<description>
			</description>
		</method>
		<method name="int">
			<digest>
			panner position
			</digest>
			<description>
			</description>
		</method>
		<method name="bang">
			<digest>
			reset to center
			</digest>
			<description>
			</description>
		</method>
	</methodlist>

	<!--INLETS-->
	<misc name="Input">
		<entry name="inlet 1">
			<description>
				audio signal (L)
			</description>
		</entry>
		<entry name="inlet 2">
			<description>
			  audio signal (R)
			</description>
		</entry>
		<entry name="inlet 3">
			<description>
			  panner position (0-127 = L->R)
			</description>
		</entry>
		<entry name="inlet 3">
			<description>
			  reset to center (bang)
			</description>
		</entry>
	</misc>

	<!--OUTLETS-->
	<misc name="Input">
		<entry name="outlet 1">
			<description>
				audio signal (L)
			</description>
		</entry>
		<entry name="outlet 2">
			<description>
				audio signal (R)
			</description>
		</entry>
	</misc>

	<!--SEEALSO-->
		<seealsolist>
		</seealsolist>

</c74object>
