{
	"pattrstorage" : 	{
		"name" : "upshot",
		"slots" : 		{
			"1" : 			{
				"id" : 1,
				"data" : 				{
					"upshot_midiout::MIDI channel" : [ 1.0 ],
					"upshot_midiout::MIDI output device" : [ 0 ],
					"upshot_transport::bars" : [ 1 ],
					"upshot_transport::beats" : [ 1 ],
					"upshot_transport::bpm" : [ 120.0 ],
					"upshot_transport::click-state" : [ 0.0 ],
					"upshot_transport::live.text" : [ 0.0 ],
					"upshot_transport::location" : [ 0.0 ],
					"upshot_transport::pulse[1]" : [ 0.0 ],
					"upshot_transport::taptotempo" : [ 0.0 ],
					"upshot_transport::timesig-beats" : [ 4 ],
					"upshot_transport::timesig-unit" : [ "4" ],
					"upshot_transport::transport[1]" : [ 0.0 ],
					"upshot_transport::units" : [ 0.0 ],
					"upshot_transport::volume" : [ 0.0 ],
					"upshot_patterns::master" : [ 2, 16, 4, 0, 16, 3, 1003, 2003, 3001, 4003, 5003, 6000, 7002, 8002, 9000, 10000, 11002, 12002, 13001, 14001, 15000, 2, 2, 2, 2, 2, 2, 2, 2, 2, 2, 2, 2, 2, 2, 2, 2 ],
					"upshot_patterns::number of patterns" : [ 16.0 ],
					"upshot_patterns::reset" : [ 0.0 ],
					"upshot_patterns::umenu" : [ 9 ],
					"upshot_patterns::viewer" : [ 1 ],
					"upshot_patterns::pattern1::indicator" : [ 0 ],
					"upshot_patterns::pattern1::number of steps" : [ 16.0 ],
					"upshot_patterns::pattern1::reset" : [ 0.0 ],
					"upshot_patterns::pattern1::reset on trigger" : [ 1.0 ],
					"upshot_patterns::pattern1::slider" : [ 12 ],
					"upshot_patterns::pattern1::state" : [ 1.0 ],
					"upshot_patterns::pattern1::pattern::step::extra01" : [ 32.0 ],
					"upshot_patterns::pattern1::pattern::step::extra02" : [ 64.0 ],
					"upshot_patterns::pattern1::pattern::step::extra03" : [ 96.0 ],
					"upshot_patterns::pattern1::pattern::step::pitch" : [ 56.999999999999943 ],
					"upshot_patterns::pattern1::pattern::step::probability-one" : [ 100.0 ],
					"upshot_patterns::pattern1::pattern::step::umenu" : [ 10 ],
					"upshot_patterns::pattern1::pattern::step::velocity" : [ 127.0 ],
					"upshot_patterns::pattern1::pattern::step[1]::extra01" : [ 32.0 ],
					"upshot_patterns::pattern1::pattern::step[1]::extra02" : [ 64.0 ],
					"upshot_patterns::pattern1::pattern::step[1]::extra03" : [ 96.0 ],
					"upshot_patterns::pattern1::pattern::step[1]::pitch" : [ 92.999999999999943 ],
					"upshot_patterns::pattern1::pattern::step[1]::probability-one" : [ 100.0 ],
					"upshot_patterns::pattern1::pattern::step[1]::umenu" : [ 10 ],
					"upshot_patterns::pattern1::pattern::step[1]::velocity" : [ 100.0 ],
					"upshot_patterns::pattern1::pattern::step[2]::extra01" : [ 32.0 ],
					"upshot_patterns::pattern1::pattern::step[2]::extra02" : [ 64.0 ],
					"upshot_patterns::pattern1::pattern::step[2]::extra03" : [ 96.0 ],
					"upshot_patterns::pattern1::pattern::step[2]::pitch" : [ 82.999999999999972 ],
					"upshot_patterns::pattern1::pattern::step[2]::probability-one" : [ 100.0 ],
					"upshot_patterns::pattern1::pattern::step[2]::umenu" : [ 7 ],
					"upshot_patterns::pattern1::pattern::step[2]::velocity" : [ 86.000000000000028 ],
					"upshot_patterns::pattern1::pattern::step[5]::extra01" : [ 77.999999999999972 ],
					"upshot_patterns::pattern1::pattern::step[5]::extra02" : [ 64.0 ],
					"upshot_patterns::pattern1::pattern::step[5]::extra03" : [ 96.0 ],
					"upshot_patterns::pattern1::pattern::step[5]::pitch" : [ 104.999999999999957 ],
					"upshot_patterns::pattern1::pattern::step[5]::probability-one" : [ 100.0 ],
					"upshot_patterns::pattern1::pattern::step[5]::umenu" : [ 7 ],
					"upshot_patterns::pattern1::pattern::step[5]::velocity" : [ 100.0 ],
					"upshot_patterns::pattern1::pattern::step[4]::extra01" : [ 32.0 ],
					"upshot_patterns::pattern1::pattern::step[4]::extra02" : [ 115.000000000000028 ],
					"upshot_patterns::pattern1::pattern::step[4]::extra03" : [ 96.0 ],
					"upshot_patterns::pattern1::pattern::step[4]::pitch" : [ 76.999999999999943 ],
					"upshot_patterns::pattern1::pattern::step[4]::probability-one" : [ 100.0 ],
					"upshot_patterns::pattern1::pattern::step[4]::umenu" : [ 10 ],
					"upshot_patterns::pattern1::pattern::step[4]::velocity" : [ 100.0 ],
					"upshot_patterns::pattern1::pattern::step[3]::extra01" : [ 32.0 ],
					"upshot_patterns::pattern1::pattern::step[3]::extra02" : [ 6.999999999999996 ],
					"upshot_patterns::pattern1::pattern::step[3]::extra03" : [ 66.000000000000028 ],
					"upshot_patterns::pattern1::pattern::step[3]::pitch" : [ 58.999999999999964 ],
					"upshot_patterns::pattern1::pattern::step[3]::probability-one" : [ 100.0 ],
					"upshot_patterns::pattern1::pattern::step[3]::umenu" : [ 5 ],
					"upshot_patterns::pattern1::pattern::step[3]::velocity" : [ 100.0 ],
					"upshot_patterns::pattern1::pattern::step[7]::extra01" : [ 0.0 ],
					"upshot_patterns::pattern1::pattern::step[7]::extra02" : [ 76.999999999999972 ],
					"upshot_patterns::pattern1::pattern::step[7]::extra03" : [ 127.0 ],
					"upshot_patterns::pattern1::pattern::step[7]::pitch" : [ 73.999999999999957 ],
					"upshot_patterns::pattern1::pattern::step[7]::probability-one" : [ 100.0 ],
					"upshot_patterns::pattern1::pattern::step[7]::umenu" : [ 5 ],
					"upshot_patterns::pattern1::pattern::step[7]::velocity" : [ 100.0 ],
					"upshot_patterns::pattern1::pattern::step[6]::extra01" : [ 32.0 ],
					"upshot_patterns::pattern1::pattern::step[6]::extra02" : [ 64.0 ],
					"upshot_patterns::pattern1::pattern::step[6]::extra03" : [ 96.0 ],
					"upshot_patterns::pattern1::pattern::step[6]::pitch" : [ 66.999999999999943 ],
					"upshot_patterns::pattern1::pattern::step[6]::probability-one" : [ 66.14173228346462 ],
					"upshot_patterns::pattern1::pattern::step[6]::umenu" : [ 5 ],
					"upshot_patterns::pattern1::pattern::step[6]::velocity" : [ 100.0 ],
					"upshot_patterns::pattern1::pattern::step[15]::extra01" : [ 66.000000000000014 ],
					"upshot_patterns::pattern1::pattern::step[15]::extra02" : [ 100.999999999999986 ],
					"upshot_patterns::pattern1::pattern::step[15]::extra03" : [ 127.0 ],
					"upshot_patterns::pattern1::pattern::step[15]::pitch" : [ 54.999999999999943 ],
					"upshot_patterns::pattern1::pattern::step[15]::probability-one" : [ 100.0 ],
					"upshot_patterns::pattern1::pattern::step[15]::umenu" : [ 10 ],
					"upshot_patterns::pattern1::pattern::step[15]::velocity" : [ 122.000000000000043 ],
					"upshot_patterns::pattern1::pattern::step[14]::extra01" : [ 32.0 ],
					"upshot_patterns::pattern1::pattern::step[14]::extra02" : [ 87.999999999999957 ],
					"upshot_patterns::pattern1::pattern::step[14]::extra03" : [ 67.000000000000043 ],
					"upshot_patterns::pattern1::pattern::step[14]::pitch" : [ 104.999999999999986 ],
					"upshot_patterns::pattern1::pattern::step[14]::probability-one" : [ 100.0 ],
					"upshot_patterns::pattern1::pattern::step[14]::umenu" : [ 7 ],
					"upshot_patterns::pattern1::pattern::step[14]::velocity" : [ 60.0 ],
					"upshot_patterns::pattern1::pattern::step[13]::extra01" : [ 17.000000000000018 ],
					"upshot_patterns::pattern1::pattern::step[13]::extra02" : [ 64.0 ],
					"upshot_patterns::pattern1::pattern::step[13]::extra03" : [ 75.000000000000014 ],
					"upshot_patterns::pattern1::pattern::step[13]::pitch" : [ 83.999999999999901 ],
					"upshot_patterns::pattern1::pattern::step[13]::probability-one" : [ 100.0 ],
					"upshot_patterns::pattern1::pattern::step[13]::umenu" : [ 7 ],
					"upshot_patterns::pattern1::pattern::step[13]::velocity" : [ 108.0 ],
					"upshot_patterns::pattern1::pattern::step[12]::extra01" : [ 32.0 ],
					"upshot_patterns::pattern1::pattern::step[12]::extra02" : [ 40.000000000000028 ],
					"upshot_patterns::pattern1::pattern::step[12]::extra03" : [ 48.0 ],
					"upshot_patterns::pattern1::pattern::step[12]::pitch" : [ 61.999999999999957 ],
					"upshot_patterns::pattern1::pattern::step[12]::probability-one" : [ 100.0 ],
					"upshot_patterns::pattern1::pattern::step[12]::umenu" : [ 12 ],
					"upshot_patterns::pattern1::pattern::step[12]::velocity" : [ 100.0 ],
					"upshot_patterns::pattern1::pattern::step[11]::extra01" : [ 0.0 ],
					"upshot_patterns::pattern1::pattern::step[11]::extra02" : [ 81.999999999999986 ],
					"upshot_patterns::pattern1::pattern::step[11]::extra03" : [ 96.0 ],
					"upshot_patterns::pattern1::pattern::step[11]::pitch" : [ 66.999999999999972 ],
					"upshot_patterns::pattern1::pattern::step[11]::probability-one" : [ 100.0 ],
					"upshot_patterns::pattern1::pattern::step[11]::umenu" : [ 11 ],
					"upshot_patterns::pattern1::pattern::step[11]::velocity" : [ 111.0 ],
					"upshot_patterns::pattern1::pattern::step[10]::extra01" : [ 32.0 ],
					"upshot_patterns::pattern1::pattern::step[10]::extra02" : [ 64.0 ],
					"upshot_patterns::pattern1::pattern::step[10]::extra03" : [ 127.0 ],
					"upshot_patterns::pattern1::pattern::step[10]::pitch" : [ 75.999999999999901 ],
					"upshot_patterns::pattern1::pattern::step[10]::probability-one" : [ 100.0 ],
					"upshot_patterns::pattern1::pattern::step[10]::umenu" : [ 11 ],
					"upshot_patterns::pattern1::pattern::step[10]::velocity" : [ 114.0 ],
					"upshot_patterns::pattern1::pattern::step[9]::extra01" : [ 67.999999999999986 ],
					"upshot_patterns::pattern1::pattern::step[9]::extra02" : [ 64.0 ],
					"upshot_patterns::pattern1::pattern::step[9]::extra03" : [ 96.0 ],
					"upshot_patterns::pattern1::pattern::step[9]::pitch" : [ 78.999999999999886 ],
					"upshot_patterns::pattern1::pattern::step[9]::probability-one" : [ 74.015748031496102 ],
					"upshot_patterns::pattern1::pattern::step[9]::umenu" : [ 4 ],
					"upshot_patterns::pattern1::pattern::step[9]::velocity" : [ 100.0 ],
					"upshot_patterns::pattern1::pattern::step[8]::extra01" : [ 0.0 ],
					"upshot_patterns::pattern1::pattern::step[8]::extra02" : [ 50.000000000000007 ],
					"upshot_patterns::pattern1::pattern::step[8]::extra03" : [ 78.000000000000014 ],
					"upshot_patterns::pattern1::pattern::step[8]::pitch" : [ 82.999999999999915 ],
					"upshot_patterns::pattern1::pattern::step[8]::probability-one" : [ 100.0 ],
					"upshot_patterns::pattern1::pattern::step[8]::umenu" : [ 10 ],
					"upshot_patterns::pattern1::pattern::step[8]::velocity" : [ 100.0 ],
					"upshot_patterns::pattern2::indicator" : [ 0 ],
					"upshot_patterns::pattern2::number of steps" : [ 11.0 ],
					"upshot_patterns::pattern2::reset" : [ 0.0 ],
					"upshot_patterns::pattern2::reset on trigger" : [ 0.0 ],
					"upshot_patterns::pattern2::slider" : [ 15 ],
					"upshot_patterns::pattern2::state" : [ 0.0 ],
					"upshot_patterns::pattern2::pattern::step::extra01" : [ 64.0 ],
					"upshot_patterns::pattern2::pattern::step::extra02" : [ 64.0 ],
					"upshot_patterns::pattern2::pattern::step::extra03" : [ 96.0 ],
					"upshot_patterns::pattern2::pattern::step::pitch" : [ 54.999999999999964 ],
					"upshot_patterns::pattern2::pattern::step::probability-one" : [ 100.0 ],
					"upshot_patterns::pattern2::pattern::step::umenu" : [ 7 ],
					"upshot_patterns::pattern2::pattern::step::velocity" : [ 100.0 ],
					"upshot_patterns::pattern2::pattern::step[1]::extra01" : [ 32.0 ],
					"upshot_patterns::pattern2::pattern::step[1]::extra02" : [ 18.000000000000011 ],
					"upshot_patterns::pattern2::pattern::step[1]::extra03" : [ 96.0 ],
					"upshot_patterns::pattern2::pattern::step[1]::pitch" : [ 61.999999999999929 ],
					"upshot_patterns::pattern2::pattern::step[1]::probability-one" : [ 100.0 ],
					"upshot_patterns::pattern2::pattern::step[1]::umenu" : [ 7 ],
					"upshot_patterns::pattern2::pattern::step[1]::velocity" : [ 100.0 ],
					"upshot_patterns::pattern2::pattern::step[2]::extra01" : [ 32.0 ],
					"upshot_patterns::pattern2::pattern::step[2]::extra02" : [ 25.000000000000004 ],
					"upshot_patterns::pattern2::pattern::step[2]::extra03" : [ 60.000000000000021 ],
					"upshot_patterns::pattern2::pattern::step[2]::pitch" : [ 75.999999999999915 ],
					"upshot_patterns::pattern2::pattern::step[2]::probability-one" : [ 85.826771653543318 ],
					"upshot_patterns::pattern2::pattern::step[2]::umenu" : [ 7 ],
					"upshot_patterns::pattern2::pattern::step[2]::velocity" : [ 100.0 ],
					"upshot_patterns::pattern2::pattern::step[5]::extra01" : [ 0.0 ],
					"upshot_patterns::pattern2::pattern::step[5]::extra02" : [ 64.0 ],
					"upshot_patterns::pattern2::pattern::step[5]::extra03" : [ 96.0 ],
					"upshot_patterns::pattern2::pattern::step[5]::pitch" : [ 61.999999999999929 ],
					"upshot_patterns::pattern2::pattern::step[5]::probability-one" : [ 100.0 ],
					"upshot_patterns::pattern2::pattern::step[5]::umenu" : [ 7 ],
					"upshot_patterns::pattern2::pattern::step[5]::velocity" : [ 100.0 ],
					"upshot_patterns::pattern2::pattern::step[4]::extra01" : [ 32.0 ],
					"upshot_patterns::pattern2::pattern::step[4]::extra02" : [ 64.0 ],
					"upshot_patterns::pattern2::pattern::step[4]::extra03" : [ 96.0 ],
					"upshot_patterns::pattern2::pattern::step[4]::pitch" : [ 82.999999999999915 ],
					"upshot_patterns::pattern2::pattern::step[4]::probability-one" : [ 76.37795275590554 ],
					"upshot_patterns::pattern2::pattern::step[4]::umenu" : [ 10 ],
					"upshot_patterns::pattern2::pattern::step[4]::velocity" : [ 100.0 ],
					"upshot_patterns::pattern2::pattern::step[3]::extra01" : [ 32.0 ],
					"upshot_patterns::pattern2::pattern::step[3]::extra02" : [ 64.0 ],
					"upshot_patterns::pattern2::pattern::step[3]::extra03" : [ 96.0 ],
					"upshot_patterns::pattern2::pattern::step[3]::pitch" : [ 97.999999999999943 ],
					"upshot_patterns::pattern2::pattern::step[3]::probability-one" : [ 100.0 ],
					"upshot_patterns::pattern2::pattern::step[3]::umenu" : [ 7 ],
					"upshot_patterns::pattern2::pattern::step[3]::velocity" : [ 100.0 ],
					"upshot_patterns::pattern2::pattern::step[7]::extra01" : [ 32.0 ],
					"upshot_patterns::pattern2::pattern::step[7]::extra02" : [ 64.0 ],
					"upshot_patterns::pattern2::pattern::step[7]::extra03" : [ 96.0 ],
					"upshot_patterns::pattern2::pattern::step[7]::pitch" : [ 63.999999999999957 ],
					"upshot_patterns::pattern2::pattern::step[7]::probability-one" : [ 100.0 ],
					"upshot_patterns::pattern2::pattern::step[7]::umenu" : [ 7 ],
					"upshot_patterns::pattern2::pattern::step[7]::velocity" : [ 100.0 ],
					"upshot_patterns::pattern2::pattern::step[6]::extra01" : [ 32.0 ],
					"upshot_patterns::pattern2::pattern::step[6]::extra02" : [ 64.0 ],
					"upshot_patterns::pattern2::pattern::step[6]::extra03" : [ 96.0 ],
					"upshot_patterns::pattern2::pattern::step[6]::pitch" : [ 54.999999999999943 ],
					"upshot_patterns::pattern2::pattern::step[6]::probability-one" : [ 70.866141732283523 ],
					"upshot_patterns::pattern2::pattern::step[6]::umenu" : [ 7 ],
					"upshot_patterns::pattern2::pattern::step[6]::velocity" : [ 100.0 ],
					"upshot_patterns::pattern2::pattern::step[15]::extra01" : [ 32.0 ],
					"upshot_patterns::pattern2::pattern::step[15]::extra02" : [ 64.0 ],
					"upshot_patterns::pattern2::pattern::step[15]::extra03" : [ 96.0 ],
					"upshot_patterns::pattern2::pattern::step[15]::pitch" : [ 56.999999999999943 ],
					"upshot_patterns::pattern2::pattern::step[15]::probability-one" : [ 100.0 ],
					"upshot_patterns::pattern2::pattern::step[15]::umenu" : [ 7 ],
					"upshot_patterns::pattern2::pattern::step[15]::velocity" : [ 100.0 ],
					"upshot_patterns::pattern2::pattern::step[14]::extra01" : [ 32.0 ],
					"upshot_patterns::pattern2::pattern::step[14]::extra02" : [ 64.0 ],
					"upshot_patterns::pattern2::pattern::step[14]::extra03" : [ 96.0 ],
					"upshot_patterns::pattern2::pattern::step[14]::pitch" : [ 37.999999999999957 ],
					"upshot_patterns::pattern2::pattern::step[14]::probability-one" : [ 100.0 ],
					"upshot_patterns::pattern2::pattern::step[14]::umenu" : [ 7 ],
					"upshot_patterns::pattern2::pattern::step[14]::velocity" : [ 100.0 ],
					"upshot_patterns::pattern2::pattern::step[13]::extra01" : [ 32.0 ],
					"upshot_patterns::pattern2::pattern::step[13]::extra02" : [ 64.0 ],
					"upshot_patterns::pattern2::pattern::step[13]::extra03" : [ 96.0 ],
					"upshot_patterns::pattern2::pattern::step[13]::pitch" : [ 73.999999999999929 ],
					"upshot_patterns::pattern2::pattern::step[13]::probability-one" : [ 76.37795275590554 ],
					"upshot_patterns::pattern2::pattern::step[13]::umenu" : [ 4 ],
					"upshot_patterns::pattern2::pattern::step[13]::velocity" : [ 100.0 ],
					"upshot_patterns::pattern2::pattern::step[12]::extra01" : [ 32.0 ],
					"upshot_patterns::pattern2::pattern::step[12]::extra02" : [ 64.0 ],
					"upshot_patterns::pattern2::pattern::step[12]::extra03" : [ 96.0 ],
					"upshot_patterns::pattern2::pattern::step[12]::pitch" : [ 59.99999999999995 ],
					"upshot_patterns::pattern2::pattern::step[12]::probability-one" : [ 100.0 ],
					"upshot_patterns::pattern2::pattern::step[12]::umenu" : [ 4 ],
					"upshot_patterns::pattern2::pattern::step[12]::velocity" : [ 100.0 ],
					"upshot_patterns::pattern2::pattern::step[11]::extra01" : [ 32.0 ],
					"upshot_patterns::pattern2::pattern::step[11]::extra02" : [ 64.0 ],
					"upshot_patterns::pattern2::pattern::step[11]::extra03" : [ 96.0 ],
					"upshot_patterns::pattern2::pattern::step[11]::pitch" : [ 90.999999999999886 ],
					"upshot_patterns::pattern2::pattern::step[11]::probability-one" : [ 100.0 ],
					"upshot_patterns::pattern2::pattern::step[11]::umenu" : [ 7 ],
					"upshot_patterns::pattern2::pattern::step[11]::velocity" : [ 100.0 ],
					"upshot_patterns::pattern2::pattern::step[10]::extra01" : [ 32.0 ],
					"upshot_patterns::pattern2::pattern::step[10]::extra02" : [ 64.0 ],
					"upshot_patterns::pattern2::pattern::step[10]::extra03" : [ 96.0 ],
					"upshot_patterns::pattern2::pattern::step[10]::pitch" : [ 99.999999999999901 ],
					"upshot_patterns::pattern2::pattern::step[10]::probability-one" : [ 66.929133858267747 ],
					"upshot_patterns::pattern2::pattern::step[10]::umenu" : [ 7 ],
					"upshot_patterns::pattern2::pattern::step[10]::velocity" : [ 100.0 ],
					"upshot_patterns::pattern2::pattern::step[9]::extra01" : [ 32.0 ],
					"upshot_patterns::pattern2::pattern::step[9]::extra02" : [ 64.0 ],
					"upshot_patterns::pattern2::pattern::step[9]::extra03" : [ 96.0 ],
					"upshot_patterns::pattern2::pattern::step[9]::pitch" : [ 61.999999999999929 ],
					"upshot_patterns::pattern2::pattern::step[9]::probability-one" : [ 100.0 ],
					"upshot_patterns::pattern2::pattern::step[9]::umenu" : [ 7 ],
					"upshot_patterns::pattern2::pattern::step[9]::velocity" : [ 100.0 ],
					"upshot_patterns::pattern2::pattern::step[8]::extra01" : [ 32.0 ],
					"upshot_patterns::pattern2::pattern::step[8]::extra02" : [ 64.0 ],
					"upshot_patterns::pattern2::pattern::step[8]::extra03" : [ 96.0 ],
					"upshot_patterns::pattern2::pattern::step[8]::pitch" : [ 76.999999999999901 ],
					"upshot_patterns::pattern2::pattern::step[8]::probability-one" : [ 100.0 ],
					"upshot_patterns::pattern2::pattern::step[8]::umenu" : [ 7 ],
					"upshot_patterns::pattern2::pattern::step[8]::velocity" : [ 100.0 ],
					"upshot_patterns::pattern3::indicator" : [ 0 ],
					"upshot_patterns::pattern3::number of steps" : [ 5.000000000000001 ],
					"upshot_patterns::pattern3::reset" : [ 0.0 ],
					"upshot_patterns::pattern3::reset on trigger" : [ 1.0 ],
					"upshot_patterns::pattern3::slider" : [ 12 ],
					"upshot_patterns::pattern3::state" : [ 0.0 ],
					"upshot_patterns::pattern3::pattern::step::extra01" : [ 32.0 ],
					"upshot_patterns::pattern3::pattern::step::extra02" : [ 64.0 ],
					"upshot_patterns::pattern3::pattern::step::extra03" : [ 96.0 ],
					"upshot_patterns::pattern3::pattern::step::pitch" : [ 45.999999999999943 ],
					"upshot_patterns::pattern3::pattern::step::probability-one" : [ 100.0 ],
					"upshot_patterns::pattern3::pattern::step::umenu" : [ 8 ],
					"upshot_patterns::pattern3::pattern::step::velocity" : [ 100.0 ],
					"upshot_patterns::pattern3::pattern::step[1]::extra01" : [ 85.999999999999986 ],
					"upshot_patterns::pattern3::pattern::step[1]::extra02" : [ 127.0 ],
					"upshot_patterns::pattern3::pattern::step[1]::extra03" : [ 80.000000000000028 ],
					"upshot_patterns::pattern3::pattern::step[1]::pitch" : [ 52.99999999999995 ],
					"upshot_patterns::pattern3::pattern::step[1]::probability-one" : [ 85.039370078740191 ],
					"upshot_patterns::pattern3::pattern::step[1]::umenu" : [ 8 ],
					"upshot_patterns::pattern3::pattern::step[1]::velocity" : [ 100.0 ],
					"upshot_patterns::pattern3::pattern::step[2]::extra01" : [ 69.999999999999986 ],
					"upshot_patterns::pattern3::pattern::step[2]::extra02" : [ 103.0 ],
					"upshot_patterns::pattern3::pattern::step[2]::extra03" : [ 69.000000000000043 ],
					"upshot_patterns::pattern3::pattern::step[2]::pitch" : [ 64.999999999999943 ],
					"upshot_patterns::pattern3::pattern::step[2]::probability-one" : [ 100.0 ],
					"upshot_patterns::pattern3::pattern::step[2]::umenu" : [ 7 ],
					"upshot_patterns::pattern3::pattern::step[2]::velocity" : [ 100.0 ],
					"upshot_patterns::pattern3::pattern::step[5]::extra01" : [ 44.999999999999993 ],
					"upshot_patterns::pattern3::pattern::step[5]::extra02" : [ 73.0 ],
					"upshot_patterns::pattern3::pattern::step[5]::extra03" : [ 28.999999999999996 ],
					"upshot_patterns::pattern3::pattern::step[5]::pitch" : [ 99.999999999999901 ],
					"upshot_patterns::pattern3::pattern::step[5]::probability-one" : [ 84.251968503937022 ],
					"upshot_patterns::pattern3::pattern::step[5]::umenu" : [ 7 ],
					"upshot_patterns::pattern3::pattern::step[5]::velocity" : [ 100.0 ],
					"upshot_patterns::pattern3::pattern::step[4]::extra01" : [ 111.000000000000014 ],
					"upshot_patterns::pattern3::pattern::step[4]::extra02" : [ 34.000000000000021 ],
					"upshot_patterns::pattern3::pattern::step[4]::extra03" : [ 127.0 ],
					"upshot_patterns::pattern3::pattern::step[4]::pitch" : [ 52.99999999999995 ],
					"upshot_patterns::pattern3::pattern::step[4]::probability-one" : [ 100.0 ],
					"upshot_patterns::pattern3::pattern::step[4]::umenu" : [ 7 ],
					"upshot_patterns::pattern3::pattern::step[4]::velocity" : [ 100.0 ],
					"upshot_patterns::pattern3::pattern::step[3]::extra01" : [ 32.0 ],
					"upshot_patterns::pattern3::pattern::step[3]::extra02" : [ 50.000000000000007 ],
					"upshot_patterns::pattern3::pattern::step[3]::extra03" : [ 70.000000000000028 ],
					"upshot_patterns::pattern3::pattern::step[3]::pitch" : [ 61.99999999999995 ],
					"upshot_patterns::pattern3::pattern::step[3]::probability-one" : [ 100.0 ],
					"upshot_patterns::pattern3::pattern::step[3]::umenu" : [ 10 ],
					"upshot_patterns::pattern3::pattern::step[3]::velocity" : [ 100.0 ],
					"upshot_patterns::pattern3::pattern::step[7]::extra01" : [ 0.0 ],
					"upshot_patterns::pattern3::pattern::step[7]::extra02" : [ 41.0 ],
					"upshot_patterns::pattern3::pattern::step[7]::extra03" : [ 96.0 ],
					"upshot_patterns::pattern3::pattern::step[7]::pitch" : [ 56.999999999999943 ],
					"upshot_patterns::pattern3::pattern::step[7]::probability-one" : [ 100.0 ],
					"upshot_patterns::pattern3::pattern::step[7]::umenu" : [ 12 ],
					"upshot_patterns::pattern3::pattern::step[7]::velocity" : [ 100.0 ],
					"upshot_patterns::pattern3::pattern::step[6]::extra01" : [ 32.0 ],
					"upshot_patterns::pattern3::pattern::step[6]::extra02" : [ 29.999999999999989 ],
					"upshot_patterns::pattern3::pattern::step[6]::extra03" : [ 127.0 ],
					"upshot_patterns::pattern3::pattern::step[6]::pitch" : [ 47.99999999999995 ],
					"upshot_patterns::pattern3::pattern::step[6]::probability-one" : [ 100.0 ],
					"upshot_patterns::pattern3::pattern::step[6]::umenu" : [ 4 ],
					"upshot_patterns::pattern3::pattern::step[6]::velocity" : [ 100.0 ],
					"upshot_patterns::pattern3::pattern::step[15]::extra01" : [ 32.0 ],
					"upshot_patterns::pattern3::pattern::step[15]::extra02" : [ 64.0 ],
					"upshot_patterns::pattern3::pattern::step[15]::extra03" : [ 96.0 ],
					"upshot_patterns::pattern3::pattern::step[15]::pitch" : [ 63.999999999999957 ],
					"upshot_patterns::pattern3::pattern::step[15]::probability-one" : [ 62.99212598425202 ],
					"upshot_patterns::pattern3::pattern::step[15]::umenu" : [ 10 ],
					"upshot_patterns::pattern3::pattern::step[15]::velocity" : [ 100.0 ],
					"upshot_patterns::pattern3::pattern::step[14]::extra01" : [ 32.0 ],
					"upshot_patterns::pattern3::pattern::step[14]::extra02" : [ 64.0 ],
					"upshot_patterns::pattern3::pattern::step[14]::extra03" : [ 96.0 ],
					"upshot_patterns::pattern3::pattern::step[14]::pitch" : [ 64.999999999999957 ],
					"upshot_patterns::pattern3::pattern::step[14]::probability-one" : [ 100.0 ],
					"upshot_patterns::pattern3::pattern::step[14]::umenu" : [ 10 ],
					"upshot_patterns::pattern3::pattern::step[14]::velocity" : [ 100.0 ],
					"upshot_patterns::pattern3::pattern::step[13]::extra01" : [ 32.0 ],
					"upshot_patterns::pattern3::pattern::step[13]::extra02" : [ 64.0 ],
					"upshot_patterns::pattern3::pattern::step[13]::extra03" : [ 96.0 ],
					"upshot_patterns::pattern3::pattern::step[13]::pitch" : [ 75.999999999999929 ],
					"upshot_patterns::pattern3::pattern::step[13]::probability-one" : [ 100.0 ],
					"upshot_patterns::pattern3::pattern::step[13]::umenu" : [ 10 ],
					"upshot_patterns::pattern3::pattern::step[13]::velocity" : [ 100.0 ],
					"upshot_patterns::pattern3::pattern::step[12]::extra01" : [ 32.0 ],
					"upshot_patterns::pattern3::pattern::step[12]::extra02" : [ 64.0 ],
					"upshot_patterns::pattern3::pattern::step[12]::extra03" : [ 96.0 ],
					"upshot_patterns::pattern3::pattern::step[12]::pitch" : [ 54.999999999999943 ],
					"upshot_patterns::pattern3::pattern::step[12]::probability-one" : [ 91.338582677165377 ],
					"upshot_patterns::pattern3::pattern::step[12]::umenu" : [ 10 ],
					"upshot_patterns::pattern3::pattern::step[12]::velocity" : [ 100.0 ],
					"upshot_patterns::pattern3::pattern::step[11]::extra01" : [ 32.0 ],
					"upshot_patterns::pattern3::pattern::step[11]::extra02" : [ 64.0 ],
					"upshot_patterns::pattern3::pattern::step[11]::extra03" : [ 96.0 ],
					"upshot_patterns::pattern3::pattern::step[11]::pitch" : [ 77.999999999999886 ],
					"upshot_patterns::pattern3::pattern::step[11]::probability-one" : [ 68.503937007874029 ],
					"upshot_patterns::pattern3::pattern::step[11]::umenu" : [ 10 ],
					"upshot_patterns::pattern3::pattern::step[11]::velocity" : [ 100.0 ],
					"upshot_patterns::pattern3::pattern::step[10]::extra01" : [ 32.0 ],
					"upshot_patterns::pattern3::pattern::step[10]::extra02" : [ 64.0 ],
					"upshot_patterns::pattern3::pattern::step[10]::extra03" : [ 96.0 ],
					"upshot_patterns::pattern3::pattern::step[10]::pitch" : [ 53.999999999999957 ],
					"upshot_patterns::pattern3::pattern::step[10]::probability-one" : [ 100.0 ],
					"upshot_patterns::pattern3::pattern::step[10]::umenu" : [ 10 ],
					"upshot_patterns::pattern3::pattern::step[10]::velocity" : [ 100.0 ],
					"upshot_patterns::pattern3::pattern::step[9]::extra01" : [ 32.0 ],
					"upshot_patterns::pattern3::pattern::step[9]::extra02" : [ 64.0 ],
					"upshot_patterns::pattern3::pattern::step[9]::extra03" : [ 96.0 ],
					"upshot_patterns::pattern3::pattern::step[9]::pitch" : [ 54.999999999999943 ],
					"upshot_patterns::pattern3::pattern::step[9]::probability-one" : [ 100.0 ],
					"upshot_patterns::pattern3::pattern::step[9]::umenu" : [ 10 ],
					"upshot_patterns::pattern3::pattern::step[9]::velocity" : [ 100.0 ],
					"upshot_patterns::pattern3::pattern::step[8]::extra01" : [ 32.0 ],
					"upshot_patterns::pattern3::pattern::step[8]::extra02" : [ 64.0 ],
					"upshot_patterns::pattern3::pattern::step[8]::extra03" : [ 96.0 ],
					"upshot_patterns::pattern3::pattern::step[8]::pitch" : [ 95.999999999999943 ],
					"upshot_patterns::pattern3::pattern::step[8]::probability-one" : [ 100.0 ],
					"upshot_patterns::pattern3::pattern::step[8]::umenu" : [ 10 ],
					"upshot_patterns::pattern3::pattern::step[8]::velocity" : [ 100.0 ],
					"upshot_patterns::pattern4::indicator" : [ 0 ],
					"upshot_patterns::pattern4::number of steps" : [ 16.0 ],
					"upshot_patterns::pattern4::reset" : [ 0.0 ],
					"upshot_patterns::pattern4::reset on trigger" : [ 1.0 ],
					"upshot_patterns::pattern4::slider" : [ 1 ],
					"upshot_patterns::pattern4::state" : [ 0.0 ],
					"upshot_patterns::pattern4::pattern::step::extra01" : [ 74.999999999999986 ],
					"upshot_patterns::pattern4::pattern::step::extra02" : [ 64.0 ],
					"upshot_patterns::pattern4::pattern::step::extra03" : [ 96.0 ],
					"upshot_patterns::pattern4::pattern::step::pitch" : [ 83.999999999999929 ],
					"upshot_patterns::pattern4::pattern::step::probability-one" : [ 100.0 ],
					"upshot_patterns::pattern4::pattern::step::umenu" : [ 5 ],
					"upshot_patterns::pattern4::pattern::step::velocity" : [ 100.0 ],
					"upshot_patterns::pattern4::pattern::step[1]::extra01" : [ 15.000000000000004 ],
					"upshot_patterns::pattern4::pattern::step[1]::extra02" : [ 44.000000000000007 ],
					"upshot_patterns::pattern4::pattern::step[1]::extra03" : [ 73.000000000000043 ],
					"upshot_patterns::pattern4::pattern::step[1]::pitch" : [ 68.999999999999957 ],
					"upshot_patterns::pattern4::pattern::step[1]::probability-one" : [ 100.0 ],
					"upshot_patterns::pattern4::pattern::step[1]::umenu" : [ 2 ],
					"upshot_patterns::pattern4::pattern::step[1]::velocity" : [ 100.0 ],
					"upshot_patterns::pattern4::pattern::step[2]::extra01" : [ 32.0 ],
					"upshot_patterns::pattern4::pattern::step[2]::extra02" : [ 64.0 ],
					"upshot_patterns::pattern4::pattern::step[2]::extra03" : [ 96.0 ],
					"upshot_patterns::pattern4::pattern::step[2]::pitch" : [ 75.999999999999943 ],
					"upshot_patterns::pattern4::pattern::step[2]::probability-one" : [ 100.0 ],
					"upshot_patterns::pattern4::pattern::step[2]::umenu" : [ 4 ],
					"upshot_patterns::pattern4::pattern::step[2]::velocity" : [ 100.0 ],
					"upshot_patterns::pattern4::pattern::step[5]::extra01" : [ 90.000000000000014 ],
					"upshot_patterns::pattern4::pattern::step[5]::extra02" : [ 127.0 ],
					"upshot_patterns::pattern4::pattern::step[5]::extra03" : [ 127.0 ],
					"upshot_patterns::pattern4::pattern::step[5]::pitch" : [ 75.999999999999943 ],
					"upshot_patterns::pattern4::pattern::step[5]::probability-one" : [ 100.0 ],
					"upshot_patterns::pattern4::pattern::step[5]::umenu" : [ 5 ],
					"upshot_patterns::pattern4::pattern::step[5]::velocity" : [ 100.0 ],
					"upshot_patterns::pattern4::pattern::step[4]::extra01" : [ 41.000000000000021 ],
					"upshot_patterns::pattern4::pattern::step[4]::extra02" : [ 97.999999999999972 ],
					"upshot_patterns::pattern4::pattern::step[4]::extra03" : [ 76.000000000000014 ],
					"upshot_patterns::pattern4::pattern::step[4]::pitch" : [ 37.999999999999957 ],
					"upshot_patterns::pattern4::pattern::step[4]::probability-one" : [ 100.0 ],
					"upshot_patterns::pattern4::pattern::step[4]::umenu" : [ 10 ],
					"upshot_patterns::pattern4::pattern::step[4]::velocity" : [ 100.0 ],
					"upshot_patterns::pattern4::pattern::step[3]::extra01" : [ 32.0 ],
					"upshot_patterns::pattern4::pattern::step[3]::extra02" : [ 39.000000000000014 ],
					"upshot_patterns::pattern4::pattern::step[3]::extra03" : [ 59.00000000000005 ],
					"upshot_patterns::pattern4::pattern::step[3]::pitch" : [ 66.999999999999929 ],
					"upshot_patterns::pattern4::pattern::step[3]::probability-one" : [ 100.0 ],
					"upshot_patterns::pattern4::pattern::step[3]::umenu" : [ 4 ],
					"upshot_patterns::pattern4::pattern::step[3]::velocity" : [ 100.0 ],
					"upshot_patterns::pattern4::pattern::step[7]::extra01" : [ 51.999999999999986 ],
					"upshot_patterns::pattern4::pattern::step[7]::extra02" : [ 91.999999999999972 ],
					"upshot_patterns::pattern4::pattern::step[7]::extra03" : [ 127.0 ],
					"upshot_patterns::pattern4::pattern::step[7]::pitch" : [ 80.999999999999943 ],
					"upshot_patterns::pattern4::pattern::step[7]::probability-one" : [ 100.0 ],
					"upshot_patterns::pattern4::pattern::step[7]::umenu" : [ 7 ],
					"upshot_patterns::pattern4::pattern::step[7]::velocity" : [ 100.0 ],
					"upshot_patterns::pattern4::pattern::step[6]::extra01" : [ 55.999999999999972 ],
					"upshot_patterns::pattern4::pattern::step[6]::extra02" : [ 76.999999999999972 ],
					"upshot_patterns::pattern4::pattern::step[6]::extra03" : [ 127.0 ],
					"upshot_patterns::pattern4::pattern::step[6]::pitch" : [ 73.999999999999943 ],
					"upshot_patterns::pattern4::pattern::step[6]::probability-one" : [ 100.0 ],
					"upshot_patterns::pattern4::pattern::step[6]::umenu" : [ 10 ],
					"upshot_patterns::pattern4::pattern::step[6]::velocity" : [ 100.0 ],
					"upshot_patterns::pattern4::pattern::step[15]::extra01" : [ 32.0 ],
					"upshot_patterns::pattern4::pattern::step[15]::extra02" : [ 127.0 ],
					"upshot_patterns::pattern4::pattern::step[15]::extra03" : [ 87.0 ],
					"upshot_patterns::pattern4::pattern::step[15]::pitch" : [ 70.999999999999957 ],
					"upshot_patterns::pattern4::pattern::step[15]::probability-one" : [ 100.0 ],
					"upshot_patterns::pattern4::pattern::step[15]::umenu" : [ 6 ],
					"upshot_patterns::pattern4::pattern::step[15]::velocity" : [ 100.0 ],
					"upshot_patterns::pattern4::pattern::step[14]::extra01" : [ 46.999999999999993 ],
					"upshot_patterns::pattern4::pattern::step[14]::extra02" : [ 64.0 ],
					"upshot_patterns::pattern4::pattern::step[14]::extra03" : [ 96.0 ],
					"upshot_patterns::pattern4::pattern::step[14]::pitch" : [ 80.999999999999943 ],
					"upshot_patterns::pattern4::pattern::step[14]::probability-one" : [ 100.0 ],
					"upshot_patterns::pattern4::pattern::step[14]::umenu" : [ 10 ],
					"upshot_patterns::pattern4::pattern::step[14]::velocity" : [ 100.0 ],
					"upshot_patterns::pattern4::pattern::step[13]::extra01" : [ 32.0 ],
					"upshot_patterns::pattern4::pattern::step[13]::extra02" : [ 64.0 ],
					"upshot_patterns::pattern4::pattern::step[13]::extra03" : [ 96.0 ],
					"upshot_patterns::pattern4::pattern::step[13]::pitch" : [ 75.999999999999957 ],
					"upshot_patterns::pattern4::pattern::step[13]::probability-one" : [ 100.0 ],
					"upshot_patterns::pattern4::pattern::step[13]::umenu" : [ 6 ],
					"upshot_patterns::pattern4::pattern::step[13]::velocity" : [ 100.0 ],
					"upshot_patterns::pattern4::pattern::step[12]::extra01" : [ 32.0 ],
					"upshot_patterns::pattern4::pattern::step[12]::extra02" : [ 64.0 ],
					"upshot_patterns::pattern4::pattern::step[12]::extra03" : [ 96.0 ],
					"upshot_patterns::pattern4::pattern::step[12]::pitch" : [ 113.000000000000014 ],
					"upshot_patterns::pattern4::pattern::step[12]::probability-one" : [ 100.0 ],
					"upshot_patterns::pattern4::pattern::step[12]::umenu" : [ 11 ],
					"upshot_patterns::pattern4::pattern::step[12]::velocity" : [ 100.0 ],
					"upshot_patterns::pattern4::pattern::step[11]::extra01" : [ 32.0 ],
					"upshot_patterns::pattern4::pattern::step[11]::extra02" : [ 64.0 ],
					"upshot_patterns::pattern4::pattern::step[11]::extra03" : [ 96.0 ],
					"upshot_patterns::pattern4::pattern::step[11]::pitch" : [ 54.99999999999995 ],
					"upshot_patterns::pattern4::pattern::step[11]::probability-one" : [ 100.0 ],
					"upshot_patterns::pattern4::pattern::step[11]::umenu" : [ 8 ],
					"upshot_patterns::pattern4::pattern::step[11]::velocity" : [ 100.0 ],
					"upshot_patterns::pattern4::pattern::step[10]::extra01" : [ 32.0 ],
					"upshot_patterns::pattern4::pattern::step[10]::extra02" : [ 64.0 ],
					"upshot_patterns::pattern4::pattern::step[10]::extra03" : [ 96.0 ],
					"upshot_patterns::pattern4::pattern::step[10]::pitch" : [ 100.999999999999858 ],
					"upshot_patterns::pattern4::pattern::step[10]::probability-one" : [ 100.0 ],
					"upshot_patterns::pattern4::pattern::step[10]::umenu" : [ 5 ],
					"upshot_patterns::pattern4::pattern::step[10]::velocity" : [ 100.0 ],
					"upshot_patterns::pattern4::pattern::step[9]::extra01" : [ 40.999999999999993 ],
					"upshot_patterns::pattern4::pattern::step[9]::extra02" : [ 87.999999999999972 ],
					"upshot_patterns::pattern4::pattern::step[9]::extra03" : [ 125.999999999999986 ],
					"upshot_patterns::pattern4::pattern::step[9]::pitch" : [ 68.999999999999929 ],
					"upshot_patterns::pattern4::pattern::step[9]::probability-one" : [ 67.716535433070931 ],
					"upshot_patterns::pattern4::pattern::step[9]::umenu" : [ 5 ],
					"upshot_patterns::pattern4::pattern::step[9]::velocity" : [ 100.0 ],
					"upshot_patterns::pattern4::pattern::step[8]::extra01" : [ 111.999999999999986 ],
					"upshot_patterns::pattern4::pattern::step[8]::extra02" : [ 36.000000000000007 ],
					"upshot_patterns::pattern4::pattern::step[8]::extra03" : [ 127.0 ],
					"upshot_patterns::pattern4::pattern::step[8]::pitch" : [ 78.999999999999915 ],
					"upshot_patterns::pattern4::pattern::step[8]::probability-one" : [ 100.0 ],
					"upshot_patterns::pattern4::pattern::step[8]::umenu" : [ 7 ],
					"upshot_patterns::pattern4::pattern::step[8]::velocity" : [ 100.0 ]
				}

			}

		}

	}

}
