{
	"pattrstorage" : 	{
		"name" : "upshot",
		"slots" : 		{
			"1" : 			{
				"id" : 1,
				"data" : 				{
					"upshot_midiout::MIDI channel" : [ 0.0 ],
					"upshot_midiout::MIDI output device" : [ 0 ],
					"upshot_echternach::live.numbox[4]" : [ 16.0 ],
					"upshot_echternach::reset" : [ 0.0 ],
					"upshot_echternach::state" : [ 0.0 ],
					"upshot_echternach::state[1]" : [ 1.0 ],
					"upshot_echternach::usechternach_notecell::duration_free" : [ 200.0 ],
					"upshot_echternach::usechternach_notecell::duration_q" : [ 10.0 ],
					"upshot_echternach::usechternach_notecell::live.toggle" : [ 0.0 ],
					"upshot_echternach::usechternach_notecell::note" : [ 60.0 ],
					"upshot_echternach::usechternach_notecell::note-on" : [ 0.0 ],
					"upshot_echternach::usechternach_notecell::velocity" : [ 100.0 ],
					"upshot_echternach::usechternach_notecell[1]::duration_free" : [ 200.0 ],
					"upshot_echternach::usechternach_notecell[1]::duration_q" : [ 13.0 ],
					"upshot_echternach::usechternach_notecell[1]::live.toggle" : [ 0.0 ],
					"upshot_echternach::usechternach_notecell[1]::note" : [ 74.0 ],
					"upshot_echternach::usechternach_notecell[1]::note-on" : [ 0.0 ],
					"upshot_echternach::usechternach_notecell[1]::velocity" : [ 100.0 ],
					"upshot_echternach::usechternach_notecell[2]::duration_free" : [ 200.0 ],
					"upshot_echternach::usechternach_notecell[2]::duration_q" : [ 13.0 ],
					"upshot_echternach::usechternach_notecell[2]::live.toggle" : [ 0.0 ],
					"upshot_echternach::usechternach_notecell[2]::note" : [ 77.0 ],
					"upshot_echternach::usechternach_notecell[2]::note-on" : [ 0.0 ],
					"upshot_echternach::usechternach_notecell[2]::velocity" : [ 100.0 ],
					"upshot_echternach::usechternach_notecell[3]::duration_free" : [ 200.0 ],
					"upshot_echternach::usechternach_notecell[3]::duration_q" : [ 10.0 ],
					"upshot_echternach::usechternach_notecell[3]::live.toggle" : [ 0.0 ],
					"upshot_echternach::usechternach_notecell[3]::note" : [ 57.000000000000014 ],
					"upshot_echternach::usechternach_notecell[3]::note-on" : [ 0.0 ],
					"upshot_echternach::usechternach_notecell[3]::velocity" : [ 100.0 ],
					"upshot_echternach::usechternach_notecell[4]::duration_free" : [ 200.0 ],
					"upshot_echternach::usechternach_notecell[4]::duration_q" : [ 11.0 ],
					"upshot_echternach::usechternach_notecell[4]::live.toggle" : [ 0.0 ],
					"upshot_echternach::usechternach_notecell[4]::note" : [ 77.0 ],
					"upshot_echternach::usechternach_notecell[4]::note-on" : [ 0.0 ],
					"upshot_echternach::usechternach_notecell[4]::velocity" : [ 100.0 ],
					"upshot_echternach::usechternach_notecell[8]::duration_free" : [ 200.0 ],
					"upshot_echternach::usechternach_notecell[8]::duration_q" : [ 7.0 ],
					"upshot_echternach::usechternach_notecell[8]::live.toggle" : [ 0.0 ],
					"upshot_echternach::usechternach_notecell[8]::note" : [ 79.0 ],
					"upshot_echternach::usechternach_notecell[8]::note-on" : [ 0.0 ],
					"upshot_echternach::usechternach_notecell[8]::velocity" : [ 100.0 ],
					"upshot_echternach::usechternach_notecell[7]::duration_free" : [ 200.0 ],
					"upshot_echternach::usechternach_notecell[7]::duration_q" : [ 10.0 ],
					"upshot_echternach::usechternach_notecell[7]::live.toggle" : [ 0.0 ],
					"upshot_echternach::usechternach_notecell[7]::note" : [ 76.000000000000028 ],
					"upshot_echternach::usechternach_notecell[7]::note-on" : [ 0.0 ],
					"upshot_echternach::usechternach_notecell[7]::velocity" : [ 100.0 ],
					"upshot_echternach::usechternach_notecell[6]::duration_free" : [ 200.0 ],
					"upshot_echternach::usechternach_notecell[6]::duration_q" : [ 13.0 ],
					"upshot_echternach::usechternach_notecell[6]::live.toggle" : [ 0.0 ],
					"upshot_echternach::usechternach_notecell[6]::note" : [ 83.0 ],
					"upshot_echternach::usechternach_notecell[6]::note-on" : [ 0.0 ],
					"upshot_echternach::usechternach_notecell[6]::velocity" : [ 100.0 ],
					"upshot_echternach::usechternach_notecell[5]::duration_free" : [ 200.0 ],
					"upshot_echternach::usechternach_notecell[5]::duration_q" : [ 13.0 ],
					"upshot_echternach::usechternach_notecell[5]::live.toggle" : [ 0.0 ],
					"upshot_echternach::usechternach_notecell[5]::note" : [ 72.0 ],
					"upshot_echternach::usechternach_notecell[5]::note-on" : [ 0.0 ],
					"upshot_echternach::usechternach_notecell[5]::velocity" : [ 100.0 ],
					"upshot_echternach::usechternach_notecell[12]::duration_free" : [ 200.0 ],
					"upshot_echternach::usechternach_notecell[12]::duration_q" : [ 16.0 ],
					"upshot_echternach::usechternach_notecell[12]::live.toggle" : [ 0.0 ],
					"upshot_echternach::usechternach_notecell[12]::note" : [ 76.0 ],
					"upshot_echternach::usechternach_notecell[12]::note-on" : [ 0.0 ],
					"upshot_echternach::usechternach_notecell[12]::velocity" : [ 100.0 ],
					"upshot_echternach::usechternach_notecell[11]::duration_free" : [ 200.0 ],
					"upshot_echternach::usechternach_notecell[11]::duration_q" : [ 16.0 ],
					"upshot_echternach::usechternach_notecell[11]::live.toggle" : [ 0.0 ],
					"upshot_echternach::usechternach_notecell[11]::note" : [ 77.0 ],
					"upshot_echternach::usechternach_notecell[11]::note-on" : [ 0.0 ],
					"upshot_echternach::usechternach_notecell[11]::velocity" : [ 100.0 ],
					"upshot_echternach::usechternach_notecell[10]::duration_free" : [ 200.0 ],
					"upshot_echternach::usechternach_notecell[10]::duration_q" : [ 10.0 ],
					"upshot_echternach::usechternach_notecell[10]::live.toggle" : [ 0.0 ],
					"upshot_echternach::usechternach_notecell[10]::note" : [ 72.0 ],
					"upshot_echternach::usechternach_notecell[10]::note-on" : [ 0.0 ],
					"upshot_echternach::usechternach_notecell[10]::velocity" : [ 100.0 ],
					"upshot_echternach::usechternach_notecell[9]::duration_free" : [ 200.0 ],
					"upshot_echternach::usechternach_notecell[9]::duration_q" : [ 13.0 ],
					"upshot_echternach::usechternach_notecell[9]::live.toggle" : [ 0.0 ],
					"upshot_echternach::usechternach_notecell[9]::note" : [ 71.0 ],
					"upshot_echternach::usechternach_notecell[9]::note-on" : [ 0.0 ],
					"upshot_echternach::usechternach_notecell[9]::velocity" : [ 100.0 ],
					"upshot_echternach::usechternach_notecell[16]::duration_free" : [ 200.0 ],
					"upshot_echternach::usechternach_notecell[16]::duration_q" : [ 13.0 ],
					"upshot_echternach::usechternach_notecell[16]::live.toggle" : [ 0.0 ],
					"upshot_echternach::usechternach_notecell[16]::note" : [ 64.0 ],
					"upshot_echternach::usechternach_notecell[16]::note-on" : [ 0.0 ],
					"upshot_echternach::usechternach_notecell[16]::velocity" : [ 100.0 ],
					"upshot_echternach::usechternach_notecell[15]::duration_free" : [ 200.0 ],
					"upshot_echternach::usechternach_notecell[15]::duration_q" : [ 11.0 ],
					"upshot_echternach::usechternach_notecell[15]::live.toggle" : [ 0.0 ],
					"upshot_echternach::usechternach_notecell[15]::note" : [ 62.0 ],
					"upshot_echternach::usechternach_notecell[15]::note-on" : [ 0.0 ],
					"upshot_echternach::usechternach_notecell[15]::velocity" : [ 100.0 ],
					"upshot_echternach::usechternach_notecell[14]::duration_free" : [ 200.0 ],
					"upshot_echternach::usechternach_notecell[14]::duration_q" : [ 11.0 ],
					"upshot_echternach::usechternach_notecell[14]::live.toggle" : [ 0.0 ],
					"upshot_echternach::usechternach_notecell[14]::note" : [ 91.0 ],
					"upshot_echternach::usechternach_notecell[14]::note-on" : [ 0.0 ],
					"upshot_echternach::usechternach_notecell[14]::velocity" : [ 100.0 ],
					"upshot_transport::bars" : [ 97 ],
					"upshot_transport::beats" : [ 4 ],
					"upshot_transport::bpm" : [ 120.0 ],
					"upshot_transport::click-state" : [ 0.0 ],
					"upshot_transport::live.text" : [ 0.0 ],
					"upshot_transport::location" : [ 0.0 ],
					"upshot_transport::pulse[1]" : [ 0.0 ],
					"upshot_transport::taptotempo" : [ 0.0 ],
					"upshot_transport::timesig-beats" : [ 4 ],
					"upshot_transport::timesig-unit" : [ "4" ],
					"upshot_transport::transport[1]" : [ 1.0 ],
					"upshot_transport::units" : [ 120.0 ],
					"upshot_transport::volume" : [ 0.0 ]
				}

			}

		}

	}

}
