{
	"pattrstorage" : 	{
		"name" : "upshot",
		"slots" : 		{
			"1" : 			{
				"id" : 1,
				"data" : 				{
					"upshot_playlist::outputvolume" : [ -20.0 ],
					"upshot_playlist::clear" : [ 0.0 ],
					"upshot_playlist::playbackspeed" : [ 1.0 ],
					"upshot_playlist::reset" : [ 0.0 ],
					"upshot_playlist::timestretch[1]" : [ 0.0 ],
					"upshot_playlist::umenu" : [ 9 ],
					"upshot_playlist::files" : [ "Mac HD:/Users/benjaminvanesser/Documents/Max 8/Packages/Upshot Suite/media/glitch_samples/" ]
				}

			}

		}

	}

}
