{
	"pattrstorage" : 	{
		"name" : "upshot",
		"slots" : 		{
			"1" : 			{
				"id" : 1,
				"data" : 				{
					"upshot_clicker::bassreson" : [ 0.0 ],
					"upshot_clicker::bassstate" : [ 1.0 ],
					"upshot_clicker::click1freq" : [ 2298.897637795282208 ],
					"upshot_clicker::click1overdrive" : [ 63.999999999999986 ],
					"upshot_clicker::click1state" : [ 1.0 ],
					"upshot_clicker::click1vol" : [ -10.506335883120222 ],
					"upshot_clicker::click2freq" : [ 2456.062992125981054 ],
					"upshot_clicker::click2overdrive" : [ 64.000000000000028 ],
					"upshot_clicker::click2overdrive[1]" : [ 0.0 ],
					"upshot_clicker::click2state" : [ 1.0 ],
					"upshot_clicker::click2vol" : [ -10.581795200705528 ],
					"upshot_clicker::kickvol" : [ -15.399444266140435 ],
					"upshot_clicker::pan" : [ 0.0 ],
					"upshot_clicker::pan[1]" : [ 64.000000000000057 ],
					"upshot_clicker::pan[2]" : [ 49.0 ],
					"upshot_clicker::pan[3]" : [ 64.0 ],
					"upshot_clicker::pan[4]" : [ 127.0 ],
					"upshot_clicker::pan[5]" : [ 0.0 ],
					"upshot_clicker::pan[6]" : [ 127.0 ],
					"upshot_clicker::reverb" : [ 50.393700787401563 ],
					"upshot_clicker::signalpitch" : [ 79.212598425196916 ],
					"upshot_clicker::signalreson" : [ 0.543307086614173 ],
					"upshot_clicker::signalreson[1]" : [ 0.267716535433071 ],
					"upshot_clicker::signalreson[2]" : [ 0.453744210388534 ],
					"upshot_clicker::signalstate" : [ 1.0 ],
					"upshot_clicker::signalvol" : [ 6.0 ],
					"upshot_clicker::subpitch" : [ 40.0 ],
					"upshot_clicker::subpitch[1]" : [ 40.0 ],
					"upshot_clicker::substate" : [ 0.0 ],
					"upshot_clicker::subvol" : [ -20.0 ],
					"upshot_clicker::tikl1state" : [ 1.0 ],
					"upshot_clicker::tikl1vol" : [ -5.721223500320988 ],
					"upshot_clicker::tikl2state" : [ 1.0 ],
					"upshot_clicker::tikl2vol" : [ -3.293856232348304 ],
					"upshot_clicker::volume" : [ 0.0 ],
					"upshot_output::DSP state" : [ 1.0 ],
					"upshot_output::output volumes" : [ 0.0 ],
					"upshot_mixer::audio to 1" : [ 0.0 ],
					"upshot_mixer::audio to 2" : [ 0.0 ],
					"upshot_mixer::audio to 3" : [ 0.0 ],
					"upshot_mixer::audio to 4" : [ 0.0 ],
					"upshot_mixer::audio to 5" : [ 0.0 ],
					"upshot_mixer::audio to 6" : [ 0.0 ],
					"upshot_mixer::audio to 7" : [ 0.0 ],
					"upshot_mixer::audio to 8" : [ 7.0 ],
					"upshot_mixer::channel 1" : [ 0.0 ],
					"upshot_mixer::channel 2" : [ 0.0 ],
					"upshot_mixer::channel 3" : [ 0.0 ],
					"upshot_mixer::channel 4" : [ 0.0 ],
					"upshot_mixer::channel 5" : [ 0.0 ],
					"upshot_mixer::channel 6" : [ 0.0 ],
					"upshot_mixer::channel 7" : [ 0.0 ],
					"upshot_mixer::channel 8" : [ 0.0 ],
					"upshot_mixer::channel_01_mute" : [ 1.0 ],
					"upshot_mixer::channel_01_solo" : [ 0.0 ],
					"upshot_mixer::channel_01_solo[1]" : [ 0.0 ],
					"upshot_mixer::channel_02_mute" : [ 1.0 ],
					"upshot_mixer::channel_02_solo" : [ 0.0 ],
					"upshot_mixer::channel_02_solo[1]" : [ 0.0 ],
					"upshot_mixer::channel_02_solo[2]" : [ 0.0 ],
					"upshot_mixer::channel_03_mute" : [ 1.0 ],
					"upshot_mixer::channel_03_solo" : [ 0.0 ],
					"upshot_mixer::channel_03_solo[1]" : [ 0.0 ],
					"upshot_mixer::channel_03_solo[2]" : [ 0.0 ],
					"upshot_mixer::channel_04_mute" : [ 1.0 ],
					"upshot_mixer::channel_05_mute" : [ 1.0 ],
					"upshot_mixer::channel_06_mute" : [ 1.0 ],
					"upshot_mixer::channel_07_mute" : [ 1.0 ],
					"upshot_mixer::channel_08_mute" : [ 1.0 ],
					"upshot_transport::bars" : [ 4 ],
					"upshot_transport::beats" : [ 1 ],
					"upshot_transport::bpm" : [ 120.0 ],
					"upshot_transport::click-state" : [ 0.0 ],
					"upshot_transport::live.text" : [ 0.0 ],
					"upshot_transport::location" : [ 5760.0 ],
					"upshot_transport::pulse[1]" : [ 0.0 ],
					"upshot_transport::taptotempo" : [ 0.0 ],
					"upshot_transport::timesig-beats" : [ 4 ],
					"upshot_transport::timesig-unit" : [ "4" ],
					"upshot_transport::transport[1]" : [ 0.0 ],
					"upshot_transport::units" : [ 0.0 ],
					"upshot_transport::volume" : [ 0.0 ],
					"upshot_beams::beam" : [ 4.0 ],
					"upshot_beams::live.toggle" : [ 0.0 ],
					"upshot_beams::live.toggle[1]" : [ 0.0 ],
					"upshot_beams::live.toggle[2]" : [ 0.0 ],
					"upshot_beams::live.toggle[3]" : [ 0.0 ],
					"upshot_beams::live.toggle[4]" : [ 1.0 ],
					"upshot_beams::midiout" : [ 2 ],
					"upshot_beams::pitch_01" : [ 74.0 ],
					"upshot_beams::probability-one" : [ 0.0 ],
					"upshot_beams::probability-one[1]" : [ 100.0 ],
					"upshot_beams::probability-one[3]" : [ 20.0 ],
					"upshot_beams::probability-one[4]" : [ 30.0 ],
					"upshot_beams::probability-zero" : [ 0.0 ],
					"upshot_beams::probability-zero[1]" : [ 40.0 ],
					"upshot_beams::probability-zero[2]" : [ 100.0 ],
					"upshot_beams::random-range" : [ 0, 115 ],
					"upshot_beams::random_note_01" : [ 0.0 ],
					"upshot_beams::refresh" : [ 0.0 ],
					"upshot_beams::root" : [ 0.0 ],
					"upshot_beams::scales" : [ 1.0 ],
					"upshot_beams::state" : [ 1.0 ],
					"upshot_beams::velocity_01" : [ 79.999999999999957 ],
					"upshot_beams[1]::beam" : [ 4.0 ],
					"upshot_beams[1]::live.toggle" : [ 0.0 ],
					"upshot_beams[1]::live.toggle[1]" : [ 0.0 ],
					"upshot_beams[1]::live.toggle[2]" : [ 0.0 ],
					"upshot_beams[1]::live.toggle[3]" : [ 0.0 ],
					"upshot_beams[1]::live.toggle[4]" : [ 1.0 ],
					"upshot_beams[1]::midiout" : [ 2 ],
					"upshot_beams[1]::pitch_01" : [ 74.0 ],
					"upshot_beams[1]::probability-one" : [ 0.0 ],
					"upshot_beams[1]::probability-one[1]" : [ 100.0 ],
					"upshot_beams[1]::probability-one[3]" : [ 20.0 ],
					"upshot_beams[1]::probability-one[4]" : [ 40.236220472440934 ],
					"upshot_beams[1]::probability-zero" : [ 0.0 ],
					"upshot_beams[1]::probability-zero[1]" : [ 35.275590551181111 ],
					"upshot_beams[1]::probability-zero[2]" : [ 100.0 ],
					"upshot_beams[1]::random-range" : [ 0, 115 ],
					"upshot_beams[1]::random_note_01" : [ 0.0 ],
					"upshot_beams[1]::refresh" : [ 0.0 ],
					"upshot_beams[1]::root" : [ 0.0 ],
					"upshot_beams[1]::scales" : [ 1.0 ],
					"upshot_beams[1]::state" : [ 1.0 ],
					"upshot_beams[1]::velocity_01" : [ 79.999999999999957 ],
					"upshot_beams[3]::beam" : [ 3.0 ],
					"upshot_beams[3]::live.toggle" : [ 0.0 ],
					"upshot_beams[3]::live.toggle[1]" : [ 0.0 ],
					"upshot_beams[3]::live.toggle[2]" : [ 0.0 ],
					"upshot_beams[3]::live.toggle[3]" : [ 1.0 ],
					"upshot_beams[3]::live.toggle[4]" : [ 0.0 ],
					"upshot_beams[3]::midiout" : [ 2 ],
					"upshot_beams[3]::pitch_01" : [ 74.0 ],
					"upshot_beams[3]::probability-one" : [ 0.0 ],
					"upshot_beams[3]::probability-one[1]" : [ 100.0 ],
					"upshot_beams[3]::probability-one[3]" : [ 24.724409448818889 ],
					"upshot_beams[3]::probability-one[4]" : [ 30.0 ],
					"upshot_beams[3]::probability-zero" : [ 0.0 ],
					"upshot_beams[3]::probability-zero[1]" : [ 0.0 ],
					"upshot_beams[3]::probability-zero[2]" : [ 70.0 ],
					"upshot_beams[3]::random-range" : [ 0, 115 ],
					"upshot_beams[3]::random_note_01" : [ 0.0 ],
					"upshot_beams[3]::refresh" : [ 0.0 ],
					"upshot_beams[3]::root" : [ 0.0 ],
					"upshot_beams[3]::scales" : [ 1.0 ],
					"upshot_beams[3]::state" : [ 1.0 ],
					"upshot_beams[3]::velocity_01" : [ 79.999999999999957 ],
					"upshot_collatzsequencer::collatz_freetempo" : [ 199.999999999999972 ],
					"upshot_collatzsequencer::collatz_global_quantize" : [ 1.0 ],
					"upshot_collatzsequencer::collatz_input" : [ 2.0 ],
					"upshot_collatzsequencer::collatz_onoff" : [ 1.0 ],
					"upshot_collatzsequencer::duration" : [ 250.0 ],
					"upshot_collatzsequencer::maxduration" : [ 0.0 ],
					"upshot_collatzsequencer::note_number" : [ 60.0 ],
					"upshot_collatzsequencer::random_N" : [ 0.0 ],
					"upshot_collatzsequencer::random_pitch" : [ 0.0 ],
					"upshot_collatzsequencer::root" : [ 0.0 ],
					"upshot_collatzsequencer::rslider" : [ 0, 127 ],
					"upshot_collatzsequencer::scales" : [ 0.0 ],
					"upshot_collatzsequencer::velocity" : [ 100.0 ],
					"upshot_bursts::ceiling" : [ 113.000000000000014 ],
					"upshot_bursts::floor" : [ 33.999999999999964 ],
					"upshot_bursts::output" : [ 34.0 ],
					"upshot_bursts::probability" : [ 74.330708661417248 ],
					"upshot_bursts::smooth" : [ 50.0 ],
					"upshot_bursts::state" : [ 1.0 ],
					"upshot_bursts[1]::ceiling" : [ 113.000000000000014 ],
					"upshot_bursts[1]::floor" : [ 32.999999999999979 ],
					"upshot_bursts[1]::output" : [ 57.62551471934384 ],
					"upshot_bursts[1]::probability" : [ 75.118110236220446 ],
					"upshot_bursts[1]::smooth" : [ 50.0 ],
					"upshot_bursts[1]::state" : [ 1.0 ],
					"upshot_autocontrol::autoonoff" : [ 0.0 ],
					"upshot_autocontrol::custom_value" : [ 49.0 ],
					"upshot_autocontrol::destination_value" : [ 127.0 ],
					"upshot_autocontrol::initial_value" : [ 0.0 ],
					"upshot_autocontrol::interval" : [ 1000.0 ],
					"upshot_autocontrol::live.toggle" : [ 1.0 ],
					"upshot_autocontrol::probability" : [ 100.0 ],
					"upshot_autocontrol::probability-zero" : [ 0.0 ],
					"upshot_autocontrol::ramp" : [ 0.0 ],
					"upshot_autocontrol::ramp_time" : [ 50.0 ],
					"upshot_autocontrol::rslider" : [ 0, 127 ],
					"upshot_beams[2]::beam" : [ 3.0 ],
					"upshot_beams[2]::live.toggle" : [ 0.0 ],
					"upshot_beams[2]::live.toggle[1]" : [ 0.0 ],
					"upshot_beams[2]::live.toggle[2]" : [ 0.0 ],
					"upshot_beams[2]::live.toggle[3]" : [ 1.0 ],
					"upshot_beams[2]::live.toggle[4]" : [ 0.0 ],
					"upshot_beams[2]::midiout" : [ 2 ],
					"upshot_beams[2]::pitch_01" : [ 74.0 ],
					"upshot_beams[2]::probability-one" : [ 0.0 ],
					"upshot_beams[2]::probability-one[1]" : [ 100.0 ],
					"upshot_beams[2]::probability-one[3]" : [ 20.0 ],
					"upshot_beams[2]::probability-one[4]" : [ 30.0 ],
					"upshot_beams[2]::probability-zero" : [ 0.0 ],
					"upshot_beams[2]::probability-zero[1]" : [ 40.0 ],
					"upshot_beams[2]::probability-zero[2]" : [ 70.0 ],
					"upshot_beams[2]::random-range" : [ 0, 115 ],
					"upshot_beams[2]::random_note_01" : [ 0.0 ],
					"upshot_beams[2]::refresh" : [ 0.0 ],
					"upshot_beams[2]::root" : [ 0.0 ],
					"upshot_beams[2]::scales" : [ 1.0 ],
					"upshot_beams[2]::state" : [ 1.0 ],
					"upshot_beams[2]::velocity_01" : [ 79.999999999999957 ],
					"upshot_beams[4]::beam" : [ 4.0 ],
					"upshot_beams[4]::live.toggle" : [ 0.0 ],
					"upshot_beams[4]::live.toggle[1]" : [ 0.0 ],
					"upshot_beams[4]::live.toggle[2]" : [ 0.0 ],
					"upshot_beams[4]::live.toggle[3]" : [ 0.0 ],
					"upshot_beams[4]::live.toggle[4]" : [ 1.0 ],
					"upshot_beams[4]::midiout" : [ 2 ],
					"upshot_beams[4]::pitch_01" : [ 74.0 ],
					"upshot_beams[4]::probability-one" : [ 0.0 ],
					"upshot_beams[4]::probability-one[1]" : [ 0.0 ],
					"upshot_beams[4]::probability-one[3]" : [ 15.0 ],
					"upshot_beams[4]::probability-one[4]" : [ 0.0 ],
					"upshot_beams[4]::probability-zero" : [ 0.0 ],
					"upshot_beams[4]::probability-zero[1]" : [ 0.0 ],
					"upshot_beams[4]::probability-zero[2]" : [ 5.582759315479849 ],
					"upshot_beams[4]::random-range" : [ 0, 115 ],
					"upshot_beams[4]::random_note_01" : [ 0.0 ],
					"upshot_beams[4]::refresh" : [ 0.0 ],
					"upshot_beams[4]::root" : [ 0.0 ],
					"upshot_beams[4]::scales" : [ 1.0 ],
					"upshot_beams[4]::state" : [ 1.0 ],
					"upshot_beams[4]::velocity_01" : [ 79.999999999999957 ],
					"upshot_polysynth::carrier-attack" : [ 0.0 ],
					"upshot_polysynth::carrier-brightness" : [ 0.495237733099072 ],
					"upshot_polysynth::carrier-decay" : [ 0.0 ],
					"upshot_polysynth::carrier-ratio" : [ 1.0 ],
					"upshot_polysynth::carrier-release" : [ 0.0 ],
					"upshot_polysynth::carrier-sustain" : [ 50.393700787401549 ],
					"upshot_polysynth::flush" : [ 0.0 ],
					"upshot_polysynth::midiout" : [ 1 ],
					"upshot_polysynth::modulator-attack" : [ 1.437485346916778 ],
					"upshot_polysynth::modulator-decay" : [ 81.965633541668055 ],
					"upshot_polysynth::modulator-release" : [ 81.965633541668012 ],
					"upshot_polysynth::modulator-sustain" : [ 17.32283464566936 ],
					"upshot_polysynth::refresh" : [ 0.0 ],
					"upshot_polysynth::volume" : [ -25.852651637591059 ],
					"upshot_polysynth::wave-type" : [ 1 ],
					"upshot_easyarp::chords" : [ 84.0 ],
					"upshot_easyarp::collatz_global_quantize" : [ 8.0 ],
					"upshot_easyarp::direction" : [ 2.0 ],
					"upshot_easyarp::freetempo" : [ 200.0 ],
					"upshot_easyarp::midiout" : [ 0 ],
					"upshot_easyarp::octaves" : [ 2.0 ],
					"upshot_easyarp::refresh" : [ 0.0 ],
					"upshot_easyarp::transport[1]" : [ 0.0 ],
					"upshot_truerandom::output" : [ 93 ],
					"upshot_truerandom::randomhigh" : [ 127 ],
					"upshot_truerandom::randomlow" : [ 0 ],
					"upshot_echo::bypass" : [ 0.0 ],
					"upshot_echo::feedback" : [ 50.0 ],
					"upshot_echo::interv" : [ 7.0 ],
					"upshot_echo::interval" : [ 7.0 ],
					"upshot_echo::sync" : [ 1.0 ],
					"upshot_echo::time" : [ 696.220472440944263 ],
					"upshot_echo::volume" : [ -6.566929133858274 ],
					"upshot_yafrverb::damping" : [ 50.0 ],
					"upshot_yafrverb::decay time" : [ 79.55118110236225 ],
					"upshot_yafrverb::diffiusion" : [ 85.314960629921245 ],
					"upshot_yafrverb::dry/wet" : [ 87.0 ],
					"upshot_yafrverb::room size" : [ 64.000000000000043 ],
					"upshot_yafrverb::volume" : [ 0.318932216914874 ],
					"upshot_polysynth[1]::carrier-attack" : [ 0.0 ],
					"upshot_polysynth[1]::carrier-brightness" : [ 0.0 ],
					"upshot_polysynth[1]::carrier-decay" : [ 0.0 ],
					"upshot_polysynth[1]::carrier-ratio" : [ 0.0 ],
					"upshot_polysynth[1]::carrier-release" : [ 0.0 ],
					"upshot_polysynth[1]::carrier-sustain" : [ 0.0 ],
					"upshot_polysynth[1]::flush" : [ 0.0 ],
					"upshot_polysynth[1]::midiout" : [ 1 ],
					"upshot_polysynth[1]::modulator-attack" : [ 1.437485346916778 ],
					"upshot_polysynth[1]::modulator-decay" : [ 81.965633541668055 ],
					"upshot_polysynth[1]::modulator-release" : [ 81.965633541668623 ],
					"upshot_polysynth[1]::modulator-sustain" : [ 17.32283464566936 ],
					"upshot_polysynth[1]::refresh" : [ 0.0 ],
					"upshot_polysynth[1]::volume" : [ -8.960629921259901 ],
					"upshot_polysynth[1]::wave-type" : [ 1 ],
					"upshot_envelope::envelope output" : [ 1.965474753236942 ],
					"upshot_envelope::functions" : [ "data", 0, 16, 1000.0, 0.0, 1.0, 0.0, 0.0, 0, 0.0, 520.602799535252188, 0.0, 0, 0.0, 1000.0, 0.0, 2, 0.0, "curve", "data", 1, 24, 1000.0, 0.0, 1.0, 0.0, 0.0, 0, 0.0, 380.731616340831692, 0.0, 2, 0.0, 424.761904761904759, 0.890243902439024, 2, 0.0, 504.81089175523698, 0.0, 0, -0.0, 1000.0, 0.0, 0, -0.005, "curve", "data", 2, 28, 1000.0, 0.0, 1.0, 0.0, 0.0, 0, 0.0, 110.013197254856451, 0.471299137387957, 0, 0.0, 301.639343999999994, 0.430233, 0, 0.0, 669.497930032538534, 0.0, 0, 0.0, 992.104046109992396, 0.0, 0, 0.0, 1000.0, 0.0, 0, 0.0, "curve", "data", 3, 24, 1000.0, 0.0, 1.0, 0.0, 0.0, 0, 0.0, 326.587932523636653, 0.0, 0, 0.0, 721.38562702401714, 0.0, 0, 0.0, 956.008256898528998, 0.453441994530814, 0, 0.0, 1000.0, 0.0, 0, 0.0, "curve", "data", 4, 24, 1000.0, 0.0, 1.0, 0.0, 0.0, 0, 0.0, 481.904761904761926, 0.774390243902439, 0, 0.318, 586.026417481029512, 0.3016562802451, 0, 0.56, 716.873653372584272, 0.0, 0, 0.0, 1000.0, 0.0, 0, 0.0, "curve", "data", 5, 28, 1000.0, 0.0, 1.0, 0.0, 0.0, 0, 0.0, 137.085039163453956, 0.0, 0, 0.0, 581.514443829596644, 0.185584851673671, 0, 0.0, 710.105692895434913, 0.515941994530814, 0, 0.0, 845.464902438422428, 0.1766562802451, 0, 0.0, 1000.0, 0.0, 0, 0.0, "curve", "data", 6, 24, 1000.0, 0.0, 1.0, 1.904761904761905, 0.0, 0, 0.0, 358.095238095238074, 0.195121951219512, 0, 0.0, 420.952380952380963, 0.75, 0, 0.0, 577.002470178163662, 0.0, 0, 0.0, 1000.0, 0.0, 0, 0.0, "curve", "data", 7, 28, 1000.0, 0.0, 1.0, 0.0, 0.0, 0, 0.0, 314.285714285714278, 0.018292682926829, 0, 0.0, 472.380952380952408, 0.518292682926829, 0, 0.0, 729.523809523809518, 0.0, 0, 0.0, 856.744836567004768, 0.149870565959385, 0, 0.0, 1000.0, 0.0, 0, 0.0, "curve" ],
					"upshot_envelope::selected function" : [ 6.0 ],
					"upshot_envelope::speed" : [ 0.041181102362205 ],
					"upshot_envelope::state" : [ 1.0 ],
					"upshot_chords::chords" : [ 84.0 ],
					"upshot_chords::midiout" : [ 0 ],
					"upshot_chords::refresh" : [ 0.0 ],
					"upshot_chords::refresh[1]" : [ 0.0 ],
					"upshot_polysynth[2]::carrier-attack" : [ 0.0 ],
					"upshot_polysynth[2]::carrier-brightness" : [ 0.0 ],
					"upshot_polysynth[2]::carrier-decay" : [ 0.0 ],
					"upshot_polysynth[2]::carrier-ratio" : [ 0.0 ],
					"upshot_polysynth[2]::carrier-release" : [ 0.0 ],
					"upshot_polysynth[2]::carrier-sustain" : [ 0.0 ],
					"upshot_polysynth[2]::flush" : [ 0.0 ],
					"upshot_polysynth[2]::midiout" : [ 1 ],
					"upshot_polysynth[2]::modulator-attack" : [ 1967.261607127179332 ],
					"upshot_polysynth[2]::modulator-decay" : [ 1163.244681947022627 ],
					"upshot_polysynth[2]::modulator-release" : [ 238.887179180299739 ],
					"upshot_polysynth[2]::modulator-sustain" : [ 12.598425196850465 ],
					"upshot_polysynth[2]::refresh" : [ 0.0 ],
					"upshot_polysynth[2]::volume" : [ -23.195402911328898 ],
					"upshot_polysynth[2]::wave-type" : [ 3 ],
					"upshot_yafrverb[1]::damping" : [ 50.0 ],
					"upshot_yafrverb[1]::decay time" : [ 79.55118110236225 ],
					"upshot_yafrverb[1]::diffiusion" : [ 85.314960629921245 ],
					"upshot_yafrverb[1]::dry/wet" : [ 50.0 ],
					"upshot_yafrverb[1]::room size" : [ 64.000000000000043 ],
					"upshot_yafrverb[1]::volume" : [ 0.0 ],
					"upshot_distortion::distortion" : [ 100.0 ],
					"upshot_distortion::dry/wet" : [ 71.07999264327735 ],
					"upshot_distortion::volume" : [ -17.69774830777731 ],
					"upshot_waveslope::output" : [ 90.271590656962232 ],
					"upshot_waveslope::output_range" : [ 0, 127 ],
					"upshot_waveslope::speed" : [ 0.401574803149606 ],
					"upshot_waveslope::waveshape" : [ 0.0 ],
					"upshot_waveslope[1]::output" : [ 110.831121902314408 ],
					"upshot_waveslope[1]::output_range" : [ 16, 117 ],
					"upshot_waveslope[1]::speed" : [ 0.307086614173228 ],
					"upshot_waveslope[1]::waveshape" : [ 0.0 ],
					"upshot_limiter::bypass" : [ 0.0 ],
					"upshot_limiter::ingain" : [ 49.60629921259838 ],
					"upshot_limiter::mode" : [ 0.0 ],
					"upshot_limiter::outgain" : [ 52.755905511810965 ],
					"upshot_limiter::threshold" : [ 49.606299212598529 ],
					"upshot_limiter::volume" : [ 0.0 ],
					"upshot_fauxstereo::mode" : [ 1.0 ],
					"upshot_fauxstereo::width" : [ 63.999999999999957 ]
				}

			}

		}

	}

}
