{
	"pattrstorage" : 	{
		"name" : "upshot",
		"slots" : 		{
			"1" : 			{
				"id" : 1,
				"data" : 				{
					"upshot_rain::RainDecay" : [ 1.0 ],
					"upshot_rain::RainIntensity" : [ 1733.489986979974447 ],
					"upshot_rain::RainPitch" : [ 20.0 ],
					"upshot_rain::RainPitchRange" : [ 645.049290098580059 ],
					"upshot_rain::RainResonance" : [ 0.0 ],
					"upshot_rain::background-noise" : [ 55.559055118110095 ],
					"upshot_rain::state" : [ 0.0 ],
					"upshot_rain::vol-pinknoise" : [ -37.877115754231596 ],
					"upshot_rain::vol-pinknoise[1]" : [ -0.369672863057076 ],
					"upshot_rain::volume" : [ 0.0 ],
					"upshot_output::DSP state" : [ 1.0 ],
					"upshot_output::output volumes" : [ 0.0 ],
					"upshot_peacefulpiano::auto-pedal" : [ 0.0 ],
					"upshot_peacefulpiano::midiout" : [ 1 ],
					"upshot_peacefulpiano::number" : [ 36 ],
					"upshot_peacefulpiano::pedal" : [ 0.0 ],
					"upshot_peacefulpiano::pp_bpm" : [ 100.0 ],
					"upshot_peacefulpiano::pp_root" : [ 35.999999999999993 ],
					"upshot_peacefulpiano::pp_velocity" : [ 80.0 ],
					"upshot_peacefulpiano::refresh" : [ 0.0 ],
					"upshot_peacefulpiano::scale" : [ 0 ],
					"upshot_peacefulpiano::state" : [ 0.0 ],
					"upshot_polysynth::carrier-attack" : [ 0.0 ],
					"upshot_polysynth::carrier-brightness" : [ 0.0 ],
					"upshot_polysynth::carrier-decay" : [ 0.0 ],
					"upshot_polysynth::carrier-ratio" : [ 0.0 ],
					"upshot_polysynth::carrier-release" : [ 0.0 ],
					"upshot_polysynth::carrier-sustain" : [ 0.0 ],
					"upshot_polysynth::midiout" : [ 1 ],
					"upshot_polysynth::modulator-attack" : [ 1.437485346916837 ],
					"upshot_polysynth::modulator-decay" : [ 81.965633541668893 ],
					"upshot_polysynth::modulator-release" : [ 36.387570970551288 ],
					"upshot_polysynth::modulator-sustain" : [ 12.598425196850465 ],
					"upshot_polysynth::refresh" : [ 0.0 ],
					"upshot_polysynth::volume" : [ -4.067565949772614 ],
					"upshot_polysynth::wave-type" : [ 1 ],
					"upshot_mixer::audio to 1" : [ 0.0 ],
					"upshot_mixer::audio to 2" : [ 0.0 ],
					"upshot_mixer::audio to 3" : [ 0.0 ],
					"upshot_mixer::audio to 4" : [ 0.0 ],
					"upshot_mixer::audio to 5" : [ 4.0 ],
					"upshot_mixer::audio to 6" : [ 5.0 ],
					"upshot_mixer::audio to 7" : [ 6.0 ],
					"upshot_mixer::audio to 8" : [ 7.0 ],
					"upshot_mixer::channel 1" : [ -11.246562901027133 ],
					"upshot_mixer::channel 2" : [ 0.0 ],
					"upshot_mixer::channel 3" : [ -32.653586111467263 ],
					"upshot_mixer::channel 4" : [ -70.0 ],
					"upshot_mixer::channel 5" : [ 0.0 ],
					"upshot_mixer::channel 6" : [ 0.0 ],
					"upshot_mixer::channel 7" : [ 0.0 ],
					"upshot_mixer::channel 8" : [ 0.0 ],
					"upshot_mixer::channel_01_mute" : [ 1.0 ],
					"upshot_mixer::channel_02_mute" : [ 1.0 ],
					"upshot_mixer::channel_03_mute" : [ 1.0 ],
					"upshot_mixer::channel_04_mute" : [ 1.0 ],
					"upshot_mixer::channel_05_mute" : [ 1.0 ],
					"upshot_mixer::channel_06_mute" : [ 1.0 ],
					"upshot_mixer::channel_07_mute" : [ 1.0 ],
					"upshot_mixer::channel_08_mute" : [ 1.0 ],
					"upshot_easyverb::bypass" : [ 0.0 ],
					"upshot_easyverb::decay" : [ 79.999999999999986 ],
					"upshot_easyverb::volume" : [ 0.0 ],
					"upshot_noisegenerator::filter-type" : [ 2.0 ],
					"upshot_noisegenerator::noise-type" : [ 1.0 ],
					"upshot_noisegenerator::volume" : [ -70.0 ],
					"upshot_yafrverb::damping" : [ 50.0 ],
					"upshot_yafrverb::decay time" : [ 79.55118110236225 ],
					"upshot_yafrverb::diffiusion" : [ 85.314960629921245 ],
					"upshot_yafrverb::dry/wet" : [ 100.0 ],
					"upshot_yafrverb::room size" : [ 64.000000000000043 ],
					"upshot_yafrverb::volume" : [ 0.0 ],
					"upshot_panner::panLR" : [ 0.0 ],
					"upshot_panner::pan_fadetime" : [ 20.0 ],
					"upshot_waveslope::output" : [ 64.064032869790481 ],
					"upshot_waveslope::output_range" : [ 63, 83 ],
					"upshot_waveslope::speed" : [ 0.68503937007874 ],
					"upshot_waveslope::waveshape" : [ 0.0 ],
					"upshot_7bitprobability::button" : [ 1.0 ],
					"upshot_7bitprobability::itable" : [ 0, 89, 89, 89, 89, 89, 89, 89, 89, 89, 89, 89, 89, 89, 89, 89, 89, 89, 89, 89, 89, 89, 89, 89, 89, 89, 89, 89, 89, 89, 89, 89, 89, 89, 89, 89, 89, 89, 89, 89, 89, 89, 89, 89, 89, 89, 89, 89, 89, 89, 89, 89, 89, 89, 89, 89, 89, 89, 89, 89, 89, 0, 0, 0, 0, 0, 0, 0, 0, 0, 0, 0, 0, 0, 0, 0, 0, 0, 0, 0, 0, 0, 0, 0, 0, 0, 0, 0, 0, 0, 0, 0, 0, 0, 0, 0, 0, 0, 0, 0, 0, 0, 0, 0, 0, 0, 0, 0, 0, 0, 0, 0, 0, 0, 0, 0, 0, 0, 0, 0, 0, 0, 0, 0, 0, 0, 0, 0 ],
					"upshot_noisegenerator[1]::filter-type" : [ 0.0 ],
					"upshot_noisegenerator[1]::noise-type" : [ 1.0 ],
					"upshot_noisegenerator[1]::volume" : [ -10.781496062992126 ],
					"upshot_envelope::envelope output" : [ 0.0 ],
					"upshot_envelope::functions" : [ "data", 0, 16, 1000.0, 0.0, 1.0, 0.0, 0.0, 0, 0.0, 499.047619047619037, 1.0, 0, 0.0, 1000.0, 0.0, 2, 0.0, "curve", "data", 1, 20, 1000.0, 0.0, 1.0, 0.0, 0.0, 0, 0.0, 424.761904761904759, 0.890243902439024, 2, 0.0, 580.952380952380963, 0.384146341463415, 0, -0.0, 1000.0, 0.0, 0, -0.005, "curve", "data", 2, 24, 1000.0, 0.0, 1.0, 0.0, 0.0, 0, 0.0, 193.442622999999998, 1.0, 0, 0.0, 301.639343999999994, 0.430233, 0, 0.0, 675.409836000000041, 0.436047, 0, 0.0, 1000.0, 0.0, 0, 0.0, "curve", "data", 3, 36, 1000.0, 0.0, 1.0, 0.0, 0.0, 0, 0.0, 377.049179999999978, 1.0, 0, 0.0, 439.344262000000015, 0.0, 0, 0.0, 603.278688999999986, 0.824675, 0, 0.0, 708.196721000000025, 0.0, 0, 0.0, 757.377049000000056, 0.0, 0, 0.0, 832.786884999999984, 0.590909, 0, 0.0, 1000.0, 0.0, 0, 0.0, "curve", "data", 4, 20, 1000.0, 0.0, 1.0, 0.0, 0.0, 0, 0.0, 481.904761904761926, 0.774390243902439, 0, 0.318, 897.14285714285711, 1.0, 0, 0.56, 1000.0, 0.0, 0, 0.0, "curve", "data", 5, 20, 1000.0, 0.0, 1.0, 0.0, 0.0, 0, 0.0, 118.095238095238102, 0.75, 0, 0.0, 706.666666666666629, 1.0, 0, 0.0, 1000.0, 0.0, 0, 0.0, "curve", "data", 6, 28, 1000.0, 0.0, 1.0, 1.904761904761905, 0.0, 0, 0.0, 358.095238095238074, 0.195121951219512, 0, 0.0, 420.952380952380963, 0.75, 0, 0.0, 577.14285714285711, 1.0, 0, 0.0, 800.0, 1.0, 0, 0.0, 1000.0, 0.0, 0, 0.0, "curve", "data", 7, 28, 1000.0, 0.0, 1.0, 0.0, 0.0, 0, 0.0, 314.285714285714278, 0.018292682926829, 0, 0.0, 472.380952380952408, 0.518292682926829, 0, 0.0, 729.523809523809518, 0.0, 0, 0.0, 859.047619047619037, 1.0, 0, 0.0, 1000.0, 0.0, 0, 0.0, "curve" ],
					"upshot_envelope::selected function" : [ 4.0 ],
					"upshot_envelope::speed" : [ 0.087952755905512 ],
					"upshot_envelope::state" : [ 1.0 ],
					"upshot_filter::bypass" : [ 0.0 ],
					"upshot_filter::filter-type" : [ 2 ],
					"upshot_filter::frequency" : [ 0.0 ],
					"upshot_filter::gain" : [ 0.504698096010374 ],
					"upshot_filter::resonance" : [ 0.0001 ],
					"upshot_filter::volume" : [ -5.0 ],
					"upshot_1bitprobability::probability-one" : [ 90.0 ],
					"upshot_1bitprobability::probability-zero" : [ 10.0 ]
				}

			}

		}

	}

}
