{
	"pattrstorage" : 	{
		"name" : "upshot",
		"slots" : 		{
			"1" : 			{
				"id" : 1,
				"data" : 				{
					"upshot_output::DSP state" : [ 1.0 ],
					"upshot_output::output volumes" : [ 0.0 ],
					"upshot_mixer::audio to 1" : [ 0.0 ],
					"upshot_mixer::audio to 2" : [ 0.0 ],
					"upshot_mixer::audio to 3" : [ 0.0 ],
					"upshot_mixer::audio to 4" : [ 0.0 ],
					"upshot_mixer::audio to 5" : [ 0.0 ],
					"upshot_mixer::audio to 6" : [ 0.0 ],
					"upshot_mixer::audio to 7" : [ 0.0 ],
					"upshot_mixer::audio to 8" : [ 0.0 ],
					"upshot_mixer::channel 1" : [ 0.0 ],
					"upshot_mixer::channel 2" : [ -0.577490879939162 ],
					"upshot_mixer::channel 3" : [ 0.171449156402474 ],
					"upshot_mixer::channel 4" : [ -15.535698027122677 ],
					"upshot_mixer::channel 5" : [ 0.0 ],
					"upshot_mixer::channel 6" : [ 0.448912653084491 ],
					"upshot_mixer::channel 7" : [ 0.0 ],
					"upshot_mixer::channel 8" : [ 0.0 ],
					"upshot_mixer::channel_01_mute" : [ 1.0 ],
					"upshot_mixer::channel_01_solo" : [ 0.0 ],
					"upshot_mixer::channel_01_solo[1]" : [ 0.0 ],
					"upshot_mixer::channel_02_mute" : [ 1.0 ],
					"upshot_mixer::channel_02_solo" : [ 0.0 ],
					"upshot_mixer::channel_02_solo[1]" : [ 0.0 ],
					"upshot_mixer::channel_02_solo[2]" : [ 0.0 ],
					"upshot_mixer::channel_03_mute" : [ 1.0 ],
					"upshot_mixer::channel_03_solo" : [ 0.0 ],
					"upshot_mixer::channel_03_solo[1]" : [ 0.0 ],
					"upshot_mixer::channel_03_solo[2]" : [ 0.0 ],
					"upshot_mixer::channel_04_mute" : [ 1.0 ],
					"upshot_mixer::channel_05_mute" : [ 1.0 ],
					"upshot_mixer::channel_06_mute" : [ 1.0 ],
					"upshot_mixer::channel_07_mute" : [ 1.0 ],
					"upshot_mixer::channel_08_mute" : [ 1.0 ],
					"upshot_audiofileplayer::AFP-vol" : [ 0.0 ],
					"upshot_audiofileplayer::loop state" : [ 1.0 ],
					"upshot_audiofileplayer::open file" : [ 0.0 ],
					"upshot_audiofileplayer::pause" : [ 0.0 ],
					"upshot_audiofileplayer::state" : [ 0.0 ],
					"upshot_endlessreverb::fade" : [ 1000.0 ],
					"upshot_endlessreverb::grab" : [ 0.0 ],
					"upshot_endlessreverb::volume" : [ 0.0 ],
					"upshot_endlessreverb[1]::fade" : [ 1000.0 ],
					"upshot_endlessreverb[1]::grab" : [ 0.0 ],
					"upshot_endlessreverb[1]::volume" : [ 0.0 ],
					"upshot_glitchlooper::Loop End Position" : [ 2.0 ],
					"upshot_glitchlooper::Loop Start Position" : [ 90.0 ],
					"upshot_glitchlooper::RandomState" : [ 1.0 ],
					"upshot_glitchlooper::interv" : [ 4.0 ],
					"upshot_glitchlooper::quantizedinterval" : [ 4.0 ],
					"upshot_glitchlooper::refresh" : [ 0.0 ],
					"upshot_glitchlooper::state" : [ 1.0 ],
					"upshot_glitchlooper::sync" : [ 0.0 ],
					"upshot_glitchlooper::time" : [ 95.770078740157473 ],
					"upshot_glitchlooper::volume" : [ 0.0 ],
					"upshot_glitchlooper[1]::Loop End Position" : [ 26.0 ],
					"upshot_glitchlooper[1]::Loop Start Position" : [ 97.0 ],
					"upshot_glitchlooper[1]::RandomState" : [ 1.0 ],
					"upshot_glitchlooper[1]::interv" : [ 11.0 ],
					"upshot_glitchlooper[1]::quantizedinterval" : [ 11.0 ],
					"upshot_glitchlooper[1]::refresh" : [ 0.0 ],
					"upshot_glitchlooper[1]::state" : [ 1.0 ],
					"upshot_glitchlooper[1]::sync" : [ 0.0 ],
					"upshot_glitchlooper[1]::time" : [ 111.20472440944971 ],
					"upshot_glitchlooper[1]::volume" : [ 0.0 ],
					"upshot_panner::panLR" : [ 60.756799999999977 ],
					"upshot_panner::pan_fadetime" : [ 20.0 ],
					"upshot_panner[1]::panLR" : [ 95.25 ],
					"upshot_panner[1]::pan_fadetime" : [ 20.0 ],
					"upshot_gameoflife::GoL-globalchance-%" : [ 85.0 ],
					"upshot_gameoflife::GoL-globalramp-t" : [ 500.0 ],
					"upshot_gameoflife::GoL-speed" : [ 100.0 ],
					"upshot_gameoflife::gol-out[0]" : [ 124.459999999999994 ],
					"upshot_gameoflife::gol-out[1]" : [ 50.800000000000004 ],
					"upshot_gameoflife::gol-out[2]" : [ 60.756799999999977 ],
					"upshot_gameoflife::gol-out[3]" : [ 62.331599999999945 ],
					"upshot_gameoflife::gol-out[4]" : [ 95.25 ],
					"upshot_gameoflife::gol-out[5]" : [ 31.75 ],
					"upshot_gameoflife::gol-out[6]" : [ 115.570000000000007 ],
					"upshot_gameoflife::gol-out[7]" : [ 36.829999999999998 ],
					"upshot_gameoflife::probability" : [ 85.0 ],
					"upshot_gameoflife::ramp" : [ 1.0 ],
					"upshot_gameoflife::ramptime" : [ 500.0 ],
					"upshot_gameoflife::rslider" : [ 0, 90 ],
					"upshot_gameoflife::spawnlife" : [ 1.0 ],
					"upshot_gameoflife::triggerlife" : [ 0.0 ],
					"upshot_1bitprobability::change" : [ 1.0 ],
					"upshot_1bitprobability::probability-one" : [ 50.0 ],
					"upshot_1bitprobability::probability-zero" : [ 50.0 ],
					"upshot_1bitprobability[1]::change" : [ 1.0 ],
					"upshot_1bitprobability[1]::probability-one" : [ 50.0 ],
					"upshot_1bitprobability[1]::probability-zero" : [ 50.0 ],
					"upshot_1bitprobability[2]::change" : [ 1.0 ],
					"upshot_1bitprobability[2]::probability-one" : [ 90.157480314960608 ],
					"upshot_1bitprobability[2]::probability-zero" : [ 9.842519685039392 ],
					"upshot_envelopefollower::envelope output" : [ 0.0 ],
					"upshot_envelopefollower::smoothing" : [ 11.023622047244094 ],
					"upshot_compare::change" : [ 1.0 ],
					"upshot_compare::compare" : [ 2 ],
					"upshot_compare::compare value" : [ 64.000000000000085 ],
					"upshot_1bitprobability[3]::change" : [ 1.0 ],
					"upshot_1bitprobability[3]::probability-one" : [ 50.0 ],
					"upshot_1bitprobability[3]::probability-zero" : [ 50.0 ],
					"upshot_1bitprobability[4]::change" : [ 1.0 ],
					"upshot_1bitprobability[4]::probability-one" : [ 50.0 ],
					"upshot_1bitprobability[4]::probability-zero" : [ 50.0 ],
					"upshot_granular::play" : [ 0.0 ],
					"upshot_granular::range max" : [ 40.0 ],
					"upshot_granular::range min" : [ 98.0 ],
					"upshot_granular::record[1]" : [ 0.0 ],
					"upshot_granular::volume" : [ 0.0 ],
					"upshot_1bitprobability[5]::change" : [ 0.0 ],
					"upshot_1bitprobability[5]::probability-one" : [ 70.472440944881868 ],
					"upshot_1bitprobability[5]::probability-zero" : [ 29.527559055118132 ],
					"upshot_compare[1]::change" : [ 0.0 ],
					"upshot_compare[1]::compare" : [ 2 ],
					"upshot_compare[1]::compare value" : [ 64.000000000000085 ],
					"upshot_1bitprobability[6]::change" : [ 1.0 ],
					"upshot_1bitprobability[6]::probability-one" : [ 49.212598425196852 ],
					"upshot_1bitprobability[6]::probability-zero" : [ 50.787401574803148 ],
					"upshot_reversestretch::buffsize" : [ 0.0 ],
					"upshot_reversestretch::live.numbox" : [ -0.1 ],
					"upshot_reversestretch::play/stop" : [ 0.0 ],
					"upshot_reversestretch::record" : [ 1.0 ],
					"upshot_reversestretch::stretch" : [ 100.0 ],
					"upshot_reversestretch::transpose" : [ -12.0 ],
					"upshot_reversestretch::volume" : [ 0.0 ],
					"upshot_easyverb[1]::bypass" : [ 0.0 ],
					"upshot_easyverb[1]::decay" : [ 78.999999999999972 ],
					"upshot_easyverb[1]::volume" : [ 0.0 ],
					"upshot_1bitprobability[7]::change" : [ 1.0 ],
					"upshot_1bitprobability[7]::probability-one" : [ 27.952755905511879 ],
					"upshot_1bitprobability[7]::probability-zero" : [ 72.047244094488121 ],
					"upshot_microlooper::duration" : [ 84.015748031496031 ],
					"upshot_microlooper::gain" : [ -3.33168867677368 ],
					"upshot_microlooper::live.text" : [ 1.0 ],
					"upshot_microlooper::osc-floor" : [ -58.866141732283374 ],
					"upshot_microlooper::osc-speed" : [ 0.204724416136742 ],
					"upshot_microlooper::ramp down" : [ 0.5 ],
					"upshot_microlooper::ramp-up" : [ 0.5 ],
					"upshot_microlooper::refresh" : [ 0.0 ],
					"upshot_microlooper::state" : [ 1.0 ],
					"upshot_microlooper::voloscstate" : [ 1.0 ],
					"upshot_1bitprobability[8]::change" : [ 1.0 ],
					"upshot_1bitprobability[8]::probability-one" : [ 50.0 ],
					"upshot_1bitprobability[8]::probability-zero" : [ 50.0 ],
					"upshot_limiter::bypass" : [ 0.0 ],
					"upshot_limiter::ingain" : [ 49.60629921259838 ],
					"upshot_limiter::mode" : [ 0.0 ],
					"upshot_limiter::outgain" : [ 56.692913385826706 ],
					"upshot_limiter::threshold" : [ 48.818897637795267 ],
					"upshot_limiter::volume" : [ 0.0 ],
					"upshot_recnplay::buffersize" : [ 1000.0 ],
					"upshot_recnplay::play" : [ 0.0 ],
					"upshot_recnplay::record" : [ 0.0 ],
					"upshot_recnplay::stop" : [ 0.0 ],
					"upshot_recnplay::volume" : [ 0.0 ],
					"upshot_easyverb[2]::bypass" : [ 0.0 ],
					"upshot_easyverb[2]::decay" : [ 78.999999999999972 ],
					"upshot_easyverb[2]::volume" : [ 0.0 ],
					"upshot_1bitprobability[9]::change" : [ 0.0 ],
					"upshot_1bitprobability[9]::probability-one" : [ 50.0 ],
					"upshot_1bitprobability[9]::probability-zero" : [ 50.0 ],
					"upshot_zerogravity::duration" : [ 200.0 ],
					"upshot_zerogravity::flush" : [ 0.0 ],
					"upshot_zerogravity::maxduration" : [ 0.0 ],
					"upshot_zerogravity::quantization" : [ 13.0 ],
					"upshot_zerogravity::range_max" : [ 108.0 ],
					"upshot_zerogravity::retrigger" : [ 0.0 ],
					"upshot_zerogravity::root" : [ 12.0 ],
					"upshot_zerogravity::scales" : [ 0.0 ],
					"upshot_zerogravity::size" : [ 5.0 ],
					"upshot_zerogravity::speed" : [ 8.543307086614195 ],
					"upshot_zerogravity::speedlim" : [ 80.0 ],
					"upshot_zerogravity::state" : [ 1.0 ],
					"upshot_zerogravity::sync" : [ 0.0 ],
					"upshot_zerogravity::wall collisions" : [ 0.0 ],
					"upshot_slicer::kslider" : [ -1 ],
					"upshot_slicer::midiout" : [ 1 ],
					"upshot_slicer::record" : [ 1.0 ],
					"upshot_slicer::refresh" : [ 0.0 ],
					"upshot_slicer::sliceplaytime[1]" : [ 200.0 ],
					"upshot_slicer::sliceplaytime[2]" : [ 50.0 ],
					"upshot_slicer::slicerrange" : [ 0, 127 ],
					"upshot_slicer::volume[1]" : [ 0.0 ],
					"upshot_slicer::window" : [ 1.0 ],
					"upshot_filter::bypass" : [ 0.0 ],
					"upshot_filter::filter-type" : [ 2 ],
					"upshot_filter::frequency" : [ 1116.562674070241655 ],
					"upshot_filter::gain" : [ 0.861525896280154 ],
					"upshot_filter::resonance" : [ 1.05546368644671 ],
					"upshot_filter::volume" : [ 0.0 ],
					"upshot_panner[2]::panLR" : [ 36.829999999999998 ],
					"upshot_panner[2]::pan_fadetime" : [ 20.0 ],
					"upshot_delay::L1" : [ 33.999999999999979 ],
					"upshot_delay::L2" : [ 83.999999999999957 ],
					"upshot_delay::R1" : [ 49.0 ],
					"upshot_delay::R2" : [ 98.999999999999943 ],
					"upshot_delay::bypass" : [ 0.0 ],
					"upshot_delay::feedback" : [ 74.999999999999972 ],
					"upshot_delay::volume" : [ 6.0 ]
				}

			}

		}

	}

}
