{
	"pattrstorage" : 	{
		"name" : "upshot",
		"slots" : 		{
			"1" : 			{
				"id" : 1,
				"data" : 				{
					"upshot_output::DSP state" : [ 1.0 ],
					"upshot_output::output volumes" : [ 0.0 ],
					"upshot_looper::autoplay" : [ 1.0 ],
					"upshot_looper::buffer_size" : [ 1000.0 ],
					"upshot_looper::loop playback speed" : [ 1.0 ],
					"upshot_looper::loop recording" : [ 0.0 ],
					"upshot_looper::loop-end" : [ 505.0 ],
					"upshot_looper::loop-start" : [ 164.0 ],
					"upshot_looper::mode" : [ 0.0 ],
					"upshot_looper::number" : [ 0.99 ],
					"upshot_looper::number[1]" : [ 0.01 ],
					"upshot_looper::pitchshift" : [ 0.0 ],
					"upshot_looper::play" : [ 1.0 ],
					"upshot_looper::random" : [ 1.0 ],
					"upshot_looper::random_speed" : [ 140.472440944881953 ],
					"upshot_looper::randompitch" : [ 0.0 ],
					"upshot_looper::record" : [ 0.0 ],
					"upshot_looper::reset-pitch" : [ 0.0 ],
					"upshot_looper::reset-speed" : [ 0.0 ],
					"upshot_looper::volume" : [ 0.0 ],
					"upshot_granular::fade-time" : [ 2000.0 ],
					"upshot_granular::play" : [ 0.0 ],
					"upshot_granular::range max" : [ 64.566929133858267 ],
					"upshot_granular::range min" : [ 3.149606299212598 ],
					"upshot_granular::record[1]" : [ 0.0 ],
					"upshot_granular::volume" : [ 0.89084463044415 ],
					"upshot_collatzsequencer::collatz_freetempo" : [ 250.0 ],
					"upshot_collatzsequencer::collatz_global_quantize" : [ 0.0 ],
					"upshot_collatzsequencer::collatz_input" : [ 3.0 ],
					"upshot_collatzsequencer::collatz_onoff" : [ 1.0 ],
					"upshot_collatzsequencer::duration" : [ 250.0 ],
					"upshot_collatzsequencer::maxduration" : [ 0.0 ],
					"upshot_collatzsequencer::note_number" : [ 60.0 ],
					"upshot_collatzsequencer::random_N" : [ 0.0 ],
					"upshot_collatzsequencer::random_pitch" : [ 0.0 ],
					"upshot_collatzsequencer::root" : [ 0.0 ],
					"upshot_collatzsequencer::rslider" : [ 0, 127 ],
					"upshot_collatzsequencer::scales" : [ 0.0 ],
					"upshot_collatzsequencer::velocity" : [ 100.0 ],
					"upshot_waveslope::output" : [ 103.665699406734106 ],
					"upshot_waveslope::output_range" : [ 0, 127 ],
					"upshot_waveslope::speed" : [ 0.803149606299212 ],
					"upshot_waveslope::waveshape" : [ 0.0 ],
					"upshot_compare::compare" : [ 2 ],
					"upshot_compare::compare value" : [ 50.0 ],
					"upshot_audiofileplayer[1]::AFP-vol" : [ 0.0 ],
					"upshot_audiofileplayer[1]::loop state" : [ 1.0 ],
					"upshot_audiofileplayer[1]::open file" : [ 0.0 ],
					"upshot_audiofileplayer[1]::pause" : [ 0.0 ],
					"upshot_audiofileplayer[1]::state" : [ 0.0 ],
					"upshot_1bitprobability::probability-one" : [ 30.0 ],
					"upshot_1bitprobability::probability-zero" : [ 70.0 ],
					"upshot_1bitprobability[1]::probability-one" : [ 70.0 ],
					"upshot_1bitprobability[1]::probability-zero" : [ 30.0 ],
					"upshot_mixer::audio to 1" : [ 0.0 ],
					"upshot_mixer::audio to 2" : [ 0.0 ],
					"upshot_mixer::audio to 3" : [ 0.0 ],
					"upshot_mixer::audio to 4" : [ 0.0 ],
					"upshot_mixer::audio to 5" : [ 0.0 ],
					"upshot_mixer::audio to 6" : [ 5.0 ],
					"upshot_mixer::audio to 7" : [ 6.0 ],
					"upshot_mixer::audio to 8" : [ 7.0 ],
					"upshot_mixer::channel 1" : [ -1.414604407282937 ],
					"upshot_mixer::channel 2" : [ -6.630639891403348 ],
					"upshot_mixer::channel 3" : [ -4.771653543307096 ],
					"upshot_mixer::channel 4" : [ -6.0 ],
					"upshot_mixer::channel 5" : [ -6.54490060881367 ],
					"upshot_mixer::channel 6" : [ 0.0 ],
					"upshot_mixer::channel 7" : [ 0.0 ],
					"upshot_mixer::channel 8" : [ 0.0 ],
					"upshot_mixer::channel_01_mute" : [ 1.0 ],
					"upshot_mixer::channel_02_mute" : [ 1.0 ],
					"upshot_mixer::channel_03_mute" : [ 1.0 ],
					"upshot_mixer::channel_04_mute" : [ 1.0 ],
					"upshot_mixer::channel_05_mute" : [ 1.0 ],
					"upshot_mixer::channel_06_mute" : [ 1.0 ],
					"upshot_mixer::channel_07_mute" : [ 1.0 ],
					"upshot_mixer::channel_08_mute" : [ 1.0 ],
					"upshot_attack_detection::sensitivity" : [ 112.000000000000199 ],
					"upshot_attack_detection::state" : [ 1.0 ],
					"upshot_1bitprobability[3]::probability-one" : [ 97.637795275590562 ],
					"upshot_1bitprobability[3]::probability-zero" : [ 2.362204724409438 ],
					"upshot_1bitprobability[5]::probability-one" : [ 30.0 ],
					"upshot_1bitprobability[5]::probability-zero" : [ 70.0 ],
					"upshot_1bitprobability[6]::probability-one" : [ 95.0 ],
					"upshot_1bitprobability[6]::probability-zero" : [ 5.0 ],
					"upshot_reversestretch::buffsize" : [ 0.0 ],
					"upshot_reversestretch::live.numbox" : [ -0.1 ],
					"upshot_reversestretch::play/stop" : [ 1.0 ],
					"upshot_reversestretch::record" : [ 1.0 ],
					"upshot_reversestretch::stretch" : [ 100.0 ],
					"upshot_reversestretch::transpose" : [ -24.0 ],
					"upshot_reversestretch::volume" : [ 0.0 ],
					"upshot_yafrverb::damping" : [ 50.0 ],
					"upshot_yafrverb::decay time" : [ 99.551181102362222 ],
					"upshot_yafrverb::diffiusion" : [ 85.314960629921245 ],
					"upshot_yafrverb::dry/wet" : [ 80.0 ],
					"upshot_yafrverb::room size" : [ 64.000000000000043 ],
					"upshot_yafrverb::volume" : [ 0.0 ],
					"upshot_1bitprobability[4]::probability-one" : [ 90.157480314960594 ],
					"upshot_1bitprobability[4]::probability-zero" : [ 9.842519685039406 ],
					"upshot_looper[1]::autoplay" : [ 1.0 ],
					"upshot_looper[1]::buffer_size" : [ 1000.0 ],
					"upshot_looper[1]::loop playback speed" : [ 1.0 ],
					"upshot_looper[1]::loop recording" : [ 0.0 ],
					"upshot_looper[1]::loop-end" : [ 526.0 ],
					"upshot_looper[1]::loop-start" : [ 174.0 ],
					"upshot_looper[1]::mode" : [ 1.0 ],
					"upshot_looper[1]::number" : [ 0.99 ],
					"upshot_looper[1]::number[1]" : [ 0.01 ],
					"upshot_looper[1]::pitchshift" : [ 0.0 ],
					"upshot_looper[1]::play" : [ 1.0 ],
					"upshot_looper[1]::random" : [ 1.0 ],
					"upshot_looper[1]::random_speed" : [ 82.362204724409395 ],
					"upshot_looper[1]::randompitch" : [ 0.0 ],
					"upshot_looper[1]::record" : [ 0.0 ],
					"upshot_looper[1]::reset-pitch" : [ 0.0 ],
					"upshot_looper[1]::reset-speed" : [ 0.0 ],
					"upshot_looper[1]::volume" : [ 0.0 ],
					"upshot_panner::panLR" : [ 127.0 ],
					"upshot_panner::pan_fadetime" : [ 20.0 ],
					"upshot_panner[1]::panLR" : [ 0.0 ],
					"upshot_panner[1]::pan_fadetime" : [ 20.0 ],
					"upshot_1bitprobability[2]::probability-one" : [ 97.244094488188935 ],
					"upshot_1bitprobability[2]::probability-zero" : [ 2.755905511811065 ],
					"upshot_easyverb::bypass" : [ 0.0 ],
					"upshot_easyverb::decay" : [ 65.999999999999957 ],
					"upshot_easyverb::volume" : [ 0.0 ]
				}

			}

		}

	}

}
