{
	"pattrstorage" : 	{
		"name" : "upshot",
		"slots" : 		{
			"1" : 			{
				"id" : 1,
				"data" : 				{
					"upshot_output::DSP state" : [ 1.0 ],
					"upshot_output::output volumes" : [ 0.0 ],
					"upshot_mixer::audio to 1" : [ 0.0 ],
					"upshot_mixer::audio to 2" : [ 0.0 ],
					"upshot_mixer::audio to 3" : [ 0.0 ],
					"upshot_mixer::audio to 4" : [ 0.0 ],
					"upshot_mixer::audio to 5" : [ 0.0 ],
					"upshot_mixer::audio to 6" : [ 0.0 ],
					"upshot_mixer::audio to 7" : [ 0.0 ],
					"upshot_mixer::audio to 8" : [ 0.0 ],
					"upshot_mixer::channel 1" : [ -2.69888136121962 ],
					"upshot_mixer::channel 2" : [ 0.0 ],
					"upshot_mixer::channel 3" : [ 4.637889031037247 ],
					"upshot_mixer::channel 4" : [ -2.014716881779563 ],
					"upshot_mixer::channel 5" : [ -0.476659138997405 ],
					"upshot_mixer::channel 6" : [ -0.816179210432537 ],
					"upshot_mixer::channel 7" : [ 0.0 ],
					"upshot_mixer::channel 8" : [ 0.0 ],
					"upshot_mixer::channel_01_mute" : [ 1.0 ],
					"upshot_mixer::channel_01_solo" : [ 0.0 ],
					"upshot_mixer::channel_01_solo[1]" : [ 0.0 ],
					"upshot_mixer::channel_02_mute" : [ 1.0 ],
					"upshot_mixer::channel_02_solo" : [ 0.0 ],
					"upshot_mixer::channel_02_solo[1]" : [ 0.0 ],
					"upshot_mixer::channel_02_solo[2]" : [ 0.0 ],
					"upshot_mixer::channel_03_mute" : [ 1.0 ],
					"upshot_mixer::channel_03_solo" : [ 0.0 ],
					"upshot_mixer::channel_03_solo[1]" : [ 0.0 ],
					"upshot_mixer::channel_03_solo[2]" : [ 0.0 ],
					"upshot_mixer::channel_04_mute" : [ 1.0 ],
					"upshot_mixer::channel_05_mute" : [ 1.0 ],
					"upshot_mixer::channel_06_mute" : [ 1.0 ],
					"upshot_mixer::channel_07_mute" : [ 1.0 ],
					"upshot_mixer::channel_08_mute" : [ 1.0 ],
					"upshot_audiofileplayer::AFP-vol" : [ 0.0 ],
					"upshot_audiofileplayer::loop state" : [ 1.0 ],
					"upshot_audiofileplayer::open file" : [ 0.0 ],
					"upshot_audiofileplayer::pause" : [ 0.0 ],
					"upshot_audiofileplayer::state" : [ 0.0 ],
					"upshot_slicer::kslider" : [ 76, 127 ],
					"upshot_slicer::midiout" : [ 1 ],
					"upshot_slicer::record" : [ 0.0 ],
					"upshot_slicer::refresh" : [ 0.0 ],
					"upshot_slicer::sliceplaytime[1]" : [ 167.165354330708652 ],
					"upshot_slicer::sliceplaytime[2]" : [ 10.0 ],
					"upshot_slicer::slicerrange" : [ 0, 127 ],
					"upshot_slicer::volume[1]" : [ -8.0 ],
					"upshot_slicer::window" : [ 1.0 ],
					"upshot_stepsequencer::fold" : [ 1.0 ],
					"upshot_stepsequencer::interval" : [ 4.0 ],
					"upshot_stepsequencer::loop-max" : [ 32.0 ],
					"upshot_stepsequencer::loop-min" : [ 1.0 ],
					"upshot_stepsequencer::mode" : [ 0.0 ],
					"upshot_stepsequencer::state" : [ 1.0 ],
					"upshot_stepsequencer::steps" : [ 32.000000000000014 ],
					"upshot_stepsequencer::stepseq" : [ 1, 32, 27, 1, 12, 0, 32, 45.669747899159638, 74.969747899159316, 0, 1, 60, 121, 4, 48, 42, 64, 121, 4, 48, 30, 18, 121, 4, 48, 5, 22, 121, 4, 48, -6, 72, 121, 4, 48, -16, 29, 123, 4, 48, -62, 39, 125, 4, 48, 10, 51, 126, 4, 48, 77, 52, 127, 4, 48, 11, 55, 127, 4, 48, 13, 58, 127, 4, 48, -18, 91, 127, 4, 48, 33, 86, 127, 4, 48, 11, 71, 127, 4, 48, -3, 67, 127, 4, 48, 6, 72, 127, 4, 48, 14, 42, 127, 4, 48, 14, 43, 127, 4, 48, -6, 48, 127, 4, 48, -74, 53, 127, 4, 48, 1, 76, 127, 4, 48, 27, 54, 127, 4, 48, -2, 76, 127, 4, 48, 41, 69, 127, 4, 48, -36, 72, 127, 4, 48, 38, 76, 127, 4, 48, 65, 57, 127, 4, 48, -59, 35, 127, 4, 48, -63, 48, 127, 4, 48, 1, 82, 127, 4, 48, -80, 101, 127, 4, 48, 93, 112, 127, 4, 48, 1, 18, 22, 29, 35, 39, 42, 43, 48, 51, 52, 53, 54, 55, 57, 58, 60, 64, 67, 69, 71, 72, 76, 82, 86, 91, 101, 112 ],
					"upshot_transport::bars" : [ 104 ],
					"upshot_transport::beats" : [ 2 ],
					"upshot_transport::bpm" : [ 120.0 ],
					"upshot_transport::click-state" : [ 0.0 ],
					"upshot_transport::live.text" : [ 0.0 ],
					"upshot_transport::location" : [ 300.0 ],
					"upshot_transport::pulse[1]" : [ 0.0 ],
					"upshot_transport::taptotempo" : [ 0.0 ],
					"upshot_transport::timesig-beats" : [ 4 ],
					"upshot_transport::timesig-unit" : [ "4" ],
					"upshot_transport::transport[1]" : [ 1.0 ],
					"upshot_transport::units" : [ 120.0 ],
					"upshot_transport::volume" : [ 0.0 ],
					"upshot_autocontrol::autoonoff" : [ 0.0 ],
					"upshot_autocontrol::custom_value" : [ 4.0 ],
					"upshot_autocontrol::destination_value" : [ 5.000000000000127 ],
					"upshot_autocontrol::initial_value" : [ 1.0 ],
					"upshot_autocontrol::interval" : [ 1000.0 ],
					"upshot_autocontrol::live.toggle" : [ 1.0 ],
					"upshot_autocontrol::probability" : [ 10.0 ],
					"upshot_autocontrol::probability-zero" : [ 90.0 ],
					"upshot_autocontrol::ramp" : [ 0.0 ],
					"upshot_autocontrol::ramp_time" : [ 50.0 ],
					"upshot_autocontrol::rslider" : [ 1, 5 ],
					"upshot_pitchshifter::detune" : [ -0.000000000000014 ],
					"upshot_pitchshifter::input_volume" : [ 0.0 ],
					"upshot_pitchshifter::semitones" : [ 3.212598425196852 ],
					"upshot_pitchshifter::state" : [ 1.0 ],
					"upshot_pitchshifter::volume" : [ 0.0 ],
					"upshot_autocontrol[1]::autoonoff" : [ 0.0 ],
					"upshot_autocontrol[1]::custom_value" : [ 73.0 ],
					"upshot_autocontrol[1]::destination_value" : [ 100.000000000000028 ],
					"upshot_autocontrol[1]::initial_value" : [ 63.999999999999957 ],
					"upshot_autocontrol[1]::interval" : [ 1000.0 ],
					"upshot_autocontrol[1]::live.toggle" : [ 1.0 ],
					"upshot_autocontrol[1]::probability" : [ 60.0 ],
					"upshot_autocontrol[1]::probability-zero" : [ 40.0 ],
					"upshot_autocontrol[1]::ramp" : [ 0.0 ],
					"upshot_autocontrol[1]::ramp_time" : [ 50.0 ],
					"upshot_autocontrol[1]::rslider" : [ 64, 100 ],
					"upshot_delay::L1" : [ 33.999999999999979 ],
					"upshot_delay::L2" : [ 83.999999999999957 ],
					"upshot_delay::R1" : [ 49.0 ],
					"upshot_delay::R2" : [ 98.999999999999943 ],
					"upshot_delay::bypass" : [ 0.0 ],
					"upshot_delay::feedback" : [ 62.999999999999986 ],
					"upshot_delay::volume" : [ 6.0 ],
					"upshot_scalequantizer::quantized note output" : [ 72 ],
					"upshot_scalequantizer::root" : [ 0 ],
					"upshot_scalequantizer::scales" : [ 2 ],
					"upshot_reversestretch::buffsize" : [ 0.0 ],
					"upshot_reversestretch::live.numbox" : [ -0.1 ],
					"upshot_reversestretch::play/stop" : [ 1.0 ],
					"upshot_reversestretch::record" : [ 1.0 ],
					"upshot_reversestretch::stretch" : [ 100.0 ],
					"upshot_reversestretch::transpose" : [ 0.0 ],
					"upshot_reversestretch::volume" : [ -5.045923101027597 ],
					"upshot_attack_detection::sensitivity" : [ 89.000000000000171 ],
					"upshot_attack_detection::state" : [ 1.0 ],
					"upshot_1bitprobability::change" : [ 0.0 ],
					"upshot_1bitprobability::probability-one" : [ 50.0 ],
					"upshot_1bitprobability::probability-zero" : [ 50.0 ],
					"upshot_yafrverb::damping" : [ 50.0 ],
					"upshot_yafrverb::decay time" : [ 79.55118110236225 ],
					"upshot_yafrverb::diffiusion" : [ 85.314960629921245 ],
					"upshot_yafrverb::dry/wet" : [ 44.0 ],
					"upshot_yafrverb::room size" : [ 64.000000000000043 ],
					"upshot_yafrverb::volume" : [ 0.0 ],
					"upshot_stutter::random" : [ 1.0 ],
					"upshot_stutter::speed" : [ 90.0 ],
					"upshot_stutter::state" : [ 1.0 ],
					"upshot_stutter::volume" : [ -3.599069456833021 ],
					"upshot_2chanpanner::panLR" : [ 81.270944741533 ],
					"upshot_2chanpanner::pan_fadetime" : [ 20.0 ],
					"upshot_bursts::ceiling" : [ 127.0 ],
					"upshot_bursts::floor" : [ 0.0 ],
					"upshot_bursts::output" : [ 81.270944741533 ],
					"upshot_bursts::probability" : [ 50.0 ],
					"upshot_bursts::smooth" : [ 0.0 ],
					"upshot_bursts::state" : [ 1.0 ]
				}

			}

		}

	}

}
