{
	"pattrstorage" : 	{
		"name" : "upshot",
		"slots" : 		{
			"1" : 			{
				"id" : 1,
				"data" : 				{
					"upshot_output::DSP state" : [ 1.0 ],
					"upshot_output::output volumes" : [ 0.0 ],
					"upshot_chordmorpher::amplification[1]" : [ 0.065 ],
					"upshot_chordmorpher::flush" : [ 0.0 ],
					"upshot_chordmorpher::glidetime[1]" : [ 5000.0 ],
					"upshot_chordmorpher::glidetime[2]" : [ 5000.0 ],
					"upshot_chordmorpher::midiout" : [ 1 ],
					"upshot_chordmorpher::morph" : [ 0.0 ],
					"upshot_chordmorpher::oscillator" : [ 3 ],
					"upshot_chordmorpher::refresh" : [ 0.0 ],
					"upshot_chordmorpher::reset" : [ 0.0 ],
					"upshot_chordmorpher::volume[1]" : [ -9.974744875904449 ],
					"upshot_chords::chords" : [ 70.0 ],
					"upshot_chords::midiout" : [ 0 ],
					"upshot_chords::refresh" : [ 0.0 ],
					"upshot_chords::refresh[1]" : [ 0.0 ],
					"upshot_scalequantizer::quantized note output" : [ 60 ],
					"upshot_scalequantizer::root" : [ 0 ],
					"upshot_scalequantizer::scales" : [ 2 ],
					"upshot_truerandom[1]::output" : [ 78 ],
					"upshot_truerandom[1]::randomhigh" : [ 127 ],
					"upshot_truerandom[1]::randomlow" : [ 0 ],
					"upshot_bitcrusher::live.numbox" : [ 0.6 ],
					"upshot_bitcrusher::sample" : [ 0.0 ],
					"upshot_bitcrusher::state" : [ 1.0 ],
					"upshot_bitcrusher::volume" : [ 0.015748031496045 ]
				}

			}

		}

	}

}
