{
	"pattrstorage" : 	{
		"name" : "upshot[1]",
		"slots" : 		{
			"1" : 			{
				"id" : 1,
				"data" : 				{
					"upshot_draw::clear" : [ 0.0 ],
					"upshot_draw::clear[1]" : [ 0.0 ],
					"upshot_draw::pensize" : [ 4.0 ],
					"upshot_draw::root" : [ 0 ],
					"upshot_draw::scales" : [ 7 ],
					"upshot_draw::swatch" : [ 205, 109, 70 ],
					"upshot_draw::swatch[1]" : [ 186, 186, 186 ],
					"upshot_draw::volume" : [ -10.13848526666127 ],
					"upshot_output::DSP state" : [ 1.0 ],
					"upshot_output::output volumes" : [ -1.0 ],
					"upshot_waveslope::output" : [ 34.914652238547575 ],
					"upshot_waveslope::output_range" : [ 0, 45 ],
					"upshot_waveslope::speed" : [ 0.01 ],
					"upshot_waveslope::waveshape" : [ 0.0 ],
					"upshot_waveslope[1]::output" : [ 45.002308234652389 ],
					"upshot_waveslope[1]::output_range" : [ 0, 95 ],
					"upshot_waveslope[1]::speed" : [ 0.047244094488189 ],
					"upshot_waveslope[1]::waveshape" : [ 0.0 ],
					"upshot_compare::change" : [ 1.0 ],
					"upshot_compare::compare" : [ 1 ],
					"upshot_compare::compare value" : [ 50.0 ],
					"upshot_waveslope[2]::output" : [ 48.249153258424613 ],
					"upshot_waveslope[2]::output_range" : [ 2, 127 ],
					"upshot_waveslope[2]::speed" : [ 0.236220472440944 ],
					"upshot_waveslope[2]::waveshape" : [ 0.0 ],
					"upshot_draw[1]::clear" : [ 0.0 ],
					"upshot_draw[1]::clear[1]" : [ 0.0 ],
					"upshot_draw[1]::pensize" : [ 9.0 ],
					"upshot_draw[1]::root" : [ 0 ],
					"upshot_draw[1]::scales" : [ 7 ],
					"upshot_draw[1]::swatch" : [ 224, 34, 219 ],
					"upshot_draw[1]::swatch[1]" : [ 255, 255, 255 ],
					"upshot_draw[1]::volume" : [ -10.13848526666127 ],
					"upshot_waveslope[5]::output" : [ 25.324300547506049 ],
					"upshot_waveslope[5]::output_range" : [ 25, 64 ],
					"upshot_waveslope[5]::speed" : [ 0.03 ],
					"upshot_waveslope[5]::waveshape" : [ 0.0 ],
					"upshot_waveslope[4]::output" : [ 13.716347020629165 ],
					"upshot_waveslope[4]::output_range" : [ 0, 88 ],
					"upshot_waveslope[4]::speed" : [ 0.023622047244094 ],
					"upshot_waveslope[4]::waveshape" : [ 0.0 ],
					"upshot_compare[1]::change" : [ 1.0 ],
					"upshot_compare[1]::compare" : [ 1 ],
					"upshot_compare[1]::compare value" : [ 50.0 ],
					"upshot_waveslope[3]::output" : [ 125.610307141482238 ],
					"upshot_waveslope[3]::output_range" : [ 1, 127 ],
					"upshot_waveslope[3]::speed" : [ 0.188976377952756 ],
					"upshot_waveslope[3]::waveshape" : [ 0.0 ],
					"upshot_draw[2]::clear" : [ 0.0 ],
					"upshot_draw[2]::clear[1]" : [ 0.0 ],
					"upshot_draw[2]::pensize" : [ 4.0 ],
					"upshot_draw[2]::root" : [ 0 ],
					"upshot_draw[2]::scales" : [ 7 ],
					"upshot_draw[2]::swatch" : [ 81, 48, 99 ],
					"upshot_draw[2]::swatch[1]" : [ 255, 255, 255 ],
					"upshot_draw[2]::volume" : [ -10.13848526666127 ],
					"upshot_waveslope[8]::output" : [ 52.342668402263378 ],
					"upshot_waveslope[8]::output_range" : [ 45, 93 ],
					"upshot_waveslope[8]::speed" : [ 0.04 ],
					"upshot_waveslope[8]::waveshape" : [ 0.0 ],
					"upshot_waveslope[7]::output" : [ 0.259907999060991 ],
					"upshot_waveslope[7]::output_range" : [ 0, 94 ],
					"upshot_waveslope[7]::speed" : [ 0.094488188976378 ],
					"upshot_waveslope[7]::waveshape" : [ 0.0 ],
					"upshot_compare[2]::change" : [ 1.0 ],
					"upshot_compare[2]::compare" : [ 1 ],
					"upshot_compare[2]::compare value" : [ 50.0 ],
					"upshot_waveslope[6]::output" : [ 46.989139710559407 ],
					"upshot_waveslope[6]::output_range" : [ 0, 127 ],
					"upshot_waveslope[6]::speed" : [ 0.236220472440945 ],
					"upshot_waveslope[6]::waveshape" : [ 0.0 ],
					"upshot_draw[3]::clear" : [ 0.0 ],
					"upshot_draw[3]::clear[1]" : [ 0.0 ],
					"upshot_draw[3]::pensize" : [ 9.0 ],
					"upshot_draw[3]::root" : [ 0 ],
					"upshot_draw[3]::scales" : [ 7 ],
					"upshot_draw[3]::swatch" : [ 105, 121, 113 ],
					"upshot_draw[3]::swatch[1]" : [ 255, 255, 255 ],
					"upshot_draw[3]::volume" : [ -10.13848526666127 ],
					"upshot_waveslope[11]::output" : [ 61.413525962911592 ],
					"upshot_waveslope[11]::output_range" : [ 58, 106 ],
					"upshot_waveslope[11]::speed" : [ 0.026377952755906 ],
					"upshot_waveslope[11]::waveshape" : [ 0.0 ],
					"upshot_waveslope[10]::output" : [ 68.351503975160327 ],
					"upshot_waveslope[10]::output_range" : [ 0, 85 ],
					"upshot_waveslope[10]::speed" : [ 0.118110236220472 ],
					"upshot_waveslope[10]::waveshape" : [ 0.0 ],
					"upshot_compare[3]::change" : [ 1.0 ],
					"upshot_compare[3]::compare" : [ 1 ],
					"upshot_compare[3]::compare value" : [ 50.0 ],
					"upshot_waveslope[9]::output" : [ 121.458909924176851 ],
					"upshot_waveslope[9]::output_range" : [ 0, 127 ],
					"upshot_waveslope[9]::speed" : [ 0.377952755905511 ],
					"upshot_waveslope[9]::waveshape" : [ 0.0 ],
					"upshot_nodes::circle width" : [ 46.999999999999964 ],
					"upshot_nodes::direction" : [ 0.0 ],
					"upshot_nodes::mode" : [ 1.0 ],
					"upshot_nodes::node size" : [ 1.0 ],
					"upshot_nodes::nodes" : [ 0.5, 0.147, 1.0, 1, 0.749609, 0.250391, 1.0, 1, 0.853, 0.5, 1.0, 1, 0.749609, 0.749609, 1.0, 1, 0.5, 0.853, 1.0, 1, 0.250391, 0.749609, 1.0, 1, 0.147, 0.5, 1.0, 1, 0.250391, 0.250391, 1.0, 1 ],
					"upshot_nodes::number of nodes" : [ 8.0 ],
					"upshot_nodes::random speed" : [ 0.03748031496063 ],
					"upshot_nodes::reset" : [ 0.0 ],
					"upshot_nodes::rotation speed" : [ 103.0 ],
					"upshot_nodes::x-axis" : [ 60.325156296336523 ],
					"upshot_nodes::y-axis" : [ 94.839597436108022 ],
					"upshot_8chanmixer::audio to 1" : [ 0.0 ],
					"upshot_8chanmixer::audio to 2" : [ 1.0 ],
					"upshot_8chanmixer::audio to 3" : [ 0.0 ],
					"upshot_8chanmixer::audio to 4" : [ 1.0 ],
					"upshot_8chanmixer::audio to 5" : [ 0.0 ],
					"upshot_8chanmixer::audio to 6" : [ 1.0 ],
					"upshot_8chanmixer::audio to 7" : [ 0.0 ],
					"upshot_8chanmixer::audio to 8" : [ 1.0 ],
					"upshot_8chanmixer::channel 1" : [ -2.512396093360863 ],
					"upshot_8chanmixer::channel 2" : [ -15.42055187533191 ],
					"upshot_8chanmixer::channel 3" : [ -29.210564557059286 ],
					"upshot_8chanmixer::channel 4" : [ -38.247388655876208 ],
					"upshot_8chanmixer::channel 5" : [ -40.82256077887326 ],
					"upshot_8chanmixer::channel 6" : [ -36.496785325595837 ],
					"upshot_8chanmixer::channel 7" : [ -26.016077659743168 ],
					"upshot_8chanmixer::channel 8" : [ -11.520998909577024 ],
					"upshot_8chanmixer::channel_01_mute" : [ 1.0 ],
					"upshot_8chanmixer::channel_01_solo" : [ 0.0 ],
					"upshot_8chanmixer::channel_01_solo[1]" : [ 0.0 ],
					"upshot_8chanmixer::channel_02_mute" : [ 1.0 ],
					"upshot_8chanmixer::channel_02_solo" : [ 0.0 ],
					"upshot_8chanmixer::channel_02_solo[1]" : [ 0.0 ],
					"upshot_8chanmixer::channel_02_solo[2]" : [ 0.0 ],
					"upshot_8chanmixer::channel_03_mute" : [ 1.0 ],
					"upshot_8chanmixer::channel_03_solo" : [ 0.0 ],
					"upshot_8chanmixer::channel_03_solo[1]" : [ 0.0 ],
					"upshot_8chanmixer::channel_03_solo[2]" : [ 0.0 ],
					"upshot_8chanmixer::channel_04_mute" : [ 1.0 ],
					"upshot_8chanmixer::channel_05_mute" : [ 1.0 ],
					"upshot_8chanmixer::channel_06_mute" : [ 1.0 ],
					"upshot_8chanmixer::channel_07_mute" : [ 1.0 ],
					"upshot_8chanmixer::channel_08_mute" : [ 1.0 ],
					"upshot_nodes[4]::circle width" : [ 51.000000000000064 ],
					"upshot_nodes[4]::direction" : [ 0.0 ],
					"upshot_nodes[4]::mode" : [ 1.0 ],
					"upshot_nodes[4]::node size" : [ 1.0 ],
					"upshot_nodes[4]::nodes" : [ 0.5, 0.147, 1.0, 1, 0.749609, 0.250391, 1.0, 1, 0.853, 0.5, 1.0, 1, 0.749609, 0.749609, 1.0, 1, 0.5, 0.853, 1.0, 1, 0.250391, 0.749609, 1.0, 1, 0.147, 0.5, 1.0, 1, 0.250391, 0.250391, 1.0, 1 ],
					"upshot_nodes[4]::number of nodes" : [ 8.0 ],
					"upshot_nodes[4]::random speed" : [ 0.03748031496063 ],
					"upshot_nodes[4]::reset" : [ 0.0 ],
					"upshot_nodes[4]::rotation speed" : [ 101.0 ],
					"upshot_nodes[4]::x-axis" : [ 35.791718264276291 ],
					"upshot_nodes[4]::y-axis" : [ 45.393064222410246 ],
					"upshot_8chanmixer[1]::audio to 1" : [ 0.0 ],
					"upshot_8chanmixer[1]::audio to 2" : [ 1.0 ],
					"upshot_8chanmixer[1]::audio to 3" : [ 0.0 ],
					"upshot_8chanmixer[1]::audio to 4" : [ 1.0 ],
					"upshot_8chanmixer[1]::audio to 5" : [ 0.0 ],
					"upshot_8chanmixer[1]::audio to 6" : [ 1.0 ],
					"upshot_8chanmixer[1]::audio to 7" : [ 0.0 ],
					"upshot_8chanmixer[1]::audio to 8" : [ 1.0 ],
					"upshot_8chanmixer[1]::channel 1" : [ -36.234994845628151 ],
					"upshot_8chanmixer[1]::channel 2" : [ -41.613874940071 ],
					"upshot_8chanmixer[1]::channel 3" : [ -39.918674942803037 ],
					"upshot_8chanmixer[1]::channel 4" : [ -31.430144390614238 ],
					"upshot_8chanmixer[1]::channel 5" : [ -17.643072753863819 ],
					"upshot_8chanmixer[1]::channel 6" : [ -2.701282236430885 ],
					"upshot_8chanmixer[1]::channel 7" : [ -9.305716917280485 ],
					"upshot_8chanmixer[1]::channel 8" : [ -24.688396671454171 ],
					"upshot_8chanmixer[1]::channel_01_mute" : [ 1.0 ],
					"upshot_8chanmixer[1]::channel_01_solo" : [ 0.0 ],
					"upshot_8chanmixer[1]::channel_01_solo[1]" : [ 0.0 ],
					"upshot_8chanmixer[1]::channel_02_mute" : [ 1.0 ],
					"upshot_8chanmixer[1]::channel_02_solo" : [ 0.0 ],
					"upshot_8chanmixer[1]::channel_02_solo[1]" : [ 0.0 ],
					"upshot_8chanmixer[1]::channel_02_solo[2]" : [ 0.0 ],
					"upshot_8chanmixer[1]::channel_03_mute" : [ 1.0 ],
					"upshot_8chanmixer[1]::channel_03_solo" : [ 0.0 ],
					"upshot_8chanmixer[1]::channel_03_solo[1]" : [ 0.0 ],
					"upshot_8chanmixer[1]::channel_03_solo[2]" : [ 0.0 ],
					"upshot_8chanmixer[1]::channel_04_mute" : [ 1.0 ],
					"upshot_8chanmixer[1]::channel_05_mute" : [ 1.0 ],
					"upshot_8chanmixer[1]::channel_06_mute" : [ 1.0 ],
					"upshot_8chanmixer[1]::channel_07_mute" : [ 1.0 ],
					"upshot_8chanmixer[1]::channel_08_mute" : [ 1.0 ],
					"upshot_nodes[1]::circle width" : [ 127.0 ],
					"upshot_nodes[1]::direction" : [ 0.0 ],
					"upshot_nodes[1]::mode" : [ 1.0 ],
					"upshot_nodes[1]::node size" : [ 1.0 ],
					"upshot_nodes[1]::nodes" : [ 0.5, 0.147, 1.0, 1, 0.749609, 0.250391, 1.0, 1, 0.853, 0.5, 1.0, 1, 0.749609, 0.749609, 1.0, 1, 0.5, 0.853, 1.0, 1, 0.250391, 0.749609, 1.0, 1, 0.147, 0.5, 1.0, 1, 0.250391, 0.250391, 1.0, 1 ],
					"upshot_nodes[1]::number of nodes" : [ 8.0 ],
					"upshot_nodes[1]::random speed" : [ 0.03748031496063 ],
					"upshot_nodes[1]::reset" : [ 0.0 ],
					"upshot_nodes[1]::rotation speed" : [ 100.0 ],
					"upshot_nodes[1]::x-axis" : [ 70.496281239711323 ],
					"upshot_nodes[1]::y-axis" : [ 0.38659374732763 ],
					"upshot_8chanmixer[2]::audio to 1" : [ 0.0 ],
					"upshot_8chanmixer[2]::audio to 2" : [ 1.0 ],
					"upshot_8chanmixer[2]::audio to 3" : [ 0.0 ],
					"upshot_8chanmixer[2]::audio to 4" : [ 1.0 ],
					"upshot_8chanmixer[2]::audio to 5" : [ 0.0 ],
					"upshot_8chanmixer[2]::audio to 6" : [ 1.0 ],
					"upshot_8chanmixer[2]::audio to 7" : [ 0.0 ],
					"upshot_8chanmixer[2]::audio to 8" : [ 1.0 ],
					"upshot_8chanmixer[2]::channel 1" : [ -60.435668554188247 ],
					"upshot_8chanmixer[2]::channel 2" : [ -54.176245711137391 ],
					"upshot_8chanmixer[2]::channel 3" : [ -39.194002809057125 ],
					"upshot_8chanmixer[2]::channel 4" : [ -18.544434032600833 ],
					"upshot_8chanmixer[2]::channel 5" : [ -6.022655936108407 ],
					"upshot_8chanmixer[2]::channel 6" : [ -24.611525356062153 ],
					"upshot_8chanmixer[2]::channel 7" : [ -44.157197111630317 ],
					"upshot_8chanmixer[2]::channel 8" : [ -56.895284326659365 ],
					"upshot_8chanmixer[2]::channel_01_mute" : [ 1.0 ],
					"upshot_8chanmixer[2]::channel_01_solo" : [ 0.0 ],
					"upshot_8chanmixer[2]::channel_01_solo[1]" : [ 0.0 ],
					"upshot_8chanmixer[2]::channel_02_mute" : [ 1.0 ],
					"upshot_8chanmixer[2]::channel_02_solo" : [ 0.0 ],
					"upshot_8chanmixer[2]::channel_02_solo[1]" : [ 0.0 ],
					"upshot_8chanmixer[2]::channel_02_solo[2]" : [ 0.0 ],
					"upshot_8chanmixer[2]::channel_03_mute" : [ 1.0 ],
					"upshot_8chanmixer[2]::channel_03_solo" : [ 0.0 ],
					"upshot_8chanmixer[2]::channel_03_solo[1]" : [ 0.0 ],
					"upshot_8chanmixer[2]::channel_03_solo[2]" : [ 0.0 ],
					"upshot_8chanmixer[2]::channel_04_mute" : [ 1.0 ],
					"upshot_8chanmixer[2]::channel_05_mute" : [ 1.0 ],
					"upshot_8chanmixer[2]::channel_06_mute" : [ 1.0 ],
					"upshot_8chanmixer[2]::channel_07_mute" : [ 1.0 ],
					"upshot_8chanmixer[2]::channel_08_mute" : [ 1.0 ],
					"upshot_nodes[2]::circle width" : [ 127.0 ],
					"upshot_nodes[2]::direction" : [ 0.0 ],
					"upshot_nodes[2]::mode" : [ 1.0 ],
					"upshot_nodes[2]::node size" : [ 1.0 ],
					"upshot_nodes[2]::nodes" : [ 0.5, 0.147, 1.0, 1, 0.749609, 0.250391, 1.0, 1, 0.853, 0.5, 1.0, 1, 0.749609, 0.749609, 1.0, 1, 0.5, 0.853, 1.0, 1, 0.250391, 0.749609, 1.0, 1, 0.147, 0.5, 1.0, 1, 0.250391, 0.250391, 1.0, 1 ],
					"upshot_nodes[2]::number of nodes" : [ 8.0 ],
					"upshot_nodes[2]::random speed" : [ 0.03748031496063 ],
					"upshot_nodes[2]::reset" : [ 0.0 ],
					"upshot_nodes[2]::rotation speed" : [ 103.0 ],
					"upshot_nodes[2]::x-axis" : [ 57.099918248170454 ],
					"upshot_nodes[2]::y-axis" : [ 126.676648799773304 ],
					"upshot_8chanmixer[3]::audio to 1" : [ 0.0 ],
					"upshot_8chanmixer[3]::audio to 2" : [ 1.0 ],
					"upshot_8chanmixer[3]::audio to 3" : [ 0.0 ],
					"upshot_8chanmixer[3]::audio to 4" : [ 1.0 ],
					"upshot_8chanmixer[3]::audio to 5" : [ 0.0 ],
					"upshot_8chanmixer[3]::audio to 6" : [ 1.0 ],
					"upshot_8chanmixer[3]::audio to 7" : [ 0.0 ],
					"upshot_8chanmixer[3]::audio to 8" : [ 1.0 ],
					"upshot_8chanmixer[3]::channel 1" : [ -5.93336964765389 ],
					"upshot_8chanmixer[3]::channel 2" : [ -24.352837340473954 ],
					"upshot_8chanmixer[3]::channel 3" : [ -43.955782303146592 ],
					"upshot_8chanmixer[3]::channel 4" : [ -56.793876840917513 ],
					"upshot_8chanmixer[3]::channel 5" : [ -60.451764467562882 ],
					"upshot_8chanmixer[3]::channel 6" : [ -54.307141350711902 ],
					"upshot_8chanmixer[3]::channel 7" : [ -39.41654023019175 ],
					"upshot_8chanmixer[3]::channel 8" : [ -18.802722910997069 ],
					"upshot_8chanmixer[3]::channel_01_mute" : [ 1.0 ],
					"upshot_8chanmixer[3]::channel_01_solo" : [ 0.0 ],
					"upshot_8chanmixer[3]::channel_01_solo[1]" : [ 0.0 ],
					"upshot_8chanmixer[3]::channel_02_mute" : [ 1.0 ],
					"upshot_8chanmixer[3]::channel_02_solo" : [ 0.0 ],
					"upshot_8chanmixer[3]::channel_02_solo[1]" : [ 0.0 ],
					"upshot_8chanmixer[3]::channel_02_solo[2]" : [ 0.0 ],
					"upshot_8chanmixer[3]::channel_03_mute" : [ 1.0 ],
					"upshot_8chanmixer[3]::channel_03_solo" : [ 0.0 ],
					"upshot_8chanmixer[3]::channel_03_solo[1]" : [ 0.0 ],
					"upshot_8chanmixer[3]::channel_03_solo[2]" : [ 0.0 ],
					"upshot_8chanmixer[3]::channel_04_mute" : [ 1.0 ],
					"upshot_8chanmixer[3]::channel_05_mute" : [ 1.0 ],
					"upshot_8chanmixer[3]::channel_06_mute" : [ 1.0 ],
					"upshot_8chanmixer[3]::channel_07_mute" : [ 1.0 ],
					"upshot_8chanmixer[3]::channel_08_mute" : [ 1.0 ]
				}

			}

		}

	}

}
