{
	"pattrstorage" : 	{
		"name" : "upshot",
		"slots" : 		{
			"1" : 			{
				"id" : 1,
				"data" : 				{
					"upshot_audiofileplayer::AFP-vol" : [ 1.7 ],
					"upshot_audiofileplayer::loop state" : [ 0.0 ],
					"upshot_audiofileplayer::open file" : [ 0.0 ],
					"upshot_audiofileplayer::pause" : [ 0.0 ],
					"upshot_audiofileplayer::state" : [ 0.0 ],
					"upshot_yafrverb::damping" : [ 50.0 ],
					"upshot_yafrverb::decay time" : [ 99.551181102362222 ],
					"upshot_yafrverb::diffiusion" : [ 85.314960629921245 ],
					"upshot_yafrverb::dry/wet" : [ 50.0 ],
					"upshot_yafrverb::room size" : [ 64.000000000000043 ],
					"upshot_yafrverb::volume" : [ 0.0 ],
					"upshot_mixer::audio to 1" : [ 0.0 ],
					"upshot_mixer::audio to 2" : [ 0.0 ],
					"upshot_mixer::audio to 3" : [ 0.0 ],
					"upshot_mixer::audio to 4" : [ 0.0 ],
					"upshot_mixer::audio to 5" : [ 0.0 ],
					"upshot_mixer::audio to 6" : [ 0.0 ],
					"upshot_mixer::audio to 7" : [ 0.0 ],
					"upshot_mixer::audio to 8" : [ 0.0 ],
					"upshot_mixer::channel 1" : [ 1.6 ],
					"upshot_mixer::channel 2" : [ -2.613142078629963 ],
					"upshot_mixer::channel 3" : [ -2.613142078629963 ],
					"upshot_mixer::channel 4" : [ -2.527402796040263 ],
					"upshot_mixer::channel 5" : [ -1.416291684929178 ],
					"upshot_mixer::channel 6" : [ 0.0 ],
					"upshot_mixer::channel 7" : [ 0.0 ],
					"upshot_mixer::channel 8" : [ 0.0 ],
					"upshot_mixer::channel_01_mute" : [ 1.0 ],
					"upshot_mixer::channel_01_solo" : [ 0.0 ],
					"upshot_mixer::channel_01_solo[1]" : [ 0.0 ],
					"upshot_mixer::channel_02_mute" : [ 1.0 ],
					"upshot_mixer::channel_02_solo" : [ 0.0 ],
					"upshot_mixer::channel_02_solo[1]" : [ 0.0 ],
					"upshot_mixer::channel_02_solo[2]" : [ 0.0 ],
					"upshot_mixer::channel_03_mute" : [ 1.0 ],
					"upshot_mixer::channel_03_solo" : [ 0.0 ],
					"upshot_mixer::channel_03_solo[1]" : [ 0.0 ],
					"upshot_mixer::channel_03_solo[2]" : [ 0.0 ],
					"upshot_mixer::channel_04_mute" : [ 1.0 ],
					"upshot_mixer::channel_05_mute" : [ 1.0 ],
					"upshot_mixer::channel_06_mute" : [ 1.0 ],
					"upshot_mixer::channel_07_mute" : [ 1.0 ],
					"upshot_mixer::channel_08_mute" : [ 1.0 ],
					"upshot_output::DSP state" : [ 1.0 ],
					"upshot_output::output volumes" : [ -4.026357477361515 ],
					"upshot_freeze::state" : [ 0.0 ],
					"upshot_freeze::volume" : [ -1.13883570620888 ],
					"upshot_pitch_detection::state" : [ 1.0 ],
					"upshot_compare::change" : [ 1.0 ],
					"upshot_compare::compare" : [ 1 ],
					"upshot_compare::compare value" : [ 61.999999999999986 ],
					"upshot_compare[1]::change" : [ 1.0 ],
					"upshot_compare[1]::compare" : [ 1 ],
					"upshot_compare[1]::compare value" : [ 52.999999999999986 ],
					"upshot_freeze[1]::state" : [ 0.0 ],
					"upshot_freeze[1]::volume" : [ -4.271450708281009 ],
					"upshot_easyverb::bypass" : [ 0.0 ],
					"upshot_easyverb::decay" : [ 78.999999999999972 ],
					"upshot_easyverb::volume" : [ 0.0 ],
					"upshot_compare[2]::change" : [ 1.0 ],
					"upshot_compare[2]::compare" : [ 1 ],
					"upshot_compare[2]::compare value" : [ 56.999999999999986 ],
					"upshot_endlessreverb::fade" : [ 1000.0 ],
					"upshot_endlessreverb::grab" : [ 0.0 ],
					"upshot_endlessreverb::volume" : [ 0.598425196850386 ],
					"upshot_compare[3]::change" : [ 1.0 ],
					"upshot_compare[3]::compare" : [ 1 ],
					"upshot_compare[3]::compare value" : [ 71.999999999999943 ],
					"upshot_endlessreverb[1]::fade" : [ 1000.0 ],
					"upshot_endlessreverb[1]::grab" : [ 0.0 ],
					"upshot_endlessreverb[1]::volume" : [ -1.248202670318364 ],
					"upshot_compare[4]::change" : [ 1.0 ],
					"upshot_compare[4]::compare" : [ 1 ],
					"upshot_compare[4]::compare value" : [ 63.999999999999972 ],
					"upshot_endlessreverb[2]::fade" : [ 1000.0 ],
					"upshot_endlessreverb[2]::grab" : [ 0.0 ],
					"upshot_endlessreverb[2]::volume" : [ 0.905511811023544 ],
					"upshot_compare[5]::change" : [ 1.0 ],
					"upshot_compare[5]::compare" : [ 1 ],
					"upshot_compare[5]::compare value" : [ 58.999999999999979 ],
					"upshot_endlessreverb[3]::fade" : [ 1000.0 ],
					"upshot_endlessreverb[3]::grab" : [ 0.0 ],
					"upshot_endlessreverb[3]::volume" : [ 0.495720643615186 ],
					"upshot_ringmodulator::frequency" : [ 42.999999999999964 ],
					"upshot_ringmodulator::state" : [ 0.0 ],
					"upshot_ringmodulator::volume" : [ -10.201987664896905 ],
					"upshot_compare[6]::change" : [ 1.0 ],
					"upshot_compare[6]::compare" : [ 1 ],
					"upshot_compare[6]::compare value" : [ 67.999999999999972 ],
					"upshot_yafrverb[1]::damping" : [ 50.0 ],
					"upshot_yafrverb[1]::decay time" : [ 23.551181102362278 ],
					"upshot_yafrverb[1]::diffiusion" : [ 85.314960629921245 ],
					"upshot_yafrverb[1]::dry/wet" : [ 50.0 ],
					"upshot_yafrverb[1]::room size" : [ 29.000000000000082 ],
					"upshot_yafrverb[1]::volume" : [ 0.0 ],
					"upshot_compare[7]::change" : [ 1.0 ],
					"upshot_compare[7]::compare" : [ 1 ],
					"upshot_compare[7]::compare value" : [ 53.999999999999986 ],
					"upshot_compare[9]::change" : [ 1.0 ],
					"upshot_compare[9]::compare" : [ 1 ],
					"upshot_compare[9]::compare value" : [ 54.999999999999986 ]
				}

			}

		}

	}

}
